,RecordKey,Website.ID,Website.RecordKey,SiteName,Site.section,ViceCounty,established,GridReference,Projection,Precision,lat,long,transect.OS1936.lat,Transect.OS1936.long,transect_length,section_length,section_grid_ref,H1,H2,H3,H4,habitat_description,L1,L2,land_use_description,Recorder,start_time,end_time,sunshine,wind_speed,temperature,TaxonVersionKey,species,latin,queens,workers,males,unknown,Comment,transect_comment,flower_visited,StartDate,EndDate,DateType,Year,Month,Day,Sensitive,Week,TotalCount,Year_Bin,site_count
421,2968,,,Cliffe Pools,Cliffe Pools - S2,West Kent,2009.0,TQ720770,OSGB,100,51.46577835,0.474812508,51.46530914,0.47644034,5941.0,1621.0,TQ725777,19. Seasonally wet and wet marshy grasslands,22. Dry scrub/shrub thickets,,,Rank grass to path edges beyond which is sheep grazed fresh marsh on one side and heavily grazed shrubby grassland. (This area used to be rank grass and shrub but is now heavily cattle grazed with a much reduced surcud height). 50% of scrub now removed.,,,,"Larkin, Paul",10:00:00,13:00:00,Sunny/Cloudy,4. Dust raised and small branches move,20.0,NHMSYS0000875593,Shrill Carder,Bombus sylvarum,0,3,0,0,,,,28/07/2009,28/07/2009,D,2009,7,28,False,31,3,2009-2010,26
4557,3001,,,Cliffe Pools,Cliffe Pools - S1,West Kent,2009.0,TQ720770,OSGB,100,51.46577835,0.474812508,51.46530914,0.47644034,5941.0,1398.0,TQ730766,22. Dry scrub/shrub thickets,19. Seasonally wet and wet marshy grasslands,25. Hedgerows,,"Mature Scrub (Hawthorn, Elder, Elm) bordered by rank grass and bramble.",,,,"Larkin, Paul",11:20:00,14:45:00,Sunny,3. Leaves and twigs in slight motion,20.0,NHMSYS0000875593,Shrill Carder,Bombus sylvarum,0,4,0,0,,,,22/09/2010,22/09/2010,D,2010,9,22,False,39,4,2009-2010,26
4559,3003,,,Cliffe Pools,Cliffe Pools - S2,West Kent,2009.0,TQ720770,OSGB,100,51.46577835,0.474812508,51.46530914,0.47644034,5941.0,1621.0,TQ725777,19. Seasonally wet and wet marshy grasslands,22. Dry scrub/shrub thickets,,,Rank grass to path edges beyond which is sheep grazed fresh marsh on one side and heavily grazed shrubby grassland. (This area used to be rank grass and shrub but is now heavily cattle grazed with a much reduced surcud height). 50% of scrub now removed.,,,,"Larkin, Paul",11:20:00,14:45:00,Sunny,3. Leaves and twigs in slight motion,20.0,NHMSYS0000875593,Shrill Carder,Bombus sylvarum,0,0,1,0,,,,22/09/2010,22/09/2010,D,2010,9,22,False,39,1,2009-2010,26
4562,3005,,,Cliffe Pools,Cliffe Pools - S4,West Kent,2009.0,TQ720770,OSGB,100,51.46577835,0.474812508,51.46530914,0.47644034,5941.0,1599.0,TQ716768,22. Dry scrub/shrub thickets,25. Hedgerows,21. Stands of tall herbs (e.g. nettle and willow-herb beds),,Mature but often scrub similar to S1 but with rank vegetation and brambles. Intertwined also some larger trees.,,,,"Larkin, Paul",11:20:00,14:45:00,Sunny,3. Leaves and twigs in slight motion,20.0,NHMSYS0000875593,Shrill Carder,Bombus sylvarum,0,3,0,0,,,,22/09/2010,22/09/2010,D,2010,9,22,False,39,3,2009-2010,26
4563,3006,,,Cliffe Pools,Cliffe Pools - S4,West Kent,2009.0,TQ720770,OSGB,100,51.46577835,0.474812508,51.46530914,0.47644034,5941.0,1599.0,TQ716768,22. Dry scrub/shrub thickets,25. Hedgerows,21. Stands of tall herbs (e.g. nettle and willow-herb beds),,Mature but often scrub similar to S1 but with rank vegetation and brambles. Intertwined also some larger trees.,,,,"Larkin, Paul",11:20:00,14:45:00,Sunny,3. Leaves and twigs in slight motion,20.0,NHMSYS0000875593,Shrill Carder,Bombus sylvarum,0,0,1,0,,,,22/09/2010,22/09/2010,D,2010,9,22,False,39,1,2009-2010,26
5615,3016,,,Cliffe Pools,Cliffe Pools - S1,West Kent,2009.0,TQ720770,OSGB,100,51.46577835,0.474812508,51.46530914,0.47644034,5941.0,1398.0,TQ730766,22. Dry scrub/shrub thickets,19. Seasonally wet and wet marshy grasslands,25. Hedgerows,,"Mature Scrub (Hawthorn, Elder, Elm) bordered by rank grass and bramble.",,,,"Larkin, Paul",11:10:00,14:30:00,Sunny,4. Dust raised and small branches move,21.0,NHMSYS0000875593,Shrill Carder,Bombus sylvarum,1,0,0,0,,,,25/05/2011,25/05/2011,D,2011,5,25,False,22,1,2011-2012,26
5618,3019,,,Cliffe Pools,Cliffe Pools - S2,West Kent,2009.0,TQ720770,OSGB,100,51.46577835,0.474812508,51.46530914,0.47644034,5941.0,1621.0,TQ725777,19. Seasonally wet and wet marshy grasslands,22. Dry scrub/shrub thickets,,,Rank grass to path edges beyond which is sheep grazed fresh marsh on one side and heavily grazed shrubby grassland. (This area used to be rank grass and shrub but is now heavily cattle grazed with a much reduced surcud height). 50% of scrub now removed.,,,,"Larkin, Paul",11:10:00,14:30:00,Sunny,4. Dust raised and small branches move,21.0,NHMSYS0000875593,Shrill Carder,Bombus sylvarum,3,0,0,0,,,,25/05/2011,25/05/2011,D,2011,5,25,False,22,3,2011-2012,26
5619,3020,,,Cliffe Pools,Cliffe Pools - S2,West Kent,2009.0,TQ720770,OSGB,100,51.46577835,0.474812508,51.46530914,0.47644034,5941.0,1621.0,TQ725777,19. Seasonally wet and wet marshy grasslands,22. Dry scrub/shrub thickets,,,Rank grass to path edges beyond which is sheep grazed fresh marsh on one side and heavily grazed shrubby grassland. (This area used to be rank grass and shrub but is now heavily cattle grazed with a much reduced surcud height). 50% of scrub now removed.,,,,"Larkin, Paul",11:10:00,14:30:00,Sunny,4. Dust raised and small branches move,21.0,NHMSYS0000875593,Shrill Carder,Bombus sylvarum,0,1,0,0,,,,25/05/2011,25/05/2011,D,2011,5,25,False,22,1,2011-2012,26
6217,2948,,,Cliffe Pools,Cliffe Pools - S2,West Kent,2009.0,TQ720770,OSGB,100,51.46577835,0.474812508,51.46530914,0.47644034,5941.0,1621.0,TQ725777,19. Seasonally wet and wet marshy grasslands,22. Dry scrub/shrub thickets,,,Rank grass to path edges beyond which is sheep grazed fresh marsh on one side and heavily grazed shrubby grassland. (This area used to be rank grass and shrub but is now heavily cattle grazed with a much reduced surcud height). 50% of scrub now removed.,,,,"Larkin, Paul",12:15:00,15:20:00,Cloudy,3. Leaves and twigs in slight motion,20.0,NHMSYS0000875593,Shrill Carder,Bombus sylvarum,1,0,0,0,,,,20/06/2011,20/06/2011,D,2011,6,20,False,26,1,2011-2012,26
7164,2935,,,Cliffe Pools,Cliffe Pools - S4,West Kent,2009.0,TQ720770,OSGB,100,51.46577835,0.474812508,51.46530914,0.47644034,5941.0,1599.0,TQ716768,22. Dry scrub/shrub thickets,25. Hedgerows,21. Stands of tall herbs (e.g. nettle and willow-herb beds),,Mature but often scrub similar to S1 but with rank vegetation and brambles. Intertwined also some larger trees.,,,,"Larkin, Paul",11:15:00,14:00:00,Sunny/Cloudy,3. Leaves and twigs in slight motion,19.0,NHMSYS0000875593,Shrill Carder,Bombus sylvarum,0,1,0,0,,,,28/07/2011,28/07/2011,D,2011,7,28,False,31,1,2011-2012,26
7727,3033,,,Cliffe Pools,Cliffe Pools - S1,West Kent,2009.0,TQ720770,OSGB,100,51.46577835,0.474812508,51.46530914,0.47644034,5941.0,1398.0,TQ730766,22. Dry scrub/shrub thickets,19. Seasonally wet and wet marshy grasslands,25. Hedgerows,,"Mature Scrub (Hawthorn, Elder, Elm) bordered by rank grass and bramble.",,,,"Larkin, Paul",11:00:00,13:00:00,Sunny/Cloudy,3. Leaves and twigs in slight motion,22.0,NHMSYS0000875593,Shrill Carder,Bombus sylvarum,0,1,0,0,,,,20/08/2011,20/08/2011,D,2011,8,20,False,34,1,2011-2012,26
7734,3040,,,Cliffe Pools,Cliffe Pools - S2,West Kent,2009.0,TQ720770,OSGB,100,51.46577835,0.474812508,51.46530914,0.47644034,5941.0,1621.0,TQ725777,19. Seasonally wet and wet marshy grasslands,22. Dry scrub/shrub thickets,,,Rank grass to path edges beyond which is sheep grazed fresh marsh on one side and heavily grazed shrubby grassland. (This area used to be rank grass and shrub but is now heavily cattle grazed with a much reduced surcud height). 50% of scrub now removed.,,,,"Larkin, Paul",11:00:00,13:00:00,Sunny/Cloudy,3. Leaves and twigs in slight motion,22.0,NHMSYS0000875593,Shrill Carder,Bombus sylvarum,0,1,0,0,,,,20/08/2011,20/08/2011,D,2011,8,20,False,34,1,2011-2012,26
12880,10262,,,Cliffe Pools,Cliffe Pools - S1,West Kent,2009.0,TQ720770,OSGB,100,51.46577835,0.474812508,51.46530914,0.47644034,5941.0,1398.0,TQ730766,22. Dry scrub/shrub thickets,19. Seasonally wet and wet marshy grasslands,25. Hedgerows,,"Mature Scrub (Hawthorn, Elder, Elm) bordered by rank grass and bramble.",,,,Paul & Anthea Larkin,11:40:00,15:15:00,Sunny/Cloudy,Breezy,15.0,NHMSYS0000875593,Shrill Carder,Bombus sylvarum,0,2,0,0,,,Lamium album,16/05/2013,16/05/2013,D,2013,5,16,False,20,2,2013-2014,26
12884,10282,,,Cliffe Pools,Cliffe Pools - S2,West Kent,2009.0,TQ720770,OSGB,100,51.46577835,0.474812508,51.46530914,0.47644034,5941.0,1621.0,TQ725777,19. Seasonally wet and wet marshy grasslands,22. Dry scrub/shrub thickets,,,Rank grass to path edges beyond which is sheep grazed fresh marsh on one side and heavily grazed shrubby grassland. (This area used to be rank grass and shrub but is now heavily cattle grazed with a much reduced surcud height). 50% of scrub now removed.,,,,Paul & Anthea Larkin,11:40:00,15:15:00,Sunny/Cloudy,Breezy,15.0,NHMSYS0000875593,Shrill Carder,Bombus sylvarum,1,0,0,0,,,Lamium album,16/05/2013,16/05/2013,D,2013,5,16,False,20,1,2013-2014,26
13981,10278,,,Cliffe Pools,Cliffe Pools - S1,West Kent,2009.0,TQ720770,OSGB,100,51.46577835,0.474812508,51.46530914,0.47644034,5941.0,1398.0,TQ730766,22. Dry scrub/shrub thickets,19. Seasonally wet and wet marshy grasslands,25. Hedgerows,,"Mature Scrub (Hawthorn, Elder, Elm) bordered by rank grass and bramble.",,,,Paul & Anthea Larkin,11:30:00,14:15:00,Sunny/Cloudy,light,23.0,NHMSYS0000875593,Shrill Carder,Bombus sylvarum,1,0,0,0,,,,19/06/2013,19/06/2013,D,2013,6,19,False,25,1,2013-2014,26
13985,10293,,,Cliffe Pools,Cliffe Pools - S2,West Kent,2009.0,TQ720770,OSGB,100,51.46577835,0.474812508,51.46530914,0.47644034,5941.0,1621.0,TQ725777,19. Seasonally wet and wet marshy grasslands,22. Dry scrub/shrub thickets,,,Rank grass to path edges beyond which is sheep grazed fresh marsh on one side and heavily grazed shrubby grassland. (This area used to be rank grass and shrub but is now heavily cattle grazed with a much reduced surcud height). 50% of scrub now removed.,,,,Paul & Anthea Larkin,11:30:00,14:15:00,Sunny/Cloudy,light,23.0,NHMSYS0000875593,Shrill Carder,Bombus sylvarum,2,0,0,0,,,,19/06/2013,19/06/2013,D,2013,6,19,False,25,2,2013-2014,26
13992,10323,,,Cliffe Pools,Cliffe Pools - S4,West Kent,2009.0,TQ720770,OSGB,100,51.46577835,0.474812508,51.46530914,0.47644034,5941.0,1599.0,TQ716768,22. Dry scrub/shrub thickets,25. Hedgerows,21. Stands of tall herbs (e.g. nettle and willow-herb beds),,Mature but often scrub similar to S1 but with rank vegetation and brambles. Intertwined also some larger trees.,,,,Paul & Anthea Larkin,11:30:00,14:15:00,Sunny/Cloudy,light,23.0,NHMSYS0000875593,Shrill Carder,Bombus sylvarum,1,0,0,0,,,,19/06/2013,19/06/2013,D,2013,6,19,False,25,1,2013-2014,26
14908,12662,,,Lytes Cary,Lytes Cary - S2,North Somerset,2013.0,ST535267,OSGB,100,51.03770447,-2.664609194,51.03723526,-2.663276672,1940.0,,,,,,,,,,,John Butler,13:50:00,15:30:00,Sunny,Breezy,21.0,NHMSYS0000875593,Shrill Carder,Bombus sylvarum,0,1,0,0,,,,29/06/2013,29/06/2013,D,2013,6,29,False,26,1,2013-2014,12
19111,10286,,,Cliffe Pools,Cliffe Pools - S2,West Kent,2009.0,TQ720770,OSGB,100,51.46577835,0.474812508,51.46530914,0.47644034,5941.0,1621.0,TQ725777,19. Seasonally wet and wet marshy grasslands,22. Dry scrub/shrub thickets,,,Rank grass to path edges beyond which is sheep grazed fresh marsh on one side and heavily grazed shrubby grassland. (This area used to be rank grass and shrub but is now heavily cattle grazed with a much reduced surcud height). 50% of scrub now removed.,,,,Paul & Anthea Larkin,11:00:00,14:40:00,Sunny,Light,23.0,NHMSYS0000875593,Shrill Carder,Bombus sylvarum,0,2,0,0,,,,20/08/2013,20/08/2013,D,2013,8,20,False,34,2,2013-2014,26
20258,10267,,,Cliffe Pools,Cliffe Pools - S1,West Kent,2009.0,TQ720770,OSGB,100,51.46577835,0.474812508,51.46530914,0.47644034,5941.0,1398.0,TQ730766,22. Dry scrub/shrub thickets,19. Seasonally wet and wet marshy grasslands,25. Hedgerows,,"Mature Scrub (Hawthorn, Elder, Elm) bordered by rank grass and bramble.",,,,Paul & Anthea Larkin,12:45:00,16:25:00,Sunny,Light,21.0,NHMSYS0000875593,Shrill Carder,Bombus sylvarum,0,1,0,0,,,,24/09/2013,24/09/2013,D,2013,9,24,False,39,1,2013-2014,26
20263,10311,,,Cliffe Pools,Cliffe Pools - S4,West Kent,2009.0,TQ720770,OSGB,100,51.46577835,0.474812508,51.46530914,0.47644034,5941.0,1599.0,TQ716768,22. Dry scrub/shrub thickets,25. Hedgerows,21. Stands of tall herbs (e.g. nettle and willow-herb beds),,Mature but often scrub similar to S1 but with rank vegetation and brambles. Intertwined also some larger trees.,,,,Paul & Anthea Larkin,12:45:00,16:25:00,Sunny,Light,21.0,NHMSYS0000875593,Shrill Carder,Bombus sylvarum,0,2,0,0,,,,24/09/2013,24/09/2013,D,2013,9,24,False,39,2,2013-2014,26
26183,30357,,,Crossness,Crossness - S9,West Kent,2014.0,TQ489800,OSGB,100,51.49928,0.14379,51.49882126,0.14540717,2644.0,,,,,,,,,,,E Petchey,,,,,,NHMSYS0000875593,Shrill Carder,Bombus sylvarum,0,0,0,1,,,,13/06/2014,13/06/2014,D,2014,6,13,False,24,1,2013-2014,2
29306,22947,1169153,iBRC1169153,Lytes Cary,Lytes Cary - S2,North Somerset,2013.0,ST535267,OSGB,100,51.03770447,-2.664609194,51.03723526,-2.663276672,1940.0,576.0,ST532267,38. Bare ground/weeds of arable field margins or fallow/recently abandoned arable crops,,,,,L1 - Agriculture,,,"Butler, John",13:15,15:00,Sunny,3. Leaves and twigs in slight motion,27.0,NHMSYS0000875593,Shrill Carder,Bombus sylvarum,0,1,0,0,,,,17/07/2014,17/07/2014,D,2014,7,17,False,29,1,2013-2014,12
29399,22496,1224194,iBRC1224194,"Riverside Country Park, Rainham","Riverside Country Park, Rainham - S1",East Kent,2011.0,TQ817676,OSGB,100,51.37831879,0.609495699,51.37783813,0.611147463,2015.0,532.0,TQ822674,40. Bare ground/weed communities of post-industrial sites e.g. quarries/pits/road/rail/landfill,22. Dry scrub/shrub thickets,"24. Wet Willow scrub of fen, river and lake-side",,,L41 - Unused Land,L6 - Outdoor amenity and open spaces,,"Springate, Simon",11:15,12:35,Sunny/Cloudy,"2. Wind felt on face, leaves rustle",,NHMSYS0000875593,Shrill Carder,Bombus sylvarum,0,1,0,0,,,Odontites vernus,20/07/2014,20/07/2014,D,2014,7,20,False,30,1,2013-2014,18
29417,22543,1224147,iBRC1224147,"Riverside Country Park, Rainham","Riverside Country Park, Rainham - S1",East Kent,2011.0,TQ817676,OSGB,100,51.37831879,0.609495699,51.37783813,0.611147463,2015.0,532.0,TQ822674,40. Bare ground/weed communities of post-industrial sites e.g. quarries/pits/road/rail/landfill,22. Dry scrub/shrub thickets,"24. Wet Willow scrub of fen, river and lake-side",,,L41 - Unused Land,L6 - Outdoor amenity and open spaces,,"Springate, Simon",11:15,12:35,Sunny/Cloudy,"2. Wind felt on face, leaves rustle",,NHMSYS0000875593,Shrill Carder,Bombus sylvarum,0,1,0,0,,,Odontites vernus,20/07/2014,20/07/2014,D,2014,7,20,False,30,1,2013-2014,18
30919,30389,,,Crossness,Crossness - S1,West Kent,2014.0,TQ489800,OSGB,100,51.49928,0.14379,51.49882126,0.14540717,2644.0,,,,,,,,,,,E Petchey,,,,,,NHMSYS0000875593,Shrill Carder,Bombus sylvarum,0,0,0,1,,,,05/08/2014,05/08/2014,D,2014,8,5,False,32,1,2013-2014,2
31454,20611,1340803,iBRC1340803,Consmtg 8/14 Gupton (G),Consmtg 8/14 Gupton (G) - S7,Pembrokeshire,2014.0,SR890994,OSGB,100,51.65364456,-5.051774979,51.65325928,-5.050654411,2026.0,524.0,SR891996,25. Hedgerows,,,,Track with flower rich boundaries and gappy/low growing hedge,L1 - Agriculture,,,"Lynch, Sinead",10:45,13:00,Sunny/Cloudy,4. Dust raised and small branches move,16.0,NHMSYS0000875593,Shrill Carder,Bombus sylvarum,0,1,0,0,,,,12/08/2014,12/08/2014,D,2014,8,12,False,33,1,2013-2014,1
31555,20012,1382384,iBRC1382384,Consmtg 8/14 Valero (H),Consmtg 8/14 Valero (H) - S1,Pembrokeshire,2014.0,SM896019,OSGB,100,51.67631531,-5.044616222,51.67593002,-5.043494225,2906.0,571.0,SM898026,17. Dry semi/unimproved (flower rich) neutral grassland,"32. Bare ground/woodland herb/grass mosaics of woodland rides, hedgebanks and green lanes",8. Coastal shingle,,,L1 - Agriculture,L12 - Transport tracks and ways,,"Lynch, Sinead",10:00,11:00,Sunny/Cloudy,,18.0,NHMSYS0000875593,Shrill Carder,Bombus sylvarum,0,4,0,0,,,,13/08/2014,13/08/2014,D,2014,8,13,False,33,4,2013-2014,1
32360,20438,1344318,iBRC1344318,Lytes Cary Garden,Lytes Cary Garden - S3,North Somerset,2014.0,ST533265,OSGB,100,51.0358963,-2.6674366,51.03542709,-2.666104317,262.0,36.0,ST533265,39. Ornamental shrubs/trees/lawns of churches/parks/domestic gardens etc,,,,Main border,L6 - Outdoor amenity and open spaces,,,"waterhouse, sue",13:40,14:55,Sunny/Cloudy,4. Dust raised and small branches move,17.0,NHMSYS0000875593,Shrill Carder,Bombus sylvarum,0,0,1,0,,,penstemon,19/08/2014,19/08/2014,D,2014,8,19,False,34,1,2013-2014,3
32366,20434,1344322,iBRC1344322,Lytes Cary Garden,Lytes Cary Garden - S5,North Somerset,2014.0,ST533265,OSGB,100,51.0358963,-2.6674366,51.03542709,-2.666104317,262.0,44.0,ST533264,39. Ornamental shrubs/trees/lawns of churches/parks/domestic gardens etc,,,,Lavender garden,L6 - Outdoor amenity and open spaces,,,"waterhouse, sue",13:40,14:55,Sunny/Cloudy,4. Dust raised and small branches move,17.0,NHMSYS0000875593,Shrill Carder,Bombus sylvarum,0,0,4,0,,,lavender,19/08/2014,19/08/2014,D,2014,8,19,False,34,4,2013-2014,3
33339,19857,1401719,iBRC1401719,Lytes Cary,Lytes Cary - S2,North Somerset,2013.0,ST535267,OSGB,100,51.03770447,-2.664609194,51.03723526,-2.663276672,1940.0,576.0,ST532267,38. Bare ground/weeds of arable field margins or fallow/recently abandoned arable crops,,,,,L1 - Agriculture,,,"Butler, John",13:50,14:50,Sunny/Cloudy,3. Leaves and twigs in slight motion,22.0,NHMSYS0000875593,Shrill Carder,Bombus sylvarum,0,1,0,0,,,,10/09/2014,10/09/2014,D,2014,9,10,False,37,1,2013-2014,12
33781,19252,1449434,iBRC1449434,Lytes Cary Garden,Lytes Cary Garden - S7,North Somerset,2014.0,ST533265,OSGB,100,51.0358963,-2.6674366,51.03542709,-2.666104317,262.0,29.0,ST532265,39. Ornamental shrubs/trees/lawns of churches/parks/domestic gardens etc,,,,Cutting garden,L6 - Outdoor amenity and open spaces,,,"waterhouse, sue",13:50,15:00,Sunny/Cloudy,"2. Wind felt on face, leaves rustle",18.0,NHMSYS0000875593,Shrill Carder,Bombus sylvarum,0,0,1,0,,,"salvia ""hotlips""",23/09/2014,23/09/2014,D,2014,9,23,False,39,1,2013-2014,3
35861,41809,1919015,iBRC1919015,Cliffe Pools,Cliffe Pools - S1,West Kent,2009.0,TQ720770,OSGB,100,51.46577835,0.474812508,51.46530914,0.47644034,5941.0,1398.0,TQ730766,22. Dry scrub/shrub thickets,19. Seasonally wet and wet marshy grasslands,25. Hedgerows,,"Mature Scrub (Hawthorn, Elder, Elm) bordered by rank grass and bramble.",,,,"Larkin, Paul",12:30,15:00,Sunny,6. Large branches move and trees sway,18.0,NHMSYS0000875593,Shrill Carder,Bombus sylvarum,2,0,0,0,,,,12/05/2015,12/05/2015,D,2015,5,12,False,20,2,2015-2016,26
42195,37267,2229851,iBRC2229851,Lytes Cary Garden 2015,Lytes Cary Garden 2015 - S5,North Somerset,2014.0,ST533265,OSGB,100,51.0358963,-2.6674366,51.03542709,-2.666104317,388.0,45.0,ST533264,39. Ornamental shrubs/trees/lawns of churches/parks/domestic gardens etc,,,,Lavender garden,L6 - Outdoor amenity and open spaces,,,"waterhouse, sue",13:40,15:15,Sunny/Cloudy,4. Dust raised and small branches move,22.0,NHMSYS0000875593,Shrill Carder,Bombus sylvarum,0,1,0,0,,,,14/07/2015,14/07/2015,D,2015,7,14,False,29,1,2015-2016,8
42430,38442,2164463,iBRC2164463,Lytes Cary Meadows,Lytes Cary Meadows - S5,North Somerset,2015.0,ST532259,OSGB,100,51.03049469,-2.66878891,51.03002548,-2.667457104,2319.0,690.0,ST531259,17. Dry semi/unimproved (flower rich) neutral grassland,,,,Field sown in 2014 with a wildflower/grass mix.,L1 - Agriculture,,Field will probably be grazed by sheep and cattle from late summer through to late autumn.,"Butler, John",14:30,16:20,Cloudy,3. Leaves and twigs in slight motion,20.0,NHMSYS0000875593,Shrill Carder,Bombus sylvarum,0,4,0,0,,,,15/07/2015,15/07/2015,D,2015,7,15,False,29,4,2015-2016,9
42439,38432,2164473,iBRC2164473,Lytes Cary Meadows,Lytes Cary Meadows - S7,North Somerset,2015.0,ST532259,OSGB,100,51.03049469,-2.66878891,51.03002548,-2.667457104,2319.0,329.0,ST533261,38. Bare ground/weeds of arable field margins or fallow/recently abandoned arable crops,25. Hedgerows,,,Field margin of arable field.,L1 - Agriculture,,See above.,"Butler, John",14:30,16:20,Cloudy,3. Leaves and twigs in slight motion,20.0,NHMSYS0000875593,Shrill Carder,Bombus sylvarum,0,3,0,0,,,,15/07/2015,15/07/2015,D,2015,7,15,False,29,3,2015-2016,9
46307,36106,2338589,iBRC2338589,Lytes Cary Garden 2015,Lytes Cary Garden 2015 - S5,North Somerset,2014.0,ST533265,OSGB,100,51.0358963,-2.6674366,51.03542709,-2.666104317,388.0,45.0,ST533264,39. Ornamental shrubs/trees/lawns of churches/parks/domestic gardens etc,,,,Lavender garden,L6 - Outdoor amenity and open spaces,,,"waterhouse, sue",13:50,15:20,Cloudy,1. Slight smoke drift,16.0,NHMSYS0000875593,Shrill Carder,Bombus sylvarum,0,1,0,0,,,,11/08/2015,11/08/2015,D,2015,8,11,False,33,1,2015-2016,8
46315,36105,2338590,iBRC2338590,Lytes Cary Garden 2015,Lytes Cary Garden 2015 - S8,North Somerset,2014.0,ST533265,OSGB,100,51.0358963,-2.6674366,51.03542709,-2.666104317,388.0,49.0,ST532265,39. Ornamental shrubs/trees/lawns of churches/parks/domestic gardens etc,,,,Cutting garden,L6 - Outdoor amenity and open spaces,,,"waterhouse, sue",13:50,15:20,Cloudy,1. Slight smoke drift,16.0,NHMSYS0000875593,Shrill Carder,Bombus sylvarum,0,1,0,0,,,,11/08/2015,11/08/2015,D,2015,8,11,False,33,1,2015-2016,8
46371,36358,2326387,iBRC2326387,Lytes Cary,Lytes Cary - S2,North Somerset,2013.0,ST535267,OSGB,100,51.03770447,-2.664609194,51.03723526,-2.663276672,1940.0,576.0,ST532267,38. Bare ground/weeds of arable field margins or fallow/recently abandoned arable crops,,,,,L1 - Agriculture,,,"Butler, John",14:00,15:00,Sunny/Cloudy,3. Leaves and twigs in slight motion,20.0,NHMSYS0000875593,Shrill Carder,Bombus sylvarum,0,7,0,0,,,,12/08/2015,12/08/2015,D,2015,8,12,False,33,7,2015-2016,12
46414,36345,2326584,iBRC2326584,Lytes Cary Meadows,Lytes Cary Meadows - S1,North Somerset,2015.0,ST532259,OSGB,100,51.03049469,-2.66878891,51.03002548,-2.667457104,2319.0,338.0,ST537263,38. Bare ground/weeds of arable field margins or fallow/recently abandoned arable crops,25. Hedgerows,,,"Margin of arable field abutted by hedge (mainly blackthorn), margin partly mown on a regular basis as forms part of estate walk.",L1 - Agriculture,L6 - Outdoor amenity and open spaces,See above.,"Butler, John",15:05,16:10,Sunny/Cloudy,4. Dust raised and small branches move,19.0,NHMSYS0000875593,Shrill Carder,Bombus sylvarum,0,2,0,0,,,,12/08/2015,12/08/2015,D,2015,8,12,False,33,2,2015-2016,9
46430,36335,2326594,iBRC2326594,Lytes Cary Meadows,Lytes Cary Meadows - S5,North Somerset,2015.0,ST532259,OSGB,100,51.03049469,-2.66878891,51.03002548,-2.667457104,2319.0,690.0,ST531259,17. Dry semi/unimproved (flower rich) neutral grassland,,,,Field sown in 2014 with a wildflower/grass mix.,L1 - Agriculture,,Field will probably be grazed by sheep and cattle from late summer through to late autumn.,"Butler, John",15:05,16:10,Sunny/Cloudy,4. Dust raised and small branches move,19.0,NHMSYS0000875593,Shrill Carder,Bombus sylvarum,0,1,0,0,,,,12/08/2015,12/08/2015,D,2015,8,12,False,33,1,2015-2016,9
46559,34948,2413491,iBRC2413491,"Riverside Country Park, Rainham","Riverside Country Park, Rainham - S4",East Kent,2011.0,TQ817676,OSGB,100,51.37831879,0.609495699,51.37783813,0.611147463,2015.0,705.0,TQ815678,22. Dry scrub/shrub thickets,15. Dry semi/unimproved (flower rich) chalk/limestone grassland,25. Hedgerows,,,L6 - Outdoor amenity and open spaces,,,"Springate, Simon",11:00,12:30,Sunny/Cloudy,4. Dust raised and small branches move,,NHMSYS0000875593,Shrill Carder,Bombus sylvarum,0,0,3,0,,,,15/08/2015,15/08/2015,D,2015,8,15,False,33,3,2015-2016,18
47038,35504,2359952,iBRC2359952,Cliffe Pools,Cliffe Pools - S2,West Kent,2009.0,TQ720770,OSGB,100,51.46577835,0.474812508,51.46530914,0.47644034,5941.0,1621.0,TQ725777,19. Seasonally wet and wet marshy grasslands,22. Dry scrub/shrub thickets,,,Rank grass to path edges beyond which is sheep grazed fresh marsh on one side and heavily grazed shrubby grassland. (This area used to be rank grass and shrub but is now heavily cattle grazed with a much reduced surcud height). 50% of scrub now removed.,,,,"Larkin, Paul",13:00,16:30,Sunny,"2. Wind felt on face, leaves rustle",20.0,NHMSYS0000875593,Shrill Carder,Bombus sylvarum,0,3,0,0,,,,17/08/2015,17/08/2015,D,2015,8,17,False,34,3,2015-2016,26
48236,34853,2422369,iBRC2422369,Lytes Cary,Lytes Cary - S2,North Somerset,2013.0,ST535267,OSGB,100,51.03770447,-2.664609194,51.03723526,-2.663276672,1940.0,576.0,ST532267,38. Bare ground/weeds of arable field margins or fallow/recently abandoned arable crops,,,,,L1 - Agriculture,,,"Butler, John",13:10,14:20,Sunny,4. Dust raised and small branches move,18.0,NHMSYS0000875593,Shrill Carder,Bombus sylvarum,0,1,3,0,,,,02/09/2015,02/09/2015,D,2015,9,2,False,36,4,2015-2016,12
48252,34833,2422414,iBRC2422414,Lytes Cary Meadows,Lytes Cary Meadows - S7,North Somerset,2015.0,ST532259,OSGB,100,51.03049469,-2.66878891,51.03002548,-2.667457104,2319.0,329.0,ST533261,38. Bare ground/weeds of arable field margins or fallow/recently abandoned arable crops,25. Hedgerows,,,Field margin of arable field.,L1 - Agriculture,,See above.,"Butler, John",14:20,15:30,Sunny,4. Dust raised and small branches move,18.0,NHMSYS0000875593,Shrill Carder,Bombus sylvarum,0,3,0,0,,,,02/09/2015,02/09/2015,D,2015,9,2,False,36,3,2015-2016,9
48898,34126,2519812,iBRC2519812,Pegwell Bay NR,Pegwell Bay NR - S2,East Kent,2013.0,TR341632,OSGB,100,51.31964874,1.358322144,51.31915283,1.360041738,2582.0,1307.0,TR338627,2. Coastal dune grassland,4. Coastal dune and sand scrub,1. Marine saltmarshes/estuaries/saline reedbeds,,,L6 - Outdoor amenity and open spaces,,,"Greig, Julie and Douglas",09:15,10:15,Sunny,Not recorded/no data,14.0,NHMSYS0000875593,Shrill Carder,Bombus sylvarum,0,0,1,0,,,,20/09/2015,20/09/2015,D,2015,9,20,False,39,1,2015-2016,1
49039,33943,2534212,iBRC2534212,Cliffe Pools,Cliffe Pools - S2,West Kent,2009.0,TQ720770,OSGB,100,51.46577835,0.474812508,51.46530914,0.47644034,5941.0,1621.0,TQ725777,19. Seasonally wet and wet marshy grasslands,22. Dry scrub/shrub thickets,,,Rank grass to path edges beyond which is sheep grazed fresh marsh on one side and heavily grazed shrubby grassland. (This area used to be rank grass and shrub but is now heavily cattle grazed with a much reduced surcud height). 50% of scrub now removed.,,,,"Larkin, Paul",13:00,14:50,Sunny,1. Slight smoke drift,18.0,NHMSYS0000875593,Shrill Carder,Bombus sylvarum,0,2,2,0,,,,25/09/2015,25/09/2015,D,2015,9,25,False,39,4,2015-2016,26
54179,62083,3313817,iBRC3313817,Lytes Cary Meadows,Lytes Cary Meadows - S5,North Somerset,2015.0,ST532259,OSGB,100,51.03049469,-2.66878891,51.03002548,-2.667457104,2319.0,690.0,ST531259,17. Dry semi/unimproved (flower rich) neutral grassland,,,,Field sown in 2014 with a wildflower/grass mix.,L1 - Agriculture,,Field will probably be grazed by sheep and cattle from late summer through to late autumn.,"Butler, John",13:55,15:00,Cloudy,4. Dust raised and small branches move,17.0,NHMSYS0000875593,Shrill Carder,Bombus sylvarum,0,1,0,0,,,red clover,14/06/2016,14/06/2016,D,2016,6,14,False,25,1,2015-2016,9
55830,61088,3467315,iBRC3467315,Lytes Cary Garden 2015,Lytes Cary Garden 2015 - S8,North Somerset,2014.0,ST533265,OSGB,100,51.0358963,-2.6674366,51.03542709,-2.666104317,388.0,49.0,ST532265,39. Ornamental shrubs/trees/lawns of churches/parks/domestic gardens etc,,,,Cutting garden,L6 - Outdoor amenity and open spaces,,,"waterhouse, sue",14:20,15:30,Sunny/Cloudy,3. Leaves and twigs in slight motion,18.0,NHMSYS0000875593,Shrill Carder,Bombus sylvarum,0,1,0,0,,,Cersium,21/06/2016,21/06/2016,D,2016,6,21,False,26,1,2015-2016,8
60090,59695,3664916,iBRC3664916,Lytes Cary,Lytes Cary - S2,North Somerset,2013.0,ST535267,OSGB,100,51.03770447,-2.664609194,51.03723526,-2.663276672,1940.0,576.0,ST532267,38. Bare ground/weeds of arable field margins or fallow/recently abandoned arable crops,,,,,L1 - Agriculture,,,"Butler, John",13:55,14:55,Cloudy,5. Small trees in leaf begin to sway,16.0,NHMSYS0000875593,Shrill Carder,Bombus sylvarum,0,2,0,0,,,red bartsia,15/07/2016,15/07/2016,D,2016,7,15,False,29,2,2015-2016,12
64517,52985,4080640,iBRC4080640,Lytes Cary,Lytes Cary - S2,North Somerset,2013.0,ST535267,OSGB,100,51.03770447,-2.664609194,51.03723526,-2.663276672,1940.0,576.0,ST532267,38. Bare ground/weeds of arable field margins or fallow/recently abandoned arable crops,,,,,L1 - Agriculture,,,"Butler, John",10:45,11:45,Sunny/Cloudy,3. Leaves and twigs in slight motion,18.0,NHMSYS0000875593,Shrill Carder,Bombus sylvarum,0,2,0,0,,,Red Bartsia,13/08/2016,13/08/2016,D,2016,8,13,False,33,2,2015-2016,12
64523,52980,4080645,iBRC4080645,Lytes Cary,Lytes Cary - S3,North Somerset,2013.0,ST535267,OSGB,100,51.03770447,-2.664609194,51.03723526,-2.663276672,1940.0,510.0,ST535271,25. Hedgerows,,,,,L12 - Transport tracks and ways,,,"Butler, John",10:45,11:45,Sunny/Cloudy,3. Leaves and twigs in slight motion,18.0,NHMSYS0000875593,Shrill Carder,Bombus sylvarum,0,1,0,0,,,Knapweed,13/08/2016,13/08/2016,D,2016,8,13,False,33,1,2015-2016,12
65925,53401,4032928,iBRC4032928,RSPB Rainham Marshes - centre-woodland,RSPB Rainham Marshes - centre-woodland - S1,South Essex,2015.0,TQ549790,OSGB,100,51.48868179,0.229724601,51.48822021,0.231344625,2033.0,61.0,TQ548787,39. Ornamental shrubs/trees/lawns of churches/parks/domestic gardens etc,,,,An area known as the wildlife garden which consists mainly of pollen-rich non-native plants.,L6 - Outdoor amenity and open spaces,,Nature reserve,"Hoare, Jerry",12:45,14:00,Sunny/Cloudy,3. Leaves and twigs in slight motion,24.0,NHMSYS0000875593,Shrill Carder,Bombus sylvarum,0,1,0,0,,,,18/08/2016,18/08/2016,D,2016,8,18,False,34,1,2015-2016,30
68527,53252,4045930,iBRC4045930,RSPB Rainham Marshes - centre-woodland,RSPB Rainham Marshes - centre-woodland - S1,South Essex,2015.0,TQ549790,OSGB,100,51.48868179,0.229724601,51.48822021,0.231344625,2033.0,61.0,TQ548787,39. Ornamental shrubs/trees/lawns of churches/parks/domestic gardens etc,,,,An area known as the wildlife garden which consists mainly of pollen-rich non-native plants.,L6 - Outdoor amenity and open spaces,,Nature reserve,"Hoare, Jerry",11:15,12:20,Sunny,"2. Wind felt on face, leaves rustle",24.0,NHMSYS0000875593,Shrill Carder,Bombus sylvarum,0,1,0,0,,,,15/09/2016,15/09/2016,D,2016,9,15,False,38,1,2015-2016,30
68528,53244,4045938,iBRC4045938,RSPB Rainham Marshes - centre-woodland,RSPB Rainham Marshes - centre-woodland - S2,South Essex,2015.0,TQ549790,OSGB,100,51.48868179,0.229724601,51.48822021,0.231344625,2033.0,498.0,TQ547787,17. Dry semi/unimproved (flower rich) neutral grassland,22. Dry scrub/shrub thickets,21. Stands of tall herbs (e.g. nettle and willow-herb beds),,"Area bordering the visitor trail consists f recently planted native shrubs and contains areas of nettle and black horehound, ragwort, tufted vetch and black mustard with areas of bramble.",L6 - Outdoor amenity and open spaces,,Nature reserve,"Hoare, Jerry",11:15,12:20,Sunny,"2. Wind felt on face, leaves rustle",24.0,NHMSYS0000875593,Shrill Carder,Bombus sylvarum,0,2,0,0,,,,15/09/2016,15/09/2016,D,2016,9,15,False,38,2,2015-2016,30
68532,53241,4045941,iBRC4045941,RSPB Rainham Marshes - centre-woodland,RSPB Rainham Marshes - centre-woodland - S6,South Essex,2015.0,TQ549790,OSGB,100,51.48868179,0.229724601,51.48822021,0.231344625,2033.0,595.0,TQ548795,16. Dry semi/unimproved acid grassland,,,,"Acid grassland bordering a trackway, consisting of areas of bare ground and sand heaps. Further down the track there are areas of bramble, knapweed and fine grasses. There has been some recent planting of native shrubs towards the roadside of this area.",L12 - Transport tracks and ways,,Trackway with bordering land left for nature conservation interest.,"Hoare, Jerry",11:15,12:20,Sunny,"2. Wind felt on face, leaves rustle",24.0,NHMSYS0000875593,Shrill Carder,Bombus sylvarum,0,1,0,0,,,,15/09/2016,15/09/2016,D,2016,9,15,False,38,1,2015-2016,30
71127,89007,4865215,iBRC4865215,RSPB West Canvey Marsh,RSPB West Canvey Marsh - S4,South Essex,2017.0,TQ770846,OSGB,100,51.53250504,0.550533235,51.53203964,0.552184999,2525.0,460.0,TQ768845,25. Hedgerows,"32. Bare ground/woodland herb/grass mosaics of woodland rides, hedgebanks and green lanes",22. Dry scrub/shrub thickets,,"footpath between lines of dense hedgerow of elder, blackthorn, bramble, hawthorn, lined with nettle species and other flowering plants",L6 - Outdoor amenity and open spaces,,footpath sides are cut throughout summer to maintain open footpath,"Jones, Susy",14:40,15:45,Sunny/Cloudy,"2. Wind felt on face, leaves rustle",14.0,NHMSYS0000875593,Shrill Carder,Bombus sylvarum,1,0,0,0,,,dandelion,18/04/2017,18/04/2017,D,2017,4,18,False,16,1,2017-2018,65
73910,85881,5106707,iBRC5106707,Lytes Cary Garden 2015,Lytes Cary Garden 2015 - S8,North Somerset,2014.0,ST533265,OSGB,100,51.0358963,-2.6674366,51.03542709,-2.666104317,388.0,49.0,ST532265,39. Ornamental shrubs/trees/lawns of churches/parks/domestic gardens etc,,,,Cutting garden,L6 - Outdoor amenity and open spaces,,,"waterhouse, sue",15:10,15:50,Sunny/Cloudy,3. Leaves and twigs in slight motion,17.0,NHMSYS0000875593,Shrill Carder,Bombus sylvarum,0,2,0,0,,,Cersium,23/05/2017,23/05/2017,D,2017,5,23,False,21,2,2017-2018,8
75079,84942,5144890,iBRC5144890,Lytes Cary Garden 2015,Lytes Cary Garden 2015 - S8,North Somerset,2014.0,ST533265,OSGB,100,51.0358963,-2.6674366,51.03542709,-2.666104317,388.0,49.0,ST532265,39. Ornamental shrubs/trees/lawns of churches/parks/domestic gardens etc,,,,Cutting garden,L6 - Outdoor amenity and open spaces,,,"waterhouse, sue",14:00,15:45,Cloudy,1. Slight smoke drift,19.0,NHMSYS0000875593,Shrill Carder,Bombus sylvarum,0,1,0,0,,,Cirsium,30/05/2017,30/05/2017,D,2017,5,30,False,22,1,2017-2018,8
81081,84170,5197904,iBRC5197904,Lytes Cary,Lytes Cary - S2,North Somerset,2013.0,ST535267,OSGB,100,51.03770447,-2.664609194,51.03723526,-2.663276672,1940.0,576.0,ST532267,38. Bare ground/weeds of arable field margins or fallow/recently abandoned arable crops,,,,,L1 - Agriculture,,,"Butler, John",14:12,15:43,Sunny/Cloudy,"2. Wind felt on face, leaves rustle",20.0,NHMSYS0000875593,Shrill Carder,Bombus sylvarum,0,1,0,0,the red bartsia is flowering about two weeks earlier than last year,,red bartsia,26/06/2017,26/06/2017,D,2017,6,26,False,26,1,2017-2018,12
81272,84158,5198110,iBRC5198110,Lytes Cary Meadows,Lytes Cary Meadows - S1,North Somerset,2015.0,ST532259,OSGB,100,51.03049469,-2.66878891,51.03002548,-2.667457104,2319.0,338.0,ST537263,38. Bare ground/weeds of arable field margins or fallow/recently abandoned arable crops,25. Hedgerows,,,"Margin of arable field abutted by hedge (mainly blackthorn), margin partly mown on a regular basis as forms part of estate walk.",L1 - Agriculture,L6 - Outdoor amenity and open spaces,See above.,"Butler, John",15:45,17:19,Cloudy,"2. Wind felt on face, leaves rustle",20.0,NHMSYS0000875593,Shrill Carder,Bombus sylvarum,0,1,0,0,,,Red bartsia,26/06/2017,26/06/2017,D,2017,6,26,False,26,1,2017-2018,9
86665,73678,5738832,iBRC5738832,RSPB West Canvey Marsh,RSPB West Canvey Marsh - S6,South Essex,2017.0,TQ770846,OSGB,100,51.53250504,0.550533235,51.53203964,0.552184999,2525.0,519.0,TQ765849,17. Dry semi/unimproved (flower rich) neutral grassland,25. Hedgerows,"32. Bare ground/woodland herb/grass mosaics of woodland rides, hedgebanks and green lanes",,footpath flanked by hay meadow and hedgerow. nettle species and other flowering plants grow on footpath edges,L6 - Outdoor amenity and open spaces,L1 - Agriculture,footpath edges are mown periodically throughout summer to keep footpath open.,Ian White & Amy Ross,11:15,13:45,Sunny/Cloudy,4. Dust raised and small branches move,21.0,NHMSYS0000875593,Shrill Carder,Bombus sylvarum,0,0,0,1,worker or male,,vetch sp.,21/07/2017,21/07/2017,D,2017,7,21,False,29,1,2017-2018,65
87537,80550,5441415,iBRC5441415,Lytes Cary,Lytes Cary - S2,North Somerset,2013.0,ST535267,OSGB,100,51.03770447,-2.664609194,51.03723526,-2.663276672,1940.0,576.0,ST532267,38. Bare ground/weeds of arable field margins or fallow/recently abandoned arable crops,,,,,L1 - Agriculture,,,"Butler, John",13:55,15:21,Sunny,"2. Wind felt on face, leaves rustle",24.0,NHMSYS0000875593,Shrill Carder,Bombus sylvarum,0,2,0,0,,,both on red bartsia,25/07/2017,25/07/2017,D,2017,7,25,False,30,2,2017-2018,12
87758,80563,5440938,iBRC5440938,Lytes Cary Meadows,Lytes Cary Meadows - S5,North Somerset,2015.0,ST532259,OSGB,100,51.03049469,-2.66878891,51.03002548,-2.667457104,2319.0,690.0,ST531259,17. Dry semi/unimproved (flower rich) neutral grassland,,,,Field sown in 2014 with a wildflower/grass mix.,L1 - Agriculture,,Field will probably be grazed by sheep and cattle from late summer through to late autumn.,"Butler, John",15:22,16:17,Sunny,"2. Wind felt on face, leaves rustle",23.0,NHMSYS0000875593,Shrill Carder,Bombus sylvarum,0,1,0,0,,,bird's foot trefoil,25/07/2017,25/07/2017,D,2017,7,25,False,30,1,2017-2018,9
92612,75882,5645773,iBRC5645773,RSPB Rainham Marshes - centre-woodland,RSPB Rainham Marshes - centre-woodland - S1,South Essex,2015.0,TQ549790,OSGB,100,51.48868179,0.229724601,51.48822021,0.231344625,2033.0,61.0,TQ548787,39. Ornamental shrubs/trees/lawns of churches/parks/domestic gardens etc,,,,An area known as the wildlife garden which consists mainly of pollen-rich non-native plants.,L6 - Outdoor amenity and open spaces,,Nature reserve,"Hoare, Jerry",12:40,13:50,Sunny/Cloudy,3. Leaves and twigs in slight motion,24.0,NHMSYS0000875593,Shrill Carder,Bombus sylvarum,0,5,0,0,,,,22/08/2017,22/08/2017,D,2017,8,22,False,34,5,2017-2018,30
92614,75874,5645781,iBRC5645781,RSPB Rainham Marshes - centre-woodland,RSPB Rainham Marshes - centre-woodland - S2,South Essex,2015.0,TQ549790,OSGB,100,51.48868179,0.229724601,51.48822021,0.231344625,2033.0,498.0,TQ547787,17. Dry semi/unimproved (flower rich) neutral grassland,22. Dry scrub/shrub thickets,21. Stands of tall herbs (e.g. nettle and willow-herb beds),,"Area bordering the visitor trail consists f recently planted native shrubs and contains areas of nettle and black horehound, ragwort, tufted vetch and black mustard with areas of bramble.",L6 - Outdoor amenity and open spaces,,Nature reserve,"Hoare, Jerry",12:40,13:50,Sunny/Cloudy,3. Leaves and twigs in slight motion,24.0,NHMSYS0000875593,Shrill Carder,Bombus sylvarum,0,0,1,0,,,,22/08/2017,22/08/2017,D,2017,8,22,False,34,1,2017-2018,30
92616,75876,5645779,iBRC5645779,RSPB Rainham Marshes - centre-woodland,RSPB Rainham Marshes - centre-woodland - S2,South Essex,2015.0,TQ549790,OSGB,100,51.48868179,0.229724601,51.48822021,0.231344625,2033.0,498.0,TQ547787,17. Dry semi/unimproved (flower rich) neutral grassland,22. Dry scrub/shrub thickets,21. Stands of tall herbs (e.g. nettle and willow-herb beds),,"Area bordering the visitor trail consists f recently planted native shrubs and contains areas of nettle and black horehound, ragwort, tufted vetch and black mustard with areas of bramble.",L6 - Outdoor amenity and open spaces,,Nature reserve,"Hoare, Jerry",12:40,13:50,Sunny/Cloudy,3. Leaves and twigs in slight motion,24.0,NHMSYS0000875593,Shrill Carder,Bombus sylvarum,0,3,0,0,,,,22/08/2017,22/08/2017,D,2017,8,22,False,34,3,2017-2018,30
92624,75869,5645786,iBRC5645786,RSPB Rainham Marshes - centre-woodland,RSPB Rainham Marshes - centre-woodland - S5,South Essex,2015.0,TQ549790,OSGB,100,51.48868179,0.229724601,51.48822021,0.231344625,2033.0,280.0,TQ549793,16. Dry semi/unimproved acid grassland,,,,"Acid grassland with areas of ragwort, nettle, chicory and vervain and patches of bare ground.",L6 - Outdoor amenity and open spaces,,Nature reserve,"Hoare, Jerry",12:40,13:50,Sunny/Cloudy,3. Leaves and twigs in slight motion,24.0,NHMSYS0000875593,Shrill Carder,Bombus sylvarum,0,5,0,0,,,,22/08/2017,22/08/2017,D,2017,8,22,False,34,5,2017-2018,30
92628,75865,5645791,iBRC5645791,RSPB Rainham Marshes - centre-woodland,RSPB Rainham Marshes - centre-woodland - S6,South Essex,2015.0,TQ549790,OSGB,100,51.48868179,0.229724601,51.48822021,0.231344625,2033.0,595.0,TQ548795,16. Dry semi/unimproved acid grassland,,,,"Acid grassland bordering a trackway, consisting of areas of bare ground and sand heaps. Further down the track there are areas of bramble, knapweed and fine grasses. There has been some recent planting of native shrubs towards the roadside of this area.",L12 - Transport tracks and ways,,Trackway with bordering land left for nature conservation interest.,"Hoare, Jerry",12:40,13:50,Sunny/Cloudy,3. Leaves and twigs in slight motion,24.0,NHMSYS0000875593,Shrill Carder,Bombus sylvarum,0,1,0,0,,,,22/08/2017,22/08/2017,D,2017,8,22,False,34,1,2017-2018,30
92864,72724,5796165,iBRC5796165,RSPB Bowers Marsh,RSPB Bowers Marsh - S2,South Essex,2017.0,TQ755860,OSGB,100,51.54555511,0.529634833,51.54509354,0.531285107,1806.0,640.0,TQ758867,17. Dry semi/unimproved (flower rich) neutral grassland,25. Hedgerows,,,"Hardstanding footpath on flower rich neutral semi improved grass, hay meadow on one side, elm hedgerow on other side. Footpath edges seasonally mown, as with section 1. Almost 2 thirds of the way along, the path is flanked by a legume rich turtle dove plot with thorny hedgerow on one side, and hedgerow and seasonally wet semi improved, neutral, ungrazed area on the other side.",L6 - Outdoor amenity and open spaces,L1 - Agriculture,,Mark Dredge & Johnnie Johnson,13:00,14:30,Sunny/Cloudy,"2. Wind felt on face, leaves rustle",18.0,NHMSYS0000875593,Shrill Carder,Bombus sylvarum,0,3,0,0,,,,24/08/2017,24/08/2017,D,2017,8,24,False,34,3,2017-2018,15
92866,72722,5796167,iBRC5796167,RSPB Bowers Marsh,RSPB Bowers Marsh - S3,South Essex,2017.0,TQ755860,OSGB,100,51.54555511,0.529634833,51.54509354,0.531285107,1806.0,421.0,TQ757862,17. Dry semi/unimproved (flower rich) neutral grassland,14. Inland swamp/fen stands without open water (e.g. reed and sedgebeds),1. Marine saltmarshes/estuaries/saline reedbeds,,"Hardstanding footpath, seasonally mown, on flower rich neutral semi improved grass, surrounded by reedbed, and brackish lagoon on one side.",L6 - Outdoor amenity and open spaces,L1 - Agriculture,,Mark Dredge & Johnnie Johnson,13:00,14:30,Sunny/Cloudy,"2. Wind felt on face, leaves rustle",18.0,NHMSYS0000875593,Shrill Carder,Bombus sylvarum,0,4,0,0,,,,24/08/2017,24/08/2017,D,2017,8,24,False,34,4,2017-2018,15
94894,69371,6279163,iBRC6279163,Woodlands Farm,Woodlands Farm - S2,West Kent,2016.0,TQ447765,OSGB,100,51.46891403,0.081892528,51.46845245,0.083497934,1543.0,143.0,TQ445763,"32. Bare ground/woodland herb/grass mosaics of woodland rides, hedgebanks and green lanes",,,,Concrete carpark with grasses and some plants down the edge.,L14 - Car parks,,Used as a car park,"Ricketts, Hannah",14:00,15:30,Cloudy,4. Dust raised and small branches move,17.0,NHMSYS0000875593,Shrill Carder,Bombus sylvarum,0,0,0,2,,,,21/09/2017,21/09/2017,D,2017,9,21,False,38,2,2017-2018,6
94895,69372,6279162,iBRC6279162,Woodlands Farm,Woodlands Farm - S2,West Kent,2016.0,TQ447765,OSGB,100,51.46891403,0.081892528,51.46845245,0.083497934,1543.0,143.0,TQ445763,"32. Bare ground/woodland herb/grass mosaics of woodland rides, hedgebanks and green lanes",,,,Concrete carpark with grasses and some plants down the edge.,L14 - Car parks,,Used as a car park,"Ricketts, Hannah",14:00,15:30,Cloudy,4. Dust raised and small branches move,17.0,NHMSYS0000875593,Shrill Carder,Bombus sylvarum,1,0,0,2,,,,21/09/2017,21/09/2017,D,2017,9,21,False,38,3,2017-2018,6
94902,69370,6279164,iBRC6279164,Woodlands Farm,Woodlands Farm - S5,West Kent,2016.0,TQ447765,OSGB,100,51.46891403,0.081892528,51.46845245,0.083497934,1543.0,294.0,TQ449763,17. Dry semi/unimproved (flower rich) neutral grassland,25. Hedgerows,,,Wild flower and grassland meadow with a bramble hedgerow along one side,L1 - Agriculture,,Grazed by livestock most of the year except summer where left to allow the wildflowers to grow before being cut for hay in July,"Ricketts, Hannah",14:00,15:30,Cloudy,4. Dust raised and small branches move,17.0,NHMSYS0000875593,Shrill Carder,Bombus sylvarum,0,0,0,3,,,Bramble,21/09/2017,21/09/2017,D,2017,9,21,False,38,3,2017-2018,6
95541,69363,6279196,iBRC6279196,Woodlands Farm,Woodlands Farm - S1,West Kent,2016.0,TQ447765,OSGB,100,51.46891403,0.081892528,51.46845245,0.083497934,1543.0,51.0,TQ445763,39. Ornamental shrubs/trees/lawns of churches/parks/domestic gardens etc,,,,Cottage garden with flower beds and gravel pathways,L11 - Allotments and city farms,L28 - Education,Used as a garden by visitors to the farm,"Ricketts, Hannah",14:05,15:05,Cloudy,1. Slight smoke drift,14.0,NHMSYS0000875593,Shrill Carder,Bombus sylvarum,0,0,0,2,,,,18/10/2017,18/10/2017,D,2017,10,18,False,42,2,2017-2018,6
96369,117802,6639561,iBRC6639561,Cliffe Marshes,Cliffe Marshes - S6,West Kent,2018.0,TQ738768,OSGB,100,51.46343613,0.500613332,51.46296692,0.502257943,4008.0,680.0,TQ730767,25. Hedgerows,,,,,L6 - Outdoor amenity and open spaces,,,"Belsey, Sonia",13:35,15:40,Sunny,3. Leaves and twigs in slight motion,16.0,NHMSYS0000875593,,Bombus sylvarum,1,0,0,0,,,,14/04/2018,14/04/2018,D,2018,4,14,False,15,1,2017-2018,6
96808,115225,6807964,iBRC6807964,Woodlands Farm,Woodlands Farm - S1,West Kent,2016.0,TQ447765,OSGB,100,51.46891403,0.081892528,51.46845245,0.083497934,1543.0,,TQ445763,39. Ornamental shrubs/trees/lawns of churches/parks/domestic gardens etc,,,,"Cottage garden with gravel pathways.  Variety of flowering plant species in flower beds, some small trees and shrubs",L11 - Allotments and city farms,L28 - Education,Garden used by public visiting the farm and school groups.,"Ricketts, Hannah",14:10,15:30,Sunny,3. Leaves and twigs in slight motion,22.0,NHMSYS0000875593,,Bombus sylvarum,0,0,0,1,,,,18/04/2018,18/04/2018,D,2018,4,18,False,16,1,2017-2018,6
97732,93788,8965344,iBRC8965344,RSPB West Canvey Marsh,RSPB West Canvey Marsh - S5,,2017.0,TQ770846,OSGB,100,51.53250504,0.550533235,51.53203964,0.552184999,2525.0,460.0,TQ764847,17. Dry semi/unimproved (flower rich) neutral grassland,22. Dry scrub/shrub thickets,1. Marine saltmarshes/estuaries/saline reedbeds,,sea wall with long vegetation and scattered scrub. Grazed by cattle.,L6 - Outdoor amenity and open spaces,,grazed by cattle. public footpath through middle,"Holden, Rosemary",13:58,15:40,Sunny,3. Leaves and twigs in slight motion,20.0,NHMSYS0000875593,,Bombus sylvarum,1,0,0,0,,,red dead nettle,21/04/2018,21/04/2018,D,2018,4,21,False,16,1,2017-2018,65
99003,116112,6725021.0,iBRC6725021,Cliffe Marshes,Cliffe Marshes - S10,West Kent,2018.0,TQ738768,OSGB,100,51.46343613,0.500613332,51.46296692,0.502257943,4008.0,242.0,TQ724778,1. Marine saltmarshes/estuaries/saline reedbeds,,,,,L6 - Outdoor amenity and open spaces,,,"Belsey, Sonia",11:10,13:15,Sunny,"2. Wind felt on face, leaves rustle",22.0,NHMSYS0000875593,,Bombus sylvarum,1,0,0,0,,,beach pea,06/05/2018,06/05/2018,D,2018,5,6,False,19,1,2017-2018,6
99007,116110,6725023.0,iBRC6725023,Cliffe Marshes,Cliffe Marshes - S12,West Kent,2018.0,TQ738768,OSGB,100,51.46343613,0.500613332,51.46296692,0.502257943,4008.0,350.0,TQ713776,1. Marine saltmarshes/estuaries/saline reedbeds,,,,,L6 - Outdoor amenity and open spaces,,,"Belsey, Sonia",11:10,13:15,Sunny,"2. Wind felt on face, leaves rustle",22.0,NHMSYS0000875593,,Bombus sylvarum,1,0,0,0,,,,06/05/2018,06/05/2018,D,2018,5,6,False,19,1,2017-2018,6
99014,116117,6725016.0,iBRC6725016,Cliffe Marshes,Cliffe Marshes - S6,West Kent,2018.0,TQ738768,OSGB,100,51.46343613,0.500613332,51.46296692,0.502257943,4008.0,680.0,TQ730767,25. Hedgerows,,,,,L6 - Outdoor amenity and open spaces,,,"Belsey, Sonia",11:10,13:15,Sunny,"2. Wind felt on face, leaves rustle",22.0,NHMSYS0000875593,,Bombus sylvarum,2,0,0,0,,,White Dead Nettle,06/05/2018,06/05/2018,D,2018,5,6,False,19,2,2017-2018,6
99017,116115,6725018.0,iBRC6725018,Cliffe Marshes,Cliffe Marshes - S8,West Kent,2018.0,TQ738768,OSGB,100,51.46343613,0.500613332,51.46296692,0.502257943,4008.0,109.0,TQ726775,25. Hedgerows,,,,,L6 - Outdoor amenity and open spaces,,,"Belsey, Sonia",11:10,13:15,Sunny,"2. Wind felt on face, leaves rustle",22.0,NHMSYS0000875593,,Bombus sylvarum,2,0,0,0,,,white dead nettle,06/05/2018,06/05/2018,D,2018,5,6,False,19,2,2017-2018,6
99379,94173,8884901.0,iBRC8884901,RSPB Bowers Marsh,RSPB Bowers Marsh - S3,South Essex,2017.0,TQ755860,OSGB,100,51.54555511,0.529634833,51.54509354,0.531285107,1806.0,421.0,TQ757862,17. Dry semi/unimproved (flower rich) neutral grassland,14. Inland swamp/fen stands without open water (e.g. reed and sedgebeds),1. Marine saltmarshes/estuaries/saline reedbeds,,"Hardstanding footpath, seasonally mown, on flower rich neutral semi improved grass, surrounded by reedbed, and brackish lagoon on one side.",L6 - Outdoor amenity and open spaces,L1 - Agriculture,,"Holden, Rosemary",13:30,14:40,Sunny,3. Leaves and twigs in slight motion,22.0,NHMSYS0000875593,,Bombus sylvarum,1,0,0,0,,,vetch,09/05/2018,09/05/2018,D,2018,5,9,False,19,1,2017-2018,15
100209,94117,8885800.0,iBRC8885800,RSPB Vange Wick,RSPB Vange Wick - S3,South Essex,2017.0,TQ729857,OSGB,100,51.54366302,0.492025882,51.54320908,0.493673146,2975.0,607.0,TQ737855,17. Dry semi/unimproved (flower rich) neutral grassland,22. Dry scrub/shrub thickets,14. Inland swamp/fen stands without open water (e.g. reed and sedgebeds),,"Seawall, neutral semi improved cattle grazed grassland, some scattered scrub, beside borrowdyke with reeds and rushes.",L6 - Outdoor amenity and open spaces,L1 - Agriculture,,"Holden, Rosemary",10:45,12:15,Sunny,"2. Wind felt on face, leaves rustle",17.0,NHMSYS0000875593,,Bombus sylvarum,0,1,0,0,,,blackthorn,19/05/2018,19/05/2018,D,2018,5,19,False,20,1,2017-2018,10
100310,93771,8965383.0,iBRC8965383,RSPB West Canvey Marsh,RSPB West Canvey Marsh - S6,,2017.0,TQ770846,OSGB,100,51.53250504,0.550533235,51.53203964,0.552184999,2525.0,519.0,TQ765849,17. Dry semi/unimproved (flower rich) neutral grassland,25. Hedgerows,"32. Bare ground/woodland herb/grass mosaics of woodland rides, hedgebanks and green lanes",,footpath flanked by hay meadow and hedgerow. nettle species and other flowering plants grow on footpath edges,L6 - Outdoor amenity and open spaces,L1 - Agriculture,footpath edges are mown periodically throughout summer to keep footpath open.,"Holden, Rosemary",12:45,14:30,Sunny,"2. Wind felt on face, leaves rustle",20.0,NHMSYS0000875593,,Bombus sylvarum,1,0,0,0,,,spotted medick,20/05/2018,20/05/2018,D,2018,5,20,False,21,1,2017-2018,65
100392,113194,6934063.0,iBRC6934063,RSPB Rainham Marshes - centre-woodland,RSPB Rainham Marshes - centre-woodland - S5,South Essex,2015.0,TQ549790,OSGB,100,51.48868179,0.229724601,51.48822021,0.231344625,2033.0,280.0,TQ549793,16. Dry semi/unimproved acid grassland,,,,"Acid grassland with areas of ragwort, nettle, chicory and vervain and patches of bare ground.",L6 - Outdoor amenity and open spaces,,Nature reserve,"Hoare, Jerry",11:35,12:45,Sunny/Cloudy,1. Slight smoke drift,24.0,NHMSYS0000875593,,Bombus sylvarum,2,0,0,0,,,,21/05/2018,21/05/2018,D,2018,5,21,False,21,2,2017-2018,30
100479,93784,8965350.0,iBRC8965350,RSPB West Canvey Marsh,RSPB West Canvey Marsh - S2,,2017.0,TQ770846,OSGB,100,51.53250504,0.550533235,51.53203964,0.552184999,2525.0,480.0,TQ772843,17. Dry semi/unimproved (flower rich) neutral grassland,25. Hedgerows,,,"less flower rich, recently greenhayed meadow, aiming to improve floral diversity in management. These fields are managed for reptiles with a patchy thatch layer",L6 - Outdoor amenity and open spaces,L1 - Agriculture,,"Holden, Rosemary",10:45,13:30,Sunny,3. Leaves and twigs in slight motion,23.0,NHMSYS0000875593,,Bombus sylvarum,1,0,0,0,,,common vetch,22/05/2018,22/05/2018,D,2018,5,22,False,21,1,2017-2018,65
101776,99624,8029270.0,iBRC8029270,"Faversham Road, Seasalter","Faversham Road, Seasalter - S1",East Kent,2018.0,TR061647,OSGB,100,51.34394836,0.957963169,51.34346008,0.959646285,1432.0,506.0,TR066649,17. Dry semi/unimproved (flower rich) neutral grassland,,,,"Short, species rich grassland along landward side of sea wall",L6 - Outdoor amenity and open spaces,,Path along top of sea wall,Beth Pateman,11:45,12:50,Sunny,3. Leaves and twigs in slight motion,20.0,NHMSYS0000875593,,Bombus sylvarum,1,0,0,0,,,Bird's-foot Trefoil,02/06/2018,02/06/2018,D,2018,6,2,False,22,1,2017-2018,7
101783,99631,8029263.0,iBRC8029263,"Faversham Road, Seasalter","Faversham Road, Seasalter - S1",East Kent,2018.0,TR061647,OSGB,100,51.34394836,0.957963169,51.34346008,0.959646285,1432.0,506.0,TR066649,17. Dry semi/unimproved (flower rich) neutral grassland,,,,"Short, species rich grassland along landward side of sea wall",L6 - Outdoor amenity and open spaces,,Path along top of sea wall,Beth Pateman,11:45,12:50,Sunny,3. Leaves and twigs in slight motion,20.0,NHMSYS0000875593,,Bombus sylvarum,1,0,0,0,,,Red Clover,02/06/2018,02/06/2018,D,2018,6,2,False,22,1,2017-2018,7
101786,99634,8029260.0,iBRC8029260,"Faversham Road, Seasalter","Faversham Road, Seasalter - S1",East Kent,2018.0,TR061647,OSGB,100,51.34394836,0.957963169,51.34346008,0.959646285,1432.0,506.0,TR066649,17. Dry semi/unimproved (flower rich) neutral grassland,,,,"Short, species rich grassland along landward side of sea wall",L6 - Outdoor amenity and open spaces,,Path along top of sea wall,Beth Pateman,11:45,12:50,Sunny,3. Leaves and twigs in slight motion,20.0,NHMSYS0000875593,,Bombus sylvarum,0,1,0,0,,,,02/06/2018,02/06/2018,D,2018,6,2,False,22,1,2017-2018,7
101791,99609,8029285.0,iBRC8029285,"Faversham Road, Seasalter","Faversham Road, Seasalter - S3",East Kent,2018.0,TR061647,OSGB,100,51.34394836,0.957963169,51.34346008,0.959646285,1432.0,405.0,TR060646,17. Dry semi/unimproved (flower rich) neutral grassland,,,,"Longer, tussocky grassland along base of sea wall with shorter sward on landward side",L6 - Outdoor amenity and open spaces,,Berm of sea wall,Beth Pateman,11:45,12:50,Sunny,3. Leaves and twigs in slight motion,20.0,NHMSYS0000875593,,Bombus sylvarum,0,1,0,0,,,Red Clover,02/06/2018,02/06/2018,D,2018,6,2,False,22,1,2017-2018,7
104290,113206,6933958.0,iBRC6933958,RSPB Rainham Marshes - centre-woodland,RSPB Rainham Marshes - centre-woodland - S5,South Essex,2015.0,TQ549790,OSGB,100,51.48868179,0.229724601,51.48822021,0.231344625,2033.0,280.0,TQ549793,16. Dry semi/unimproved acid grassland,,,,"Acid grassland with areas of ragwort, nettle, chicory and vervain and patches of bare ground.",L6 - Outdoor amenity and open spaces,,Nature reserve,"Hoare, Jerry",11:10,12:25,Sunny,1. Slight smoke drift,24.0,NHMSYS0000875593,,Bombus sylvarum,0,1,0,0,,,,13/06/2018,13/06/2018,D,2018,6,13,False,24,1,2017-2018,30
105698,93698,8966551.0,iBRC8966551,Henry Lang Meadow,Henry Lang Meadow - S2,,2018.0,ST397234,OSGB,100,51.00675201,-2.860864878,51.00628281,-2.859551907,1147.0,405.0,ST397233,17. Dry semi/unimproved (flower rich) neutral grassland,,,,,L1 - Agriculture,,Traditionally Manged Hay Meadow - different species composition to S1,"Headley, Daisy",11:30,12:30,Sunny,Not recorded/no data,20.0,NHMSYS0000875593,,Bombus sylvarum,0,1,0,0,,,Knapweed,19/06/2018,19/06/2018,D,2018,6,19,False,25,1,2017-2018,1
105775,106634,7386801.0,iBRC7386801,Canvey Wick Nature Reserve,Canvey Wick Nature Reserve - S1,South Essex,2018.0,TQ766833,OSGB,100,51.52095413,0.544118643,51.52048874,0.545769393,1408.0,196.0,TQ765835,,,,,,,,,"Dahl-Meadows, Saskia",14:20,15:50,Sunny/Cloudy,4. Dust raised and small branches move,22.0,NHMSYS0000875593,,Bombus sylvarum,0,0,0,3,,,,19/06/2018,19/06/2018,D,2018,6,19,False,25,3,2017-2018,17
105784,106627,7386809.0,iBRC7386809,Canvey Wick Nature Reserve,Canvey Wick Nature Reserve - S4,South Essex,2018.0,TQ766833,OSGB,100,51.52095413,0.544118643,51.52048874,0.545769393,1408.0,251.0,TQ768832,,,,,,,,,"Dahl-Meadows, Saskia",14:20,15:50,Sunny/Cloudy,4. Dust raised and small branches move,22.0,NHMSYS0000875593,,Bombus sylvarum,0,0,0,1,,,,19/06/2018,19/06/2018,D,2018,6,19,False,25,1,2017-2018,17
106935,99595,8029316.0,iBRC8029316,Marine Parade,Marine Parade - S1,East Kent,2018.0,TQ942746,OSGB,100,51.43704605,0.792724133,51.43656921,0.794395208,1237.0,458.0,TQ944745,8. Coastal shingle,17. Dry semi/unimproved (flower rich) neutral grassland,21. Stands of tall herbs (e.g. nettle and willow-herb beds),,"Flower-rich shingle sea defence, with some areas dominated by Sea Couch-grass",L6 - Outdoor amenity and open spaces,L14 - Car parks,Well walked area with a car park at the top of the sea wall.,Beth Pateman & Ryan Gevaux-Ross,14:10,15:15,Sunny,3. Leaves and twigs in slight motion,21.0,NHMSYS0000875593,,Bombus sylvarum,1,0,0,0,,,Lucerne,23/06/2018,23/06/2018,D,2018,6,23,False,25,1,2017-2018,1
107983,110554,7083451.0,iBRC7083451,Cliffe Marshes,Cliffe Marshes - S6,West Kent,2018.0,TQ738768,OSGB,100,51.46343613,0.500613332,51.46296692,0.502257943,4008.0,680.0,TQ730767,25. Hedgerows,,,,,L6 - Outdoor amenity and open spaces,,,"Belsey, Sonia",12:42,14:35,Sunny,4. Dust raised and small branches move,25.0,NHMSYS0000875593,,Bombus sylvarum,0,1,0,0,,,,27/06/2018,27/06/2018,D,2018,6,27,False,26,1,2017-2018,6
110828,102458,7719137.0,iBRC7719137,RSPB Rainham Marshes - centre-woodland,RSPB Rainham Marshes - centre-woodland - S1,South Essex,2015.0,TQ549790,OSGB,100,51.48868179,0.229724601,51.48822021,0.231344625,2033.0,61.0,TQ548787,39. Ornamental shrubs/trees/lawns of churches/parks/domestic gardens etc,,,,An area known as the wildlife garden which consists mainly of pollen-rich non-native plants.,L6 - Outdoor amenity and open spaces,,Nature reserve,"Hoare, Jerry",11:10,12:20,Sunny/Cloudy,"2. Wind felt on face, leaves rustle",20.0,NHMSYS0000875593,,Bombus sylvarum,0,1,0,0,,,,11/07/2018,11/07/2018,D,2018,7,11,False,28,1,2017-2018,30
110836,102457,7719138.0,iBRC7719138,RSPB Rainham Marshes - centre-woodland,RSPB Rainham Marshes - centre-woodland - S2,South Essex,2015.0,TQ549790,OSGB,100,51.48868179,0.229724601,51.48822021,0.231344625,2033.0,498.0,TQ547787,17. Dry semi/unimproved (flower rich) neutral grassland,22. Dry scrub/shrub thickets,21. Stands of tall herbs (e.g. nettle and willow-herb beds),,"Area bordering the visitor trail consists f recently planted native shrubs and contains areas of nettle and black horehound, ragwort, tufted vetch and black mustard with areas of bramble.",L6 - Outdoor amenity and open spaces,,Nature reserve,"Hoare, Jerry",11:10,12:20,Sunny/Cloudy,"2. Wind felt on face, leaves rustle",20.0,NHMSYS0000875593,,Bombus sylvarum,0,2,0,0,,,,11/07/2018,11/07/2018,D,2018,7,11,False,28,2,2017-2018,30
110859,104545,7498909.0,iBRC7498909,Cliffe RSPB,Cliffe RSPB - S2,West Kent,2018.0,TQ724762,OSGB,100,51.45847321,0.480178505,51.458004,0.481821001,1657.0,908.0,TQ730766,22. Dry scrub/shrub thickets,,,,,L6 - Outdoor amenity and open spaces,,"old gravel workings, now a nature reserve","Cobb, Alan",11:30,14:00,Sunny,"2. Wind felt on face, leaves rustle",24.0,NHMSYS0000875593,,Bombus sylvarum,0,3,0,0,,,Bramble,11/07/2018,11/07/2018,D,2018,7,11,False,28,3,2017-2018,28
110977,102432,7719177.0,iBRC7719177,RSPB Rainham Marshes - river wall & anthill,RSPB Rainham Marshes - river wall & anthill - S1,South Essex,2018.0,TQ542789,OSGB,100,51.48797607,0.219601795,51.4875145,0.221220836,2026.0,400.0,TQ547787,17. Dry semi/unimproved (flower rich) neutral grassland,,,,,L6 - Outdoor amenity and open spaces,,,"Hoare, Jerry",14:00,15:10,Cloudy,3. Leaves and twigs in slight motion,22.0,NHMSYS0000875593,,Bombus sylvarum,0,1,0,0,,,,11/07/2018,11/07/2018,D,2018,7,11,False,28,1,2017-2018,64
110985,102426,7719183.0,iBRC7719183,RSPB Rainham Marshes - river wall & anthill,RSPB Rainham Marshes - river wall & anthill - S3,South Essex,2018.0,TQ542789,OSGB,100,51.48797607,0.219601795,51.4875145,0.221220836,2026.0,265.0,TQ541789,17. Dry semi/unimproved (flower rich) neutral grassland,,,,,L6 - Outdoor amenity and open spaces,,,"Hoare, Jerry",14:00,15:10,Cloudy,3. Leaves and twigs in slight motion,22.0,NHMSYS0000875593,,Bombus sylvarum,0,1,0,0,,,,11/07/2018,11/07/2018,D,2018,7,11,False,28,1,2017-2018,64
110987,102423,7719186.0,iBRC7719186,RSPB Rainham Marshes - river wall & anthill,RSPB Rainham Marshes - river wall & anthill - S4,South Essex,2018.0,TQ542789,OSGB,100,51.48797607,0.219601795,51.4875145,0.221220836,2026.0,88.0,TQ540791,17. Dry semi/unimproved (flower rich) neutral grassland,,,,,L6 - Outdoor amenity and open spaces,,,"Hoare, Jerry",14:00,15:10,Cloudy,3. Leaves and twigs in slight motion,22.0,NHMSYS0000875593,,Bombus sylvarum,0,1,0,0,,,,11/07/2018,11/07/2018,D,2018,7,11,False,28,1,2017-2018,64
110988,102420,7719189.0,iBRC7719189,RSPB Rainham Marshes - river wall & anthill,RSPB Rainham Marshes - river wall & anthill - S5,South Essex,2018.0,TQ542789,OSGB,100,51.48797607,0.219601795,51.4875145,0.221220836,2026.0,152.0,TQ540791,17. Dry semi/unimproved (flower rich) neutral grassland,,,,,L6 - Outdoor amenity and open spaces,,,"Hoare, Jerry",14:00,15:10,Cloudy,3. Leaves and twigs in slight motion,22.0,NHMSYS0000875593,,Bombus sylvarum,0,2,0,0,,,,11/07/2018,11/07/2018,D,2018,7,11,False,28,2,2017-2018,64
113931,106579,7388220.0,iBRC7388220,Canvey Wick Nature Reserve,Canvey Wick Nature Reserve - S2,South Essex,2018.0,TQ766833,OSGB,100,51.52095413,0.544118643,51.52048874,0.545769393,1408.0,395.0,TQ764833,,,,,,,,,"Dahl-Meadows, Saskia",15:40,17:07,Cloudy,1. Slight smoke drift,20.0,NHMSYS0000875593,,Bombus sylvarum,0,0,0,3,,,,20/07/2018,20/07/2018,D,2018,7,20,False,29,3,2017-2018,17
113933,106574,7388225.0,iBRC7388225,Canvey Wick Nature Reserve,Canvey Wick Nature Reserve - S3,South Essex,2018.0,TQ766833,OSGB,100,51.52095413,0.544118643,51.52048874,0.545769393,1408.0,117.0,TQ768831,,,,,,,,,"Dahl-Meadows, Saskia",15:40,17:07,Cloudy,1. Slight smoke drift,20.0,NHMSYS0000875593,,Bombus sylvarum,0,0,0,2,,,,20/07/2018,20/07/2018,D,2018,7,20,False,29,2,2017-2018,17
113936,106572,7388227.0,iBRC7388227,Canvey Wick Nature Reserve,Canvey Wick Nature Reserve - S5,South Essex,2018.0,TQ766833,OSGB,100,51.52095413,0.544118643,51.52048874,0.545769393,1408.0,185.0,TQ767834,,,,,,,,,"Dahl-Meadows, Saskia",15:40,17:07,Cloudy,1. Slight smoke drift,20.0,NHMSYS0000875593,,Bombus sylvarum,0,0,0,1,,,,20/07/2018,20/07/2018,D,2018,7,20,False,29,1,2017-2018,17
115866,94100,8885873.0,iBRC8885873,RSPB West Canvey Marsh,RSPB West Canvey Marsh - S6,,2017.0,TQ770846,OSGB,100,51.53250504,0.550533235,51.53203964,0.552184999,2525.0,519.0,TQ765849,17. Dry semi/unimproved (flower rich) neutral grassland,25. Hedgerows,"32. Bare ground/woodland herb/grass mosaics of woodland rides, hedgebanks and green lanes",,footpath flanked by hay meadow and hedgerow. nettle species and other flowering plants grow on footpath edges,L6 - Outdoor amenity and open spaces,L1 - Agriculture,footpath edges are mown periodically throughout summer to keep footpath open.,"Holden, Rosemary",09:10,10:30,Sunny,"2. Wind felt on face, leaves rustle",30.0,NHMSYS0000875593,,Bombus sylvarum,1,0,0,0,,,common knapweed,27/07/2018,27/07/2018,D,2018,7,27,False,30,1,2017-2018,65
115871,94105,8885868.0,iBRC8885868,RSPB West Canvey Marsh,RSPB West Canvey Marsh - S6,,2017.0,TQ770846,OSGB,100,51.53250504,0.550533235,51.53203964,0.552184999,2525.0,519.0,TQ765849,17. Dry semi/unimproved (flower rich) neutral grassland,25. Hedgerows,"32. Bare ground/woodland herb/grass mosaics of woodland rides, hedgebanks and green lanes",,footpath flanked by hay meadow and hedgerow. nettle species and other flowering plants grow on footpath edges,L6 - Outdoor amenity and open spaces,L1 - Agriculture,footpath edges are mown periodically throughout summer to keep footpath open.,"Holden, Rosemary",09:10,10:30,Sunny,"2. Wind felt on face, leaves rustle",30.0,NHMSYS0000875593,,Bombus sylvarum,1,0,0,0,,,black horehoud,27/07/2018,27/07/2018,D,2018,7,27,False,30,1,2017-2018,65
116169,94140,8885563.0,iBRC8885563,RSPB Vange Wick,RSPB Vange Wick - S1,South Essex,2017.0,TQ729857,OSGB,100,51.54366302,0.492025882,51.54320908,0.493673146,2975.0,303.0,TQ732852,19. Seasonally wet and wet marshy grasslands,14. Inland swamp/fen stands without open water (e.g. reed and sedgebeds),,,"Semi improved, cattle grazed neutral lowland wet grassland with ditches, nearby reedbed.",L6 - Outdoor amenity and open spaces,L1 - Agriculture,,"Holden, Rosemary",10:30,12:30,Sunny/Cloudy,1. Slight smoke drift,27.0,NHMSYS0000875593,,Bombus sylvarum,0,3,0,0,,,thistle,30/07/2018,30/07/2018,D,2018,7,30,False,31,3,2017-2018,10
116174,94136,8885567.0,iBRC8885567,RSPB Vange Wick,RSPB Vange Wick - S2,South Essex,2017.0,TQ729857,OSGB,100,51.54366302,0.492025882,51.54320908,0.493673146,2975.0,388.0,TQ735852,19. Seasonally wet and wet marshy grasslands,14. Inland swamp/fen stands without open water (e.g. reed and sedgebeds),,,"Semi improved, cattle grazed neutral lowland wet grassland with ditches, nearby reedbed.",L6 - Outdoor amenity and open spaces,L1 - Agriculture,,"Holden, Rosemary",10:30,12:30,Sunny/Cloudy,1. Slight smoke drift,27.0,NHMSYS0000875593,,Bombus sylvarum,0,4,0,0,,,thistle,30/07/2018,30/07/2018,D,2018,7,30,False,31,4,2017-2018,10
116181,94132,8885571.0,iBRC8885571,RSPB Vange Wick,RSPB Vange Wick - S4,South Essex,2017.0,TQ729857,OSGB,100,51.54366302,0.492025882,51.54320908,0.493673146,2975.0,528.0,TQ733857,17. Dry semi/unimproved (flower rich) neutral grassland,22. Dry scrub/shrub thickets,14. Inland swamp/fen stands without open water (e.g. reed and sedgebeds),,"neutral semi improved cattle grazed grassland, some scattered scrub, beside borrowdyke with reeds and rushes.",L6 - Outdoor amenity and open spaces,L1 - Agriculture,,"Holden, Rosemary",10:30,12:30,Sunny/Cloudy,1. Slight smoke drift,27.0,NHMSYS0000875593,,Bombus sylvarum,0,13,0,0,,,thistle,30/07/2018,30/07/2018,D,2018,7,30,False,31,13,2017-2018,10
116184,94127,8885576.0,iBRC8885576,RSPB Vange Wick,RSPB Vange Wick - S5,South Essex,2017.0,TQ729857,OSGB,100,51.54366302,0.492025882,51.54320908,0.493673146,2975.0,528.0,TQ729858,19. Seasonally wet and wet marshy grasslands,,,,"Handstanding track on neutral, semi improved lowland wet grassland with ditches, flashes and scrapes.",L6 - Outdoor amenity and open spaces,L1 - Agriculture,,"Holden, Rosemary",10:30,12:30,Sunny/Cloudy,1. Slight smoke drift,27.0,NHMSYS0000875593,,Bombus sylvarum,0,3,0,0,,,thistle,30/07/2018,30/07/2018,D,2018,7,30,False,31,3,2017-2018,10
116187,94124,8885579.0,iBRC8885579,RSPB Vange Wick,RSPB Vange Wick - S6,South Essex,2017.0,TQ729857,OSGB,100,51.54366302,0.492025882,51.54320908,0.493673146,2975.0,772.0,TQ726858,19. Seasonally wet and wet marshy grasslands,17. Dry semi/unimproved (flower rich) neutral grassland,,,"semi improved lowland wet grassland with ditches, flashes and scrapes.",L6 - Outdoor amenity and open spaces,L1 - Agriculture,,"Holden, Rosemary",10:30,12:30,Sunny/Cloudy,1. Slight smoke drift,27.0,NHMSYS0000875593,,Bombus sylvarum,0,4,0,0,,,thistle,30/07/2018,30/07/2018,D,2018,7,30,False,31,4,2017-2018,10
118302,103458,7628551.0,iBRC7628551,Cliffe RSPB,Cliffe RSPB - S2,West Kent,2018.0,TQ724762,OSGB,100,51.45847321,0.480178505,51.458004,0.481821001,1657.0,908.0,TQ730766,22. Dry scrub/shrub thickets,,,,,L6 - Outdoor amenity and open spaces,,"old gravel workings, now a nature reserve","Cobb, Alan",11:00,12:40,Cloudy,5. Small trees in leaf begin to sway,20.0,NHMSYS0000875593,,Bombus sylvarum,0,0,1,0,,,Great willowherb,12/08/2018,12/08/2018,D,2018,8,12,False,33,1,2017-2018,28
118367,98806,8137605.0,iBRC8137605,Northward Hill - footpath through scrub,Northward Hill - footpath through scrub - S1,West Kent,2018.0,TQ773764,OSGB,100,51.45875549,0.550737679,51.45828629,0.55238682,274.0,274.0,TQ772765,22. Dry scrub/shrub thickets,15. Dry semi/unimproved (flower rich) chalk/limestone grassland,,,"Footh path through ruderal/scrub/grassland area - surrounded by meadows used for hay, managed woodland and grazing marsh",L6 - Outdoor amenity and open spaces,L6 - Outdoor amenity and open spaces,RSPB Nature Reserve. Open to the public but majority of site is managed as grazing marsh/managed woodland.,"Fidczuk-Sterry, Kate",12:45,13:05,Sunny/Cloudy,3. Leaves and twigs in slight motion,21.0,NHMSYS0000875593,,Bombus sylvarum,0,1,0,0,,,Black horehound,13/08/2018,13/08/2018,D,2018,8,13,False,33,1,2017-2018,8
118369,98808,8137603.0,iBRC8137603,Northward Hill - footpath through scrub,Northward Hill - footpath through scrub - S1,West Kent,2018.0,TQ773764,OSGB,100,51.45875549,0.550737679,51.45828629,0.55238682,274.0,274.0,TQ772765,22. Dry scrub/shrub thickets,15. Dry semi/unimproved (flower rich) chalk/limestone grassland,,,"Footh path through ruderal/scrub/grassland area - surrounded by meadows used for hay, managed woodland and grazing marsh",L6 - Outdoor amenity and open spaces,L6 - Outdoor amenity and open spaces,RSPB Nature Reserve. Open to the public but majority of site is managed as grazing marsh/managed woodland.,"Fidczuk-Sterry, Kate",12:45,13:05,Sunny/Cloudy,3. Leaves and twigs in slight motion,21.0,NHMSYS0000875593,,Bombus sylvarum,0,0,1,0,,,Perennial sow thistle,13/08/2018,13/08/2018,D,2018,8,13,False,33,1,2017-2018,8
118370,98809,8137602.0,iBRC8137602,Northward Hill - footpath through scrub,Northward Hill - footpath through scrub - S1,West Kent,2018.0,TQ773764,OSGB,100,51.45875549,0.550737679,51.45828629,0.55238682,274.0,274.0,TQ772765,22. Dry scrub/shrub thickets,15. Dry semi/unimproved (flower rich) chalk/limestone grassland,,,"Footh path through ruderal/scrub/grassland area - surrounded by meadows used for hay, managed woodland and grazing marsh",L6 - Outdoor amenity and open spaces,L6 - Outdoor amenity and open spaces,RSPB Nature Reserve. Open to the public but majority of site is managed as grazing marsh/managed woodland.,"Fidczuk-Sterry, Kate",12:45,13:05,Sunny/Cloudy,3. Leaves and twigs in slight motion,21.0,NHMSYS0000875593,,Bombus sylvarum,0,2,0,0,,,Perennial sow thistle,13/08/2018,13/08/2018,D,2018,8,13,False,33,2,2017-2018,8
118825,99505,8029921.0,iBRC8029921,Swale Way,Swale Way - S2,East Kent,2018.0,TQ927645,OSGB,100,51.34684753,0.765687108,51.34636307,0.767352343,1116.0,387.0,TQ927646,17. Dry semi/unimproved (flower rich) neutral grassland,21. Stands of tall herbs (e.g. nettle and willow-herb beds),22. Dry scrub/shrub thickets,,Grassland with scrubby edge,L6 - Outdoor amenity and open spaces,L12 - Transport tracks and ways,Road verge,"Rosie Earwaker, Karen Thorpe & Ruth Moss",10:05,11:00,Cloudy,4. Dust raised and small branches move,18.0,NHMSYS0000875593,,Bombus sylvarum,0,1,0,0,,,Hawkweed Oxtongue,16/08/2018,16/08/2018,D,2018,8,16,False,33,1,2017-2018,9
118827,99507,8029919.0,iBRC8029919,Swale Way,Swale Way - S2,East Kent,2018.0,TQ927645,OSGB,100,51.34684753,0.765687108,51.34636307,0.767352343,1116.0,387.0,TQ927646,17. Dry semi/unimproved (flower rich) neutral grassland,21. Stands of tall herbs (e.g. nettle and willow-herb beds),22. Dry scrub/shrub thickets,,Grassland with scrubby edge,L6 - Outdoor amenity and open spaces,L12 - Transport tracks and ways,Road verge,"Rosie Earwaker, Karen Thorpe & Ruth Moss",10:05,11:00,Cloudy,4. Dust raised and small branches move,18.0,NHMSYS0000875593,,Bombus sylvarum,0,1,0,0,,,Bristly Oxtongue,16/08/2018,16/08/2018,D,2018,8,16,False,33,1,2017-2018,9
119056,99503,8029926.0,iBRC8029926,Shellness Road south,Shellness Road south - S1,East Kent,2018.0,TR045695,OSGB,100,51.38763046,0.937769532,51.387146,0.93945235,1190.0,172.0,TR044697,17. Dry semi/unimproved (flower rich) neutral grassland,21. Stands of tall herbs (e.g. nettle and willow-herb beds),19. Seasonally wet and wet marshy grasslands,,Neutral grassland which is very tussocky and grass dominated.  Some ditches and other water features.,L6 - Outdoor amenity and open spaces,L14 - Car parks,Part of coastal park with a car park occupying some of the site.,"Rosie Earwaker, Ruth Moss, Karen Thorpe & Dave Watson",14:25,15:10,Sunny/Cloudy,3. Leaves and twigs in slight motion,20.0,NHMSYS0000875593,,Bombus sylvarum,0,0,1,0,,,Teasel,17/08/2018,17/08/2018,D,2018,8,17,False,33,1,2017-2018,4
119057,99499,8029930.0,iBRC8029930,Shellness Road south,Shellness Road south - S2,East Kent,2018.0,TR045695,OSGB,100,51.38763046,0.937769532,51.387146,0.93945235,1190.0,295.0,TR045696,17. Dry semi/unimproved (flower rich) neutral grassland,21. Stands of tall herbs (e.g. nettle and willow-herb beds),19. Seasonally wet and wet marshy grasslands,,Neutral grassland which is very tussocky and grass dominated.  Some ditches and other water features.,L6 - Outdoor amenity and open spaces,,Part of a coastal park.,"Rosie Earwaker, Ruth Moss, Karen Thorpe & Dave Watson",14:25,15:10,Sunny/Cloudy,3. Leaves and twigs in slight motion,20.0,NHMSYS0000875593,,Bombus sylvarum,0,1,0,0,,,Common Bird's-foot-trefoil,17/08/2018,17/08/2018,D,2018,8,17,False,33,1,2017-2018,4
119058,99500,8029929.0,iBRC8029929,Shellness Road south,Shellness Road south - S2,East Kent,2018.0,TR045695,OSGB,100,51.38763046,0.937769532,51.387146,0.93945235,1190.0,295.0,TR045696,17. Dry semi/unimproved (flower rich) neutral grassland,21. Stands of tall herbs (e.g. nettle and willow-herb beds),19. Seasonally wet and wet marshy grasslands,,Neutral grassland which is very tussocky and grass dominated.  Some ditches and other water features.,L6 - Outdoor amenity and open spaces,,Part of a coastal park.,"Rosie Earwaker, Ruth Moss, Karen Thorpe & Dave Watson",14:25,15:10,Sunny/Cloudy,3. Leaves and twigs in slight motion,20.0,NHMSYS0000875593,,Bombus sylvarum,0,0,1,0,,,Black Horehound,17/08/2018,17/08/2018,D,2018,8,17,False,33,1,2017-2018,4
119059,99501,8029928.0,iBRC8029928,Shellness Road south,Shellness Road south - S2,East Kent,2018.0,TR045695,OSGB,100,51.38763046,0.937769532,51.387146,0.93945235,1190.0,295.0,TR045696,17. Dry semi/unimproved (flower rich) neutral grassland,21. Stands of tall herbs (e.g. nettle and willow-herb beds),19. Seasonally wet and wet marshy grasslands,,Neutral grassland which is very tussocky and grass dominated.  Some ditches and other water features.,L6 - Outdoor amenity and open spaces,,Part of a coastal park.,"Rosie Earwaker, Ruth Moss, Karen Thorpe & Dave Watson",14:25,15:10,Sunny/Cloudy,3. Leaves and twigs in slight motion,20.0,NHMSYS0000875593,,Bombus sylvarum,0,0,1,0,,,Spear Thistle,17/08/2018,17/08/2018,D,2018,8,17,False,33,1,2017-2018,4
119137,102955,7690739.0,iBRC7690739,"Riverside Country Park, Rainham","Riverside Country Park, Rainham - S4",East Kent,2011.0,TQ817676,OSGB,100,51.37831879,0.609495699,51.37783813,0.611147463,2015.0,705.0,TQ815678,22. Dry scrub/shrub thickets,15. Dry semi/unimproved (flower rich) chalk/limestone grassland,25. Hedgerows,,,L6 - Outdoor amenity and open spaces,,,"Springate, Simon",10:45,12:00,Sunny/Cloudy,4. Dust raised and small branches move,,NHMSYS0000875593,,Bombus sylvarum,0,3,0,0,,,Red Bartsia,18/08/2018,18/08/2018,D,2018,8,18,False,33,3,2017-2018,18
119483,103012,7688776.0,iBRC7688776,Lytes Cary Meadows,Lytes Cary Meadows - S1,North Somerset,2015.0,ST532259,OSGB,100,51.03049469,-2.66878891,51.03002548,-2.667457104,2319.0,338.0,ST537263,38. Bare ground/weeds of arable field margins or fallow/recently abandoned arable crops,25. Hedgerows,,,"Margin of arable field abutted by hedge (mainly blackthorn), margin partly mown on a regular basis as forms part of estate walk.",L1 - Agriculture,L6 - Outdoor amenity and open spaces,See above.,"Butler, John",14:23,15:16,Cloudy,3. Leaves and twigs in slight motion,21.0,NHMSYS0000875593,,Bombus sylvarum,0,1,0,0,,,red bartsia,20/08/2018,20/08/2018,D,2018,8,20,False,34,1,2017-2018,9
119723,102288,7726766.0,iBRC7726766,RSPB Rainham Marshes - centre-woodland,RSPB Rainham Marshes - centre-woodland - S2,South Essex,2015.0,TQ549790,OSGB,100,51.48868179,0.229724601,51.48822021,0.231344625,2033.0,498.0,TQ547787,17. Dry semi/unimproved (flower rich) neutral grassland,22. Dry scrub/shrub thickets,21. Stands of tall herbs (e.g. nettle and willow-herb beds),,"Area bordering the visitor trail consists f recently planted native shrubs and contains areas of nettle and black horehound, ragwort, tufted vetch and black mustard with areas of bramble.",L6 - Outdoor amenity and open spaces,,Nature reserve,"Hoare, Jerry",11:02,12:15,Cloudy,"2. Wind felt on face, leaves rustle",21.0,NHMSYS0000875593,,Bombus sylvarum,0,1,2,0,,,,22/08/2018,22/08/2018,D,2018,8,22,False,34,3,2017-2018,30
119729,102281,7726773.0,iBRC7726773,RSPB Rainham Marshes - centre-woodland,RSPB Rainham Marshes - centre-woodland - S5,South Essex,2015.0,TQ549790,OSGB,100,51.48868179,0.229724601,51.48822021,0.231344625,2033.0,280.0,TQ549793,16. Dry semi/unimproved acid grassland,,,,"Acid grassland with areas of ragwort, nettle, chicory and vervain and patches of bare ground.",L6 - Outdoor amenity and open spaces,,Nature reserve,"Hoare, Jerry",11:02,12:15,Cloudy,"2. Wind felt on face, leaves rustle",21.0,NHMSYS0000875593,,Bombus sylvarum,0,4,0,0,,,,22/08/2018,22/08/2018,D,2018,8,22,False,34,4,2017-2018,30
119766,102275,7726804.0,iBRC7726804,RSPB Rainham Marshes - river wall & anthill,RSPB Rainham Marshes - river wall & anthill - S1,South Essex,2018.0,TQ542789,OSGB,100,51.48797607,0.219601795,51.4875145,0.221220836,2026.0,400.0,TQ547787,17. Dry semi/unimproved (flower rich) neutral grassland,,,,,L6 - Outdoor amenity and open spaces,,,"Hoare, Jerry",14:00,15:10,Cloudy,"2. Wind felt on face, leaves rustle",21.0,NHMSYS0000875593,,Bombus sylvarum,0,6,0,2,,,,22/08/2018,22/08/2018,D,2018,8,22,False,34,8,2017-2018,64
119769,102269,7726810.0,iBRC7726810,RSPB Rainham Marshes - river wall & anthill,RSPB Rainham Marshes - river wall & anthill - S2,South Essex,2018.0,TQ542789,OSGB,100,51.48797607,0.219601795,51.4875145,0.221220836,2026.0,183.0,TQ543788,17. Dry semi/unimproved (flower rich) neutral grassland,,,,,L6 - Outdoor amenity and open spaces,,,"Hoare, Jerry",14:00,15:10,Cloudy,"2. Wind felt on face, leaves rustle",21.0,NHMSYS0000875593,,Bombus sylvarum,0,2,0,0,,,,22/08/2018,22/08/2018,D,2018,8,22,False,34,2,2017-2018,64
119774,102267,7726812.0,iBRC7726812,RSPB Rainham Marshes - river wall & anthill,RSPB Rainham Marshes - river wall & anthill - S3,South Essex,2018.0,TQ542789,OSGB,100,51.48797607,0.219601795,51.4875145,0.221220836,2026.0,265.0,TQ541789,17. Dry semi/unimproved (flower rich) neutral grassland,,,,,L6 - Outdoor amenity and open spaces,,,"Hoare, Jerry",14:00,15:10,Cloudy,"2. Wind felt on face, leaves rustle",21.0,NHMSYS0000875593,,Bombus sylvarum,0,2,0,0,,,,22/08/2018,22/08/2018,D,2018,8,22,False,34,2,2017-2018,64
119778,102265,7726814.0,iBRC7726814,RSPB Rainham Marshes - river wall & anthill,RSPB Rainham Marshes - river wall & anthill - S4,South Essex,2018.0,TQ542789,OSGB,100,51.48797607,0.219601795,51.4875145,0.221220836,2026.0,88.0,TQ540791,17. Dry semi/unimproved (flower rich) neutral grassland,,,,,L6 - Outdoor amenity and open spaces,,,"Hoare, Jerry",14:00,15:10,Cloudy,"2. Wind felt on face, leaves rustle",21.0,NHMSYS0000875593,,Bombus sylvarum,0,2,1,0,,,,22/08/2018,22/08/2018,D,2018,8,22,False,34,3,2017-2018,64
119780,102262,7726817.0,iBRC7726817,RSPB Rainham Marshes - river wall & anthill,RSPB Rainham Marshes - river wall & anthill - S5,South Essex,2018.0,TQ542789,OSGB,100,51.48797607,0.219601795,51.4875145,0.221220836,2026.0,152.0,TQ540791,17. Dry semi/unimproved (flower rich) neutral grassland,,,,,L6 - Outdoor amenity and open spaces,,,"Hoare, Jerry",14:00,15:10,Cloudy,"2. Wind felt on face, leaves rustle",21.0,NHMSYS0000875593,,Bombus sylvarum,0,3,0,0,,,,22/08/2018,22/08/2018,D,2018,8,22,False,34,3,2017-2018,64
119783,102259,7726820.0,iBRC7726820,RSPB Rainham Marshes - river wall & anthill,RSPB Rainham Marshes - river wall & anthill - S7,South Essex,2018.0,TQ542789,OSGB,100,51.48797607,0.219601795,51.4875145,0.221220836,2026.0,694.0,TQ540791,17. Dry semi/unimproved (flower rich) neutral grassland,,,,,L6 - Outdoor amenity and open spaces,,,"Hoare, Jerry",14:00,15:10,Cloudy,"2. Wind felt on face, leaves rustle",21.0,NHMSYS0000875593,,Bombus sylvarum,0,4,1,0,,,,22/08/2018,22/08/2018,D,2018,8,22,False,34,5,2017-2018,64
120182,94112,8885856.0,iBRC8885856,RSPB West Canvey Marsh,RSPB West Canvey Marsh - S4,,2017.0,TQ770846,OSGB,100,51.53250504,0.550533235,51.53203964,0.552184999,2525.0,460.0,TQ768845,25. Hedgerows,"32. Bare ground/woodland herb/grass mosaics of woodland rides, hedgebanks and green lanes",22. Dry scrub/shrub thickets,,"footpath between lines of dense hedgerow of elder, blackthorn, bramble, hawthorn, lined with nettle species and other flowering plants",L6 - Outdoor amenity and open spaces,,footpath sides are cut throughout summer to maintain open footpath,"Holden, Rosemary",10:45,12:00,Sunny,3. Leaves and twigs in slight motion,20.0,NHMSYS0000875593,,Bombus sylvarum,0,0,0,1,,,dandelion,27/08/2018,27/08/2018,D,2018,8,27,False,35,1,2017-2018,65
120183,94111,8885857.0,iBRC8885857,RSPB West Canvey Marsh,RSPB West Canvey Marsh - S5,,2017.0,TQ770846,OSGB,100,51.53250504,0.550533235,51.53203964,0.552184999,2525.0,460.0,TQ764847,17. Dry semi/unimproved (flower rich) neutral grassland,22. Dry scrub/shrub thickets,1. Marine saltmarshes/estuaries/saline reedbeds,,sea wall with long vegetation and scattered scrub. Grazed by cattle.,L6 - Outdoor amenity and open spaces,,grazed by cattle. public footpath through middle,"Holden, Rosemary",10:45,12:00,Sunny,3. Leaves and twigs in slight motion,20.0,NHMSYS0000875593,,Bombus sylvarum,0,0,0,1,,,bristly oxtongue,27/08/2018,27/08/2018,D,2018,8,27,False,35,1,2017-2018,65
120184,94110,8885858.0,iBRC8885858,RSPB West Canvey Marsh,RSPB West Canvey Marsh - S6,,2017.0,TQ770846,OSGB,100,51.53250504,0.550533235,51.53203964,0.552184999,2525.0,519.0,TQ765849,17. Dry semi/unimproved (flower rich) neutral grassland,25. Hedgerows,"32. Bare ground/woodland herb/grass mosaics of woodland rides, hedgebanks and green lanes",,footpath flanked by hay meadow and hedgerow. nettle species and other flowering plants grow on footpath edges,L6 - Outdoor amenity and open spaces,L1 - Agriculture,footpath edges are mown periodically throughout summer to keep footpath open.,"Holden, Rosemary",10:45,12:00,Sunny,3. Leaves and twigs in slight motion,20.0,NHMSYS0000875593,,Bombus sylvarum,0,0,0,2,,,common knapweed and bristly oxtongue,27/08/2018,27/08/2018,D,2018,8,27,False,35,2,2017-2018,65
121810,98797,8137690.0,iBRC8137690,Northward Hill - footpath through scrub,Northward Hill - footpath through scrub - S1,West Kent,2018.0,TQ773764,OSGB,100,51.45875549,0.550737679,51.45828629,0.55238682,274.0,274.0,TQ772765,22. Dry scrub/shrub thickets,15. Dry semi/unimproved (flower rich) chalk/limestone grassland,,,"Footh path through ruderal/scrub/grassland area - surrounded by meadows used for hay, managed woodland and grazing marsh",L6 - Outdoor amenity and open spaces,L6 - Outdoor amenity and open spaces,RSPB Nature Reserve. Open to the public but majority of site is managed as grazing marsh/managed woodland.,"Fidczuk-Sterry, Kate",14:45,15:00,Sunny/Cloudy,4. Dust raised and small branches move,20.0,NHMSYS0000875593,,Bombus sylvarum,0,0,0,1,,,White dead nettle,18/09/2018,18/09/2018,D,2018,9,18,False,38,1,2017-2018,8
121813,98800,8137687.0,iBRC8137687,Northward Hill - footpath through scrub,Northward Hill - footpath through scrub - S1,West Kent,2018.0,TQ773764,OSGB,100,51.45875549,0.550737679,51.45828629,0.55238682,274.0,274.0,TQ772765,22. Dry scrub/shrub thickets,15. Dry semi/unimproved (flower rich) chalk/limestone grassland,,,"Footh path through ruderal/scrub/grassland area - surrounded by meadows used for hay, managed woodland and grazing marsh",L6 - Outdoor amenity and open spaces,L6 - Outdoor amenity and open spaces,RSPB Nature Reserve. Open to the public but majority of site is managed as grazing marsh/managed woodland.,"Fidczuk-Sterry, Kate",14:45,15:00,Sunny/Cloudy,4. Dust raised and small branches move,20.0,NHMSYS0000875593,,Bombus sylvarum,0,0,1,0,,,Hoary ragwort,18/09/2018,18/09/2018,D,2018,9,18,False,38,1,2017-2018,8
121815,98802,8137685.0,iBRC8137685,Northward Hill - footpath through scrub,Northward Hill - footpath through scrub - S1,West Kent,2018.0,TQ773764,OSGB,100,51.45875549,0.550737679,51.45828629,0.55238682,274.0,274.0,TQ772765,22. Dry scrub/shrub thickets,15. Dry semi/unimproved (flower rich) chalk/limestone grassland,,,"Footh path through ruderal/scrub/grassland area - surrounded by meadows used for hay, managed woodland and grazing marsh",L6 - Outdoor amenity and open spaces,L6 - Outdoor amenity and open spaces,RSPB Nature Reserve. Open to the public but majority of site is managed as grazing marsh/managed woodland.,"Fidczuk-Sterry, Kate",14:45,15:00,Sunny/Cloudy,4. Dust raised and small branches move,20.0,NHMSYS0000875593,,Bombus sylvarum,0,1,0,0,,,White dead nettle,18/09/2018,18/09/2018,D,2018,9,18,False,38,1,2017-2018,8
122140,99162,8058399.0,iBRC8058399,"Riverside Country Park, Rainham","Riverside Country Park, Rainham - S4",East Kent,2011.0,TQ817676,OSGB,100,51.37831879,0.609495699,51.37783813,0.611147463,2015.0,705.0,TQ815678,22. Dry scrub/shrub thickets,15. Dry semi/unimproved (flower rich) chalk/limestone grassland,25. Hedgerows,,,L6 - Outdoor amenity and open spaces,,,"Springate, Simon",13:50,14:58,Sunny,3. Leaves and twigs in slight motion,,NHMSYS0000875593,,Bombus sylvarum,0,2,0,0,,,White Dead Nettle,27/09/2018,27/09/2018,D,2018,9,27,False,39,2,2017-2018,18
122179,98966,8128841.0,iBRC8128841,Swale Way,Swale Way - S2,East Kent,2018.0,TQ927645,OSGB,100,51.34684753,0.765687108,51.34636307,0.767352343,1116.0,387.0,TQ927646,17. Dry semi/unimproved (flower rich) neutral grassland,21. Stands of tall herbs (e.g. nettle and willow-herb beds),22. Dry scrub/shrub thickets,,Grassland with scrubby edge,L6 - Outdoor amenity and open spaces,L12 - Transport tracks and ways,Road verge,"Thorpe, Karen",15:00,15:40,Sunny,1. Slight smoke drift,21.0,NHMSYS0000875593,,Bombus sylvarum,0,0,1,1,,,lucerne,27/09/2018,27/09/2018,D,2018,9,27,False,39,2,2017-2018,9
122321,97289,8570036.0,iBRC8570036,Long Reach Sewage Treatment Works - C1b,Long Reach Sewage Treatment Works - C1b - S1,West Kent,2018.0,TQ55117653,OSGB,10,51.46643448,0.231658027,51.46596909,0.23327744,242.0,124.0,TQ551765,21. Stands of tall herbs (e.g. nettle and willow-herb beds),18. Agriculturally improved/re-seeded/heavily fertilised grassland,,,,L19 - Water storage and treatment,L14 - Car parks,,"Fidczuk-Sterry, Kate",12:00,12:20,Cloudy,1. Slight smoke drift,17.0,NHMSYS0000875593,,Bombus sylvarum,0,1,0,0,,,,03/10/2018,03/10/2018,D,2018,10,3,False,40,1,2017-2018,15
125567,128486,10034832.0,iBRC10034832,RSPB Rainham Marshes - river wall & anthill,RSPB Rainham Marshes - river wall & anthill - S3,,2018.0,TQ542789,OSGB,100,51.48797607,0.219601795,51.4875145,0.221220836,2026.0,265.0,TQ541789,17. Dry semi/unimproved (flower rich) neutral grassland,,,,,L6 - Outdoor amenity and open spaces,,,"Hoare, Jerry",14:00,15:20,Sunny,"2. Wind felt on face, leaves rustle",25.0,NHMSYS0000875593,Shrill Carder,Bombus sylvarum,1,0,0,0,,,,20/04/2019,20/04/2019,D,2019,4,20,False,16,1,2019-2020,64
126351,128446,10039551.0,iBRC10039551,Shellness Road north,Shellness Road north - S4,,2018.0,TR042699,OSGB,100,51.39132309,0.933699667,51.39084244,0.935382247,1345.0,402.0,TR043697,17. Dry semi/unimproved (flower rich) neutral grassland,21. Stands of tall herbs (e.g. nettle and willow-herb beds),30. Small man-made woodlands,,Rough grassland with woodland edge habitat.,L6 - Outdoor amenity and open spaces,,,"Moss, Ruth",11:15,12:00,Sunny/Cloudy,5. Small trees in leaf begin to sway,14.0,NHMSYS0000875593,Shrill Carder,Bombus sylvarum,1,0,0,0,,,Deadnettle,26/04/2019,26/04/2019,D,2019,4,26,False,17,1,2019-2020,3
127989,126516,10237455.0,iBRC10237455,RSPB Rainham Marshes - centre-woodland,RSPB Rainham Marshes - centre-woodland - S6,,2015.0,TQ549790,OSGB,100,51.48868179,0.229724601,51.48822021,0.231344625,2033.0,595.0,TQ548795,16. Dry semi/unimproved acid grassland,,,,"Acid grassland bordering a trackway, consisting of areas of bare ground and sand heaps. Further down the track there are areas of bramble, knapweed and fine grasses. There has been some recent planting of native shrubs towards the roadside of this area.",L12 - Transport tracks and ways,,Trackway with bordering land left for nature conservation interest.,"Hoare, Jerry",11:00,12:15,Sunny,"2. Wind felt on face, leaves rustle",22.0,NHMSYS0000875593,Shrill Carder,Bombus sylvarum,1,0,0,0,,,,15/05/2019,15/05/2019,D,2019,5,15,False,20,1,2019-2020,30
129838,126766,10225790.0,iBRC10225790,"Riverside Country Park, Rainham","Riverside Country Park, Rainham - S3",,2011.0,TQ817676,OSGB,100,51.37831879,0.609495699,51.37783813,0.611147463,2015.0,330.0,TQ818676,15. Dry semi/unimproved (flower rich) chalk/limestone grassland,25. Hedgerows,40. Bare ground/weed communities of post-industrial sites e.g. quarries/pits/road/rail/landfill,,,L6 - Outdoor amenity and open spaces,,,"Springate, Simon",11:02,12:40,Sunny/Cloudy,3. Leaves and twigs in slight motion,,NHMSYS0000875593,Shrill Carder,Bombus sylvarum,0,1,0,0,,,Thistle,25/05/2019,25/05/2019,D,2019,5,25,False,21,1,2019-2020,18
131593,152782,10312887.0,iBRC10312887,Cliffe RSPB,Cliffe RSPB - S2,West Kent,2018.0,TQ724762,OSGB,100,51.45847321,0.480178505,51.458004,0.481821001,1657.0,1621.0,TQ725777,19. Seasonally wet and wet marshy grasslands,22. Dry scrub/shrub thickets,,,Rank grass to path edges beyond which is sheep grazed fresh marsh on one side and heavily grazed shrubby grassland. (This area used to be rank grass and shrub but is now heavily cattle grazed with a much reduced surcud height). 50% of scrub now removed.,,,,"Cobb, Alan",11:15,12:50,Sunny,4. Dust raised and small branches move,20.0,NHMSYS0000875593,Shrill Carder,Bombus sylvarum,2,0,0,0,,,bramble,03/06/2019,03/06/2019,D,2019,6,3,False,23,2,2019-2020,28
135382,150453,10466115.0,iBRC10466115,Ellenden Farm,Ellenden Farm - S3,,2019.0,TR099630,OSGB,100,51.32728958,1.011442542,51.3268013,1.013130069,2312.0,200.0,TR097629,,,,,,,,,"Cartwright, Bex",13:15,15:00,Sunny,3. Leaves and twigs in slight motion,18.0,NHMSYS0000875593,Shrill Carder,Bombus sylvarum,1,0,0,0,foraging on patch of red clover at field edge,,red clover,18/06/2019,18/06/2019,D,2019,6,18,False,25,1,2019-2020,11
136638,145428,10838675.0,iBRC10838675,RSPB Rainham Marshes - river wall & anthill,RSPB Rainham Marshes - river wall & anthill - S1,,2018.0,TQ542789,OSGB,100,51.48797607,0.219601795,51.4875145,0.221220836,2026.0,400.0,TQ547787,17. Dry semi/unimproved (flower rich) neutral grassland,,,,,L6 - Outdoor amenity and open spaces,,,"Hoare, Jerry",14:10,15:50,Cloudy,1. Slight smoke drift,22.0,NHMSYS0000875593,Shrill Carder,Bombus sylvarum,1,0,0,0,,,,21/06/2019,21/06/2019,D,2019,6,21,False,25,1,2019-2020,64
136643,145415,10838688.0,iBRC10838688,RSPB Rainham Marshes - river wall & anthill,RSPB Rainham Marshes - river wall & anthill - S3,,2018.0,TQ542789,OSGB,100,51.48797607,0.219601795,51.4875145,0.221220836,2026.0,265.0,TQ541789,17. Dry semi/unimproved (flower rich) neutral grassland,,,,,L6 - Outdoor amenity and open spaces,,,"Hoare, Jerry",14:10,15:50,Cloudy,1. Slight smoke drift,22.0,NHMSYS0000875593,Shrill Carder,Bombus sylvarum,1,0,0,0,,,,21/06/2019,21/06/2019,D,2019,6,21,False,25,1,2019-2020,64
136651,145405,10838698.0,iBRC10838698,RSPB Rainham Marshes - river wall & anthill,RSPB Rainham Marshes - river wall & anthill - S7,,2018.0,TQ542789,OSGB,100,51.48797607,0.219601795,51.4875145,0.221220836,2026.0,694.0,TQ540791,17. Dry semi/unimproved (flower rich) neutral grassland,,,,,L6 - Outdoor amenity and open spaces,,,"Hoare, Jerry",14:10,15:50,Cloudy,1. Slight smoke drift,22.0,NHMSYS0000875593,Shrill Carder,Bombus sylvarum,1,0,0,0,,,,21/06/2019,21/06/2019,D,2019,6,21,False,25,1,2019-2020,64
141664,131944,12079447.0,iBRC12079447,Victory Wood One,Victory Wood One - S1,,2019.0,TR090624,OSGB,100,51.32223129,0.998196304,51.32174301,0.9998824,2402.0,348.0,TR086626,18. Agriculturally improved/re-seeded/heavily fertilised grassland,,,,,L6 - Outdoor amenity and open spaces,,,"Inglis, Claire",09:00,10:35,Cloudy,1. Slight smoke drift,14.0,NHMSYS0000875593,Shrill Carder,Bombus sylvarum,0,2,0,0,One moved between this and red clover,,Red Bartsia,09/07/2019,09/07/2019,D,2019,7,9,False,28,2,2019-2020,47
141671,131938,12079453.0,iBRC12079453,Victory Wood One,Victory Wood One - S3,,2019.0,TR090624,OSGB,100,51.32223129,0.998196304,51.32174301,0.9998824,2402.0,767.0,TR088626,18. Agriculturally improved/re-seeded/heavily fertilised grassland,,,,,L6 - Outdoor amenity and open spaces,,,"Inglis, Claire",09:00,10:35,Cloudy,1. Slight smoke drift,14.0,NHMSYS0000875593,Shrill Carder,Bombus sylvarum,0,1,0,0,,,Red Bartsia,09/07/2019,09/07/2019,D,2019,7,9,False,28,1,2019-2020,47
141672,131939,12079452.0,iBRC12079452,Victory Wood One,Victory Wood One - S3,,2019.0,TR090624,OSGB,100,51.32223129,0.998196304,51.32174301,0.9998824,2402.0,767.0,TR088626,18. Agriculturally improved/re-seeded/heavily fertilised grassland,,,,,L6 - Outdoor amenity and open spaces,,,"Inglis, Claire",09:00,10:35,Cloudy,1. Slight smoke drift,14.0,NHMSYS0000875593,Shrill Carder,Bombus sylvarum,0,1,0,0,,,Red Clover,09/07/2019,09/07/2019,D,2019,7,9,False,28,1,2019-2020,47
141673,131933,12079458.0,iBRC12079458,Victory Wood One,Victory Wood One - S4,,2019.0,TR090624,OSGB,100,51.32223129,0.998196304,51.32174301,0.9998824,2402.0,414.0,TR093620,18. Agriculturally improved/re-seeded/heavily fertilised grassland,30. Small man-made woodlands,,,,L6 - Outdoor amenity and open spaces,L3 - Managed forest,,"Inglis, Claire",09:00,10:35,Cloudy,1. Slight smoke drift,14.0,NHMSYS0000875593,Shrill Carder,Bombus sylvarum,0,1,0,0,,,Red Clover,09/07/2019,09/07/2019,D,2019,7,9,False,28,1,2019-2020,47
141674,131934,12079457.0,iBRC12079457,Victory Wood One,Victory Wood One - S4,,2019.0,TR090624,OSGB,100,51.32223129,0.998196304,51.32174301,0.9998824,2402.0,414.0,TR093620,18. Agriculturally improved/re-seeded/heavily fertilised grassland,30. Small man-made woodlands,,,,L6 - Outdoor amenity and open spaces,L3 - Managed forest,,"Inglis, Claire",09:00,10:35,Cloudy,1. Slight smoke drift,14.0,NHMSYS0000875593,Shrill Carder,Bombus sylvarum,0,3,0,0,,,Red Bartsia,09/07/2019,09/07/2019,D,2019,7,9,False,28,3,2019-2020,47
141748,135961,11779853.0,iBRC11779853,RSPB West Canvey Marsh,RSPB West Canvey Marsh - S4,,2017.0,TQ770846,OSGB,100,51.53250504,0.550533235,51.53203964,0.552184999,2525.0,460.0,TQ768845,25. Hedgerows,"32. Bare ground/woodland herb/grass mosaics of woodland rides, hedgebanks and green lanes",22. Dry scrub/shrub thickets,,"footpath between lines of dense hedgerow of elder, blackthorn, bramble, hawthorn, lined with nettle species and other flowering plants",L6 - Outdoor amenity and open spaces,,footpath sides are cut throughout summer to maintain open footpath,"Hill, Andy",13:30,15:30,Cloudy,"2. Wind felt on face, leaves rustle",20.0,NHMSYS0000875593,Shrill Carder,Bombus sylvarum,2,0,0,0,,,black horehound,09/07/2019,09/07/2019,D,2019,7,9,False,28,2,2019-2020,65
141749,135962,11779852.0,iBRC11779852,RSPB West Canvey Marsh,RSPB West Canvey Marsh - S4,,2017.0,TQ770846,OSGB,100,51.53250504,0.550533235,51.53203964,0.552184999,2525.0,460.0,TQ768845,25. Hedgerows,"32. Bare ground/woodland herb/grass mosaics of woodland rides, hedgebanks and green lanes",22. Dry scrub/shrub thickets,,"footpath between lines of dense hedgerow of elder, blackthorn, bramble, hawthorn, lined with nettle species and other flowering plants",L6 - Outdoor amenity and open spaces,,footpath sides are cut throughout summer to maintain open footpath,"Hill, Andy",13:30,15:30,Cloudy,"2. Wind felt on face, leaves rustle",20.0,NHMSYS0000875593,Shrill Carder,Bombus sylvarum,0,1,0,0,,,black horehound,09/07/2019,09/07/2019,D,2019,7,9,False,28,1,2019-2020,65
143028,144485,10953083.0,iBRC10953083,Lytes Cary,Lytes Cary - S2,,2013.0,ST535267,OSGB,100,51.03770447,-2.664609194,51.03723526,-2.663276672,1940.0,576.0,ST532267,38. Bare ground/weeds of arable field margins or fallow/recently abandoned arable crops,,,,,L1 - Agriculture,,,"Butler, John",13:07,14:59,Sunny/Cloudy,3. Leaves and twigs in slight motion,22.0,NHMSYS0000875593,Shrill Carder,Bombus sylvarum,0,1,0,0,,,white clover,16/07/2019,16/07/2019,D,2019,7,16,False,29,1,2019-2020,12
143382,139283,11538919.0,iBRC11538919,RSPB Rainham Marshes - river wall & anthill,RSPB Rainham Marshes - river wall & anthill - S2,,2018.0,TQ542789,OSGB,100,51.48797607,0.219601795,51.4875145,0.221220836,2026.0,183.0,TQ543788,17. Dry semi/unimproved (flower rich) neutral grassland,,,,,L6 - Outdoor amenity and open spaces,,,"Hoare, Jerry",14:00,14:55,Sunny/Cloudy,3. Leaves and twigs in slight motion,27.0,NHMSYS0000875593,Shrill Carder,Bombus sylvarum,0,1,0,0,,,,17/07/2019,17/07/2019,D,2019,7,17,False,29,1,2019-2020,64
147459,141591,11251232.0,iBRC11251232,Ellenden Farm,Ellenden Farm - S4,,2019.0,TR099630,OSGB,100,51.32728958,1.011442542,51.3268013,1.013130069,2312.0,783.0,TR097631,,,,,,,,,"Cartwright, Bex",14:30,16:05,Sunny,1. Slight smoke drift,24.0,NHMSYS0000875593,Shrill Carder,Bombus sylvarum,0,4,0,0,,,Alsike clover,01/08/2019,01/08/2019,D,2019,8,1,False,31,4,2019-2020,11
147614,141318,11292791.0,iBRC11292791,Victory Wood One,Victory Wood One - S1,,2019.0,TR090624,OSGB,100,51.32223129,0.998196304,51.32174301,0.9998824,2402.0,348.0,TR086626,18. Agriculturally improved/re-seeded/heavily fertilised grassland,,,,,L6 - Outdoor amenity and open spaces,,,"Inglis, Claire",14:05,16:20,Sunny,0. Smoke rises vertically,25.0,NHMSYS0000875593,Shrill Carder,Bombus sylvarum,0,1,0,0,,,Red Clover,02/08/2019,02/08/2019,D,2019,8,2,False,31,1,2019-2020,47
147615,141319,11292790.0,iBRC11292790,Victory Wood One,Victory Wood One - S1,,2019.0,TR090624,OSGB,100,51.32223129,0.998196304,51.32174301,0.9998824,2402.0,348.0,TR086626,18. Agriculturally improved/re-seeded/heavily fertilised grassland,,,,,L6 - Outdoor amenity and open spaces,,,"Inglis, Claire",14:05,16:20,Sunny,0. Smoke rises vertically,25.0,NHMSYS0000875593,Shrill Carder,Bombus sylvarum,0,1,0,0,Caught in flight between flowers,,,02/08/2019,02/08/2019,D,2019,8,2,False,31,1,2019-2020,47
147630,141334,11292775.0,iBRC11292775,Victory Wood One,Victory Wood One - S1,,2019.0,TR090624,OSGB,100,51.32223129,0.998196304,51.32174301,0.9998824,2402.0,348.0,TR086626,18. Agriculturally improved/re-seeded/heavily fertilised grassland,,,,,L6 - Outdoor amenity and open spaces,,,"Inglis, Claire",14:05,16:20,Sunny,0. Smoke rises vertically,25.0,NHMSYS0000875593,Shrill Carder,Bombus sylvarum,0,1,0,0,,,Red Bartsia,02/08/2019,02/08/2019,D,2019,8,2,False,31,1,2019-2020,47
147643,141300,11292810.0,iBRC11292810,Victory Wood One,Victory Wood One - S3,,2019.0,TR090624,OSGB,100,51.32223129,0.998196304,51.32174301,0.9998824,2402.0,767.0,TR088626,18. Agriculturally improved/re-seeded/heavily fertilised grassland,,,,,L6 - Outdoor amenity and open spaces,,,"Inglis, Claire",14:05,16:20,Sunny,0. Smoke rises vertically,25.0,NHMSYS0000875593,Shrill Carder,Bombus sylvarum,0,1,0,0,,,Red Bartsia,02/08/2019,02/08/2019,D,2019,8,2,False,31,1,2019-2020,47
147666,141277,11292837.0,iBRC11292837,Victory Wood One,Victory Wood One - S5,,2019.0,TR090624,OSGB,100,51.32223129,0.998196304,51.32174301,0.9998824,2402.0,683.0,TR090621,18. Agriculturally improved/re-seeded/heavily fertilised grassland,25. Hedgerows,,,,L6 - Outdoor amenity and open spaces,L6 - Outdoor amenity and open spaces,,"Inglis, Claire",14:05,16:20,Sunny,0. Smoke rises vertically,25.0,NHMSYS0000875593,Shrill Carder,Bombus sylvarum,0,1,0,0,Along multiuser path,,Thistle,02/08/2019,02/08/2019,D,2019,8,2,False,31,1,2019-2020,47
147673,141285,11292828.0,iBRC11292828,Victory Wood One,Victory Wood One - S5,,2019.0,TR090624,OSGB,100,51.32223129,0.998196304,51.32174301,0.9998824,2402.0,683.0,TR090621,18. Agriculturally improved/re-seeded/heavily fertilised grassland,25. Hedgerows,,,,L6 - Outdoor amenity and open spaces,L6 - Outdoor amenity and open spaces,,"Inglis, Claire",14:05,16:20,Sunny,0. Smoke rises vertically,25.0,NHMSYS0000875593,Shrill Carder,Bombus sylvarum,0,0,2,0,"Section needs to be added to map- between end of section 4 and internal gate, round to multiuser path there is a whole path lined by red bartsia",,Red Clover,02/08/2019,02/08/2019,D,2019,8,2,False,31,2,2019-2020,47
147677,141289,11292823.0,iBRC11292823,Victory Wood One,Victory Wood One - S5,,2019.0,TR090624,OSGB,100,51.32223129,0.998196304,51.32174301,0.9998824,2402.0,683.0,TR090621,18. Agriculturally improved/re-seeded/heavily fertilised grassland,25. Hedgerows,,,,L6 - Outdoor amenity and open spaces,L6 - Outdoor amenity and open spaces,,"Inglis, Claire",14:05,16:20,Sunny,0. Smoke rises vertically,25.0,NHMSYS0000875593,Shrill Carder,Bombus sylvarum,0,6,0,0,"Section needs to be added to map- between end of section 4 and internal gate, round to multiuser path there is a whole path lined by red bartsia",,Red Bartsia,02/08/2019,02/08/2019,D,2019,8,2,False,31,6,2019-2020,47
148010,135943,11779949.0,iBRC11779949,RSPB West Canvey Marsh,RSPB West Canvey Marsh - S6,,2017.0,TQ770846,OSGB,100,51.53250504,0.550533235,51.53203964,0.552184999,2525.0,519.0,TQ765849,17. Dry semi/unimproved (flower rich) neutral grassland,25. Hedgerows,"32. Bare ground/woodland herb/grass mosaics of woodland rides, hedgebanks and green lanes",,footpath flanked by hay meadow and hedgerow. nettle species and other flowering plants grow on footpath edges,L6 - Outdoor amenity and open spaces,L1 - Agriculture,footpath edges are mown periodically throughout summer to keep footpath open.,"Hill, Andy",11:00,13:00,Sunny/Cloudy,3. Leaves and twigs in slight motion,25.0,NHMSYS0000875593,Shrill Carder,Bombus sylvarum,0,1,0,0,,,Birdsfoot trefoil,04/08/2019,04/08/2019,D,2019,8,4,False,32,1,2019-2020,65
148011,135944,11779948.0,iBRC11779948,RSPB West Canvey Marsh,RSPB West Canvey Marsh - S6,,2017.0,TQ770846,OSGB,100,51.53250504,0.550533235,51.53203964,0.552184999,2525.0,519.0,TQ765849,17. Dry semi/unimproved (flower rich) neutral grassland,25. Hedgerows,"32. Bare ground/woodland herb/grass mosaics of woodland rides, hedgebanks and green lanes",,footpath flanked by hay meadow and hedgerow. nettle species and other flowering plants grow on footpath edges,L6 - Outdoor amenity and open spaces,L1 - Agriculture,footpath edges are mown periodically throughout summer to keep footpath open.,"Hill, Andy",11:00,13:00,Sunny/Cloudy,3. Leaves and twigs in slight motion,25.0,NHMSYS0000875593,Shrill Carder,Bombus sylvarum,0,1,0,0,,,Knapweed,04/08/2019,04/08/2019,D,2019,8,4,False,32,1,2019-2020,65
150201,138026,11601751.0,iBRC11601751,Kenfig Castle,Kenfig Castle - S1,,2019.0,SS795827,OSGB,100,51.53026962,-3.738600969,51.52985764,-3.737356901,1895.0,494.0,SS800826,20. Bracken dominated glades or hillsides,,,,,L1 - Agriculture,,,"Carrington, David",14:40,15:42,Sunny,Not recorded/no data,20.0,NHMSYS0000875593,Shrill Carder,Bombus sylvarum,0,2,0,0,,,,13/08/2019,13/08/2019,D,2019,8,13,False,33,2,2019-2020,16
150204,138024,11601753.0,iBRC11601753,Kenfig Castle,Kenfig Castle - S2,,2019.0,SS795827,OSGB,100,51.53026962,-3.738600969,51.52985764,-3.737356901,1895.0,299.0,SS800826,4. Coastal dune and sand scrub,,,,,L1 - Agriculture,,,"Carrington, David",14:40,15:42,Sunny,Not recorded/no data,20.0,NHMSYS0000875593,Shrill Carder,Bombus sylvarum,0,20,0,0,,,,13/08/2019,13/08/2019,D,2019,8,13,False,33,20,2019-2020,16
150206,138021,11601756.0,iBRC11601756,Kenfig Castle,Kenfig Castle - S3,,2019.0,SS795827,OSGB,100,51.53026962,-3.738600969,51.52985764,-3.737356901,1895.0,96.0,SS797826,5. Coastal dune and sand woods,,,,,L1 - Agriculture,,,"Carrington, David",14:40,15:42,Sunny,Not recorded/no data,20.0,NHMSYS0000875593,Shrill Carder,Bombus sylvarum,0,5,0,0,,,,13/08/2019,13/08/2019,D,2019,8,13,False,33,5,2019-2020,16
150208,138019,11601758.0,iBRC11601758,Kenfig Castle,Kenfig Castle - S4,,2019.0,SS795827,OSGB,100,51.53026962,-3.738600969,51.52985764,-3.737356901,1895.0,512.0,SS796826,2. Coastal dune grassland,,,,,L1 - Agriculture,,,"Carrington, David",14:40,15:42,Sunny,Not recorded/no data,20.0,NHMSYS0000875593,Shrill Carder,Bombus sylvarum,0,3,0,0,,,,13/08/2019,13/08/2019,D,2019,8,13,False,33,3,2019-2020,16
150212,138018,11601759.0,iBRC11601759,Kenfig Castle,Kenfig Castle - S5,,2019.0,SS795827,OSGB,100,51.53026962,-3.738600969,51.52985764,-3.737356901,1895.0,494.0,SS796825,4. Coastal dune and sand scrub,,,,,L1 - Agriculture,,Light cattle grazing,"Carrington, David",14:40,15:42,Sunny,Not recorded/no data,20.0,NHMSYS0000875593,Shrill Carder,Bombus sylvarum,0,9,0,0,,,,13/08/2019,13/08/2019,D,2019,8,13,False,33,9,2019-2020,16
150932,138303,11584056.0,iBRC11584056,"Riverside Country Park, Rainham","Riverside Country Park, Rainham - S1",,2011.0,TQ817676,OSGB,100,51.37831879,0.609495699,51.37783813,0.611147463,2015.0,532.0,TQ822674,40. Bare ground/weed communities of post-industrial sites e.g. quarries/pits/road/rail/landfill,22. Dry scrub/shrub thickets,"24. Wet Willow scrub of fen, river and lake-side",,,L41 - Unused Land,L6 - Outdoor amenity and open spaces,,"Springate, Simon",13:42,15:28,Sunny/Cloudy,4. Dust raised and small branches move,,NHMSYS0000875593,Shrill Carder,Bombus sylvarum,0,1,0,0,,,Red Bartsia,19/08/2019,19/08/2019,D,2019,8,19,False,34,1,2019-2020,18
150965,138281,11584079.0,iBRC11584079,"Riverside Country Park, Rainham","Riverside Country Park, Rainham - S4",,2011.0,TQ817676,OSGB,100,51.37831879,0.609495699,51.37783813,0.611147463,2015.0,705.0,TQ815678,22. Dry scrub/shrub thickets,15. Dry semi/unimproved (flower rich) chalk/limestone grassland,25. Hedgerows,,,L6 - Outdoor amenity and open spaces,,,"Springate, Simon",13:42,15:28,Sunny/Cloudy,4. Dust raised and small branches move,,NHMSYS0000875593,Shrill Carder,Bombus sylvarum,0,1,0,0,,,Duke of Argyll's Teaplant,19/08/2019,19/08/2019,D,2019,8,19,False,34,1,2019-2020,18
150967,138283,11584076.0,iBRC11584076,"Riverside Country Park, Rainham","Riverside Country Park, Rainham - S4",,2011.0,TQ817676,OSGB,100,51.37831879,0.609495699,51.37783813,0.611147463,2015.0,705.0,TQ815678,22. Dry scrub/shrub thickets,15. Dry semi/unimproved (flower rich) chalk/limestone grassland,25. Hedgerows,,,L6 - Outdoor amenity and open spaces,,,"Springate, Simon",13:42,15:28,Sunny/Cloudy,4. Dust raised and small branches move,,NHMSYS0000875593,Shrill Carder,Bombus sylvarum,0,1,0,0,,,Black Horehound,19/08/2019,19/08/2019,D,2019,8,19,False,34,1,2019-2020,18
151012,139475,11531153.0,iBRC11531153,Ellenden Farm,Ellenden Farm - S2,,2019.0,TR099630,OSGB,100,51.32728958,1.011442542,51.3268013,1.013130069,2312.0,436.0,TR100626,,,,,,,,,"Cartwright, Bex",14:50,16:45,Sunny/Cloudy,3. Leaves and twigs in slight motion,21.0,NHMSYS0000875593,Shrill Carder,Bombus sylvarum,0,6,0,0,,,sunflower,19/08/2019,19/08/2019,D,2019,8,19,False,34,6,2019-2020,11
151020,139465,11531163.0,iBRC11531163,Ellenden Farm,Ellenden Farm - S4,,2019.0,TR099630,OSGB,100,51.32728958,1.011442542,51.3268013,1.013130069,2312.0,783.0,TR097631,,,,,,,,,"Cartwright, Bex",14:50,16:45,Sunny/Cloudy,3. Leaves and twigs in slight motion,21.0,NHMSYS0000875593,Shrill Carder,Bombus sylvarum,0,3,0,0,,,alsike clover/ bird's foot trefoil,19/08/2019,19/08/2019,D,2019,8,19,False,34,3,2019-2020,11
151553,139270,11538960.0,iBRC11538960,RSPB Rainham Marshes - centre-woodland,RSPB Rainham Marshes - centre-woodland - S1,,2015.0,TQ549790,OSGB,100,51.48868179,0.229724601,51.48822021,0.231344625,2033.0,61.0,TQ548787,39. Ornamental shrubs/trees/lawns of churches/parks/domestic gardens etc,,,,An area known as the wildlife garden which consists mainly of pollen-rich non-native plants.,L6 - Outdoor amenity and open spaces,,Nature reserve,"Hoare, Jerry",11:05,12:15,Sunny/Cloudy,3. Leaves and twigs in slight motion,21.0,NHMSYS0000875593,Shrill Carder,Bombus sylvarum,0,1,0,0,,,,21/08/2019,21/08/2019,D,2019,8,21,False,34,1,2019-2020,30
151564,139264,11538966.0,iBRC11538966,RSPB Rainham Marshes - centre-woodland,RSPB Rainham Marshes - centre-woodland - S3,,2015.0,TQ549790,OSGB,100,51.48868179,0.229724601,51.48822021,0.231344625,2033.0,329.0,TQ549790,30. Small man-made woodlands,22. Dry scrub/shrub thickets,,,"Recently planted woodland consisting of native species (hawthorn, willow, blackthorn) contains bramble, hogweed, ground ivy, bindweed and areas of buddleia.",L6 - Outdoor amenity and open spaces,,Nature reserve,"Hoare, Jerry",11:05,12:15,Sunny/Cloudy,3. Leaves and twigs in slight motion,21.0,NHMSYS0000875593,Shrill Carder,Bombus sylvarum,0,2,0,0,,,,21/08/2019,21/08/2019,D,2019,8,21,False,34,2,2019-2020,30
151569,139260,11538970.0,iBRC11538970,RSPB Rainham Marshes - centre-woodland,RSPB Rainham Marshes - centre-woodland - S5,,2015.0,TQ549790,OSGB,100,51.48868179,0.229724601,51.48822021,0.231344625,2033.0,280.0,TQ549793,16. Dry semi/unimproved acid grassland,,,,"Acid grassland with areas of ragwort, nettle, chicory and vervain and patches of bare ground.",L6 - Outdoor amenity and open spaces,,Nature reserve,"Hoare, Jerry",11:05,12:15,Sunny/Cloudy,3. Leaves and twigs in slight motion,21.0,NHMSYS0000875593,Shrill Carder,Bombus sylvarum,0,1,0,0,,,,21/08/2019,21/08/2019,D,2019,8,21,False,34,1,2019-2020,30
151690,135172,11822150.0,iBRC11822150,RSPB Rainham Marshes - river wall & anthill,RSPB Rainham Marshes - river wall & anthill - S1,,2018.0,TQ542789,OSGB,100,51.48797607,0.219601795,51.4875145,0.221220836,2026.0,400.0,TQ547787,17. Dry semi/unimproved (flower rich) neutral grassland,,,,,L6 - Outdoor amenity and open spaces,,,"Hoare, Jerry",14:05,16:00,Sunny/Cloudy,3. Leaves and twigs in slight motion,21.0,NHMSYS0000875593,Shrill Carder,Bombus sylvarum,0,6,0,0,,,,21/08/2019,21/08/2019,D,2019,8,21,False,34,6,2019-2020,64
151693,135167,11822155.0,iBRC11822155,RSPB Rainham Marshes - river wall & anthill,RSPB Rainham Marshes - river wall & anthill - S2,,2018.0,TQ542789,OSGB,100,51.48797607,0.219601795,51.4875145,0.221220836,2026.0,183.0,TQ543788,17. Dry semi/unimproved (flower rich) neutral grassland,,,,,L6 - Outdoor amenity and open spaces,,,"Hoare, Jerry",14:05,16:00,Sunny/Cloudy,3. Leaves and twigs in slight motion,21.0,NHMSYS0000875593,Shrill Carder,Bombus sylvarum,0,5,1,0,,,,21/08/2019,21/08/2019,D,2019,8,21,False,34,6,2019-2020,64
151696,135164,11822158.0,iBRC11822158,RSPB Rainham Marshes - river wall & anthill,RSPB Rainham Marshes - river wall & anthill - S3,,2018.0,TQ542789,OSGB,100,51.48797607,0.219601795,51.4875145,0.221220836,2026.0,265.0,TQ541789,17. Dry semi/unimproved (flower rich) neutral grassland,,,,,L6 - Outdoor amenity and open spaces,,,"Hoare, Jerry",14:05,16:00,Sunny/Cloudy,3. Leaves and twigs in slight motion,21.0,NHMSYS0000875593,Shrill Carder,Bombus sylvarum,0,1,3,0,,,,21/08/2019,21/08/2019,D,2019,8,21,False,34,4,2019-2020,64
151698,135161,11822161.0,iBRC11822161,RSPB Rainham Marshes - river wall & anthill,RSPB Rainham Marshes - river wall & anthill - S4,,2018.0,TQ542789,OSGB,100,51.48797607,0.219601795,51.4875145,0.221220836,2026.0,88.0,TQ540791,17. Dry semi/unimproved (flower rich) neutral grassland,,,,,L6 - Outdoor amenity and open spaces,,,"Hoare, Jerry",14:05,16:00,Sunny/Cloudy,3. Leaves and twigs in slight motion,21.0,NHMSYS0000875593,Shrill Carder,Bombus sylvarum,0,2,0,0,,,,21/08/2019,21/08/2019,D,2019,8,21,False,34,2,2019-2020,64
151704,135158,11822164.0,iBRC11822164,RSPB Rainham Marshes - river wall & anthill,RSPB Rainham Marshes - river wall & anthill - S5,,2018.0,TQ542789,OSGB,100,51.48797607,0.219601795,51.4875145,0.221220836,2026.0,152.0,TQ540791,17. Dry semi/unimproved (flower rich) neutral grassland,,,,,L6 - Outdoor amenity and open spaces,,,"Hoare, Jerry",14:05,16:00,Sunny/Cloudy,3. Leaves and twigs in slight motion,21.0,NHMSYS0000875593,Shrill Carder,Bombus sylvarum,0,4,1,0,,,,21/08/2019,21/08/2019,D,2019,8,21,False,34,5,2019-2020,64
151706,135152,11822170.0,iBRC11822170,RSPB Rainham Marshes - river wall & anthill,RSPB Rainham Marshes - river wall & anthill - S7,,2018.0,TQ542789,OSGB,100,51.48797607,0.219601795,51.4875145,0.221220836,2026.0,694.0,TQ540791,17. Dry semi/unimproved (flower rich) neutral grassland,,,,,L6 - Outdoor amenity and open spaces,,,"Hoare, Jerry",14:05,16:00,Sunny/Cloudy,3. Leaves and twigs in slight motion,21.0,NHMSYS0000875593,Shrill Carder,Bombus sylvarum,0,1,2,1,,,,21/08/2019,21/08/2019,D,2019,8,21,False,34,4,2019-2020,64
151792,177286,18748891.0,iBRC18748891,Long Reach Sewage Treatment Works - C1b,Long Reach Sewage Treatment Works - C1b - S1,,2018.0,TQ55117653,OSGB,10,51.46643448,0.231658027,51.46596909,0.23327744,242.0,124.0,TQ551765,21. Stands of tall herbs (e.g. nettle and willow-herb beds),18. Agriculturally improved/re-seeded/heavily fertilised grassland,,,,L19 - Water storage and treatment,L14 - Car parks,,"Fidczuk-Sterry, Kate",11:00,11:45,Sunny,3. Leaves and twigs in slight motion,20.0,NHMSYS0000875593,Shrill Carder,Bombus sylvarum,0,4,0,0,,,white dead nettle,22/08/2019,22/08/2019,D,2019,8,22,False,34,4,2019-2020,15
151798,177280,18748897.0,iBRC18748897,Long Reach Sewage Treatment Works - C1b,Long Reach Sewage Treatment Works - C1b - S2,,2018.0,TQ55117653,OSGB,10,51.46643448,0.231658027,51.46596909,0.23327744,242.0,118.0,TQ551764,21. Stands of tall herbs (e.g. nettle and willow-herb beds),22. Dry scrub/shrub thickets,,,,L19 - Water storage and treatment,L14 - Car parks,,"Fidczuk-Sterry, Kate",11:00,11:45,Sunny,3. Leaves and twigs in slight motion,20.0,NHMSYS0000875593,Shrill Carder,Bombus sylvarum,0,4,0,0,,,white dead nettle,22/08/2019,22/08/2019,D,2019,8,22,False,34,4,2019-2020,15
151799,177281,18748896.0,iBRC18748896,Long Reach Sewage Treatment Works - C1b,Long Reach Sewage Treatment Works - C1b - S2,,2018.0,TQ55117653,OSGB,10,51.46643448,0.231658027,51.46596909,0.23327744,242.0,118.0,TQ551764,21. Stands of tall herbs (e.g. nettle and willow-herb beds),22. Dry scrub/shrub thickets,,,,L19 - Water storage and treatment,L14 - Car parks,,"Fidczuk-Sterry, Kate",11:00,11:45,Sunny,3. Leaves and twigs in slight motion,20.0,NHMSYS0000875593,Shrill Carder,Bombus sylvarum,0,0,2,0,,,black horehound,22/08/2019,22/08/2019,D,2019,8,22,False,34,2,2019-2020,15
151800,177282,18748895.0,iBRC18748895,Long Reach Sewage Treatment Works - C1b,Long Reach Sewage Treatment Works - C1b - S2,,2018.0,TQ55117653,OSGB,10,51.46643448,0.231658027,51.46596909,0.23327744,242.0,118.0,TQ551764,21. Stands of tall herbs (e.g. nettle and willow-herb beds),22. Dry scrub/shrub thickets,,,,L19 - Water storage and treatment,L14 - Car parks,,"Fidczuk-Sterry, Kate",11:00,11:45,Sunny,3. Leaves and twigs in slight motion,20.0,NHMSYS0000875593,Shrill Carder,Bombus sylvarum,0,1,0,0,,,bramble,22/08/2019,22/08/2019,D,2019,8,22,False,34,1,2019-2020,15
151801,177283,18748894.0,iBRC18748894,Long Reach Sewage Treatment Works - C1b,Long Reach Sewage Treatment Works - C1b - S2,,2018.0,TQ55117653,OSGB,10,51.46643448,0.231658027,51.46596909,0.23327744,242.0,118.0,TQ551764,21. Stands of tall herbs (e.g. nettle and willow-herb beds),22. Dry scrub/shrub thickets,,,,L19 - Water storage and treatment,L14 - Car parks,,"Fidczuk-Sterry, Kate",11:00,11:45,Sunny,3. Leaves and twigs in slight motion,20.0,NHMSYS0000875593,Shrill Carder,Bombus sylvarum,0,1,0,0,,,mallow,22/08/2019,22/08/2019,D,2019,8,22,False,34,1,2019-2020,15
151932,177300,18748861.0,iBRC18748861,Long Reach Sewage Treatment Works - C4,Long Reach Sewage Treatment Works - C4 - S1,,2018.0,TQ55467680,OSGB,10,51.46876144,0.236821353,51.46829605,0.238441333,377.0,122.0,TQ554767,18. Agriculturally improved/re-seeded/heavily fertilised grassland,,,,,L19 - Water storage and treatment,,,"Fidczuk-Sterry, Kate",12:45,13:15,Sunny,5. Small trees in leaf begin to sway,24.0,NHMSYS0000875593,Shrill Carder,Bombus sylvarum,0,1,0,0,,,black horehound,22/08/2019,22/08/2019,D,2019,8,22,False,34,1,2019-2020,3
152000,137690,11682786.0,iBRC11682786,Shellness Road north,Shellness Road north - S1,,2018.0,TR042699,OSGB,100,51.39132309,0.933699667,51.39084244,0.935382247,1345.0,226.0,TR044698,17. Dry semi/unimproved (flower rich) neutral grassland,,,,Part of a coastal park.  Sea wall with short vegetation on top due to the path been well walked.  Short vegetation on sea wall sides with some bare ground.,L6 - Outdoor amenity and open spaces,,,"Moss, Ruth",14:05,15:00,Sunny,3. Leaves and twigs in slight motion,25.0,NHMSYS0000875593,Shrill Carder,Bombus sylvarum,0,0,0,1,,,blackhorehound,22/08/2019,22/08/2019,D,2019,8,22,False,34,1,2019-2020,3
152129,123042,12504036.0,iBRC12504036,West Beach and Prospect Field,West Beach and Prospect Field - S6,,2017.0,TR101658,OSGB,100,51.35235977,1.015965223,51.35187149,1.017654061,1921.0,278.0,TR098656,22. Dry scrub/shrub thickets,21. Stands of tall herbs (e.g. nettle and willow-herb beds),,,Path through Prospect Field {semi-natural open space},L41 - Unused Land,L12 - Transport tracks and ways,,"Wolffe, Natasha",12:50,14:40,Sunny,1. Slight smoke drift,20.0,NHMSYS0000875593,Shrill Carder,Bombus sylvarum,0,0,0,1,,,bramble,23/08/2019,23/08/2019,D,2019,8,23,False,34,1,2019-2020,1
152164,138591,11570684.0,iBRC11570684,South Swale - Beach,South Swale - Beach - S2,,2018.0,TR040647,OSGB,100,51.34470367,0.927841544,51.34421539,0.929521859,995.0,490.0,TR046649,"32. Bare ground/woodland herb/grass mosaics of woodland rides, hedgebanks and green lanes",14. Inland swamp/fen stands without open water (e.g. reed and sedgebeds),,,,L12 - Transport tracks and ways,L6 - Outdoor amenity and open spaces,"Saxon Shore Way, lots of different wildflowers.  Reedbed 20 m to side, below Saxon Shore Way, secondary, but might attract different insects.","Burbridge, David",13:00,14:30,Sunny,4. Dust raised and small branches move,24.0,NHMSYS0000875593,Shrill Carder,Bombus sylvarum,0,2,0,0,,,Hoary Ragwort,23/08/2019,23/08/2019,D,2019,8,23,False,34,2,2019-2020,9
152844,136687,11747767.0,iBRC11747767,Reculver Cliffs,Reculver Cliffs - S1,,2019.0,TR217690,OSGB,100,51.3766861,1.184278488,51.37619781,1.185984015,2589.0,396.0,TR205684,9. Coastal cliffs/undercliffs,30. Small man-made woodlands,,,,L6 - Outdoor amenity and open spaces,L6 - Outdoor amenity and open spaces,,"Levey, Rebecca",09:45,11:15,Sunny,1. Slight smoke drift,25.0,NHMSYS0000875593,Shrill Carder,Bombus sylvarum,0,2,0,0,,,Bristly oxtongue,26/08/2019,26/08/2019,D,2019,8,26,False,35,2,2019-2020,2
152851,136694,11747760.0,iBRC11747760,Reculver Cliffs,Reculver Cliffs - S1,,2019.0,TR217690,OSGB,100,51.3766861,1.184278488,51.37619781,1.185984015,2589.0,396.0,TR205684,9. Coastal cliffs/undercliffs,30. Small man-made woodlands,,,,L6 - Outdoor amenity and open spaces,L6 - Outdoor amenity and open spaces,,"Levey, Rebecca",09:45,11:15,Sunny,1. Slight smoke drift,25.0,NHMSYS0000875593,Shrill Carder,Bombus sylvarum,0,1,0,0,,,Black horehound,26/08/2019,26/08/2019,D,2019,8,26,False,35,1,2019-2020,2
153610,124587,12350875.0,iBRC12350875,"Alberta, Seasalter Levels","Alberta, Seasalter Levels - S1",East Kent,2016.0,TR080649,OSGB,100,51.34505463,0.985319793,51.34456635,0.987005532,1950.0,528.0,TR081649,17. Dry semi/unimproved (flower rich) neutral grassland,,,,Currently dry unimproved grassland with recent history of specific land management.,L41 - Unused Land,,,"Richardson, Sam",14:55,15:40,Sunny,4. Dust raised and small branches move,22.0,NHMSYS0000875593,Shrill Carder,Bombus sylvarum,0,1,0,0,,,On Horehound,30/08/2019,30/08/2019,D,2019,8,30,False,35,1,2019-2020,10
153611,124586,12350876.0,iBRC12350876,"Alberta, Seasalter Levels","Alberta, Seasalter Levels - S2",East Kent,2016.0,TR080649,OSGB,100,51.34505463,0.985319793,51.34456635,0.987005532,1950.0,362.0,TR076649,17. Dry semi/unimproved (flower rich) neutral grassland,,,,Currently dry unimproved grassland with recent history of specific land management.,L41 - Unused Land,,,"Richardson, Sam",14:55,15:40,Sunny,4. Dust raised and small branches move,22.0,NHMSYS0000875593,Shrill Carder,Bombus sylvarum,0,3,1,0,,,On Slender Thistle,30/08/2019,30/08/2019,D,2019,8,30,False,35,4,2019-2020,10
153711,137125,11720700.0,iBRC11720700,Swale Way,Swale Way - S1,,2018.0,TQ927645,OSGB,100,51.34684753,0.765687108,51.34636307,0.767352343,1116.0,244.0,TQ925648,17. Dry semi/unimproved (flower rich) neutral grassland,21. Stands of tall herbs (e.g. nettle and willow-herb beds),22. Dry scrub/shrub thickets,29. Lines of trees or scattered trees of parkland,Grassland with scattered scrub,L6 - Outdoor amenity and open spaces,L12 - Transport tracks and ways,Road verge,"Thorpe, Karen",09:50,10:45,Sunny,3. Leaves and twigs in slight motion,17.0,NHMSYS0000875593,Shrill Carder,Bombus sylvarum,0,1,0,0,,,red dead nettle,01/09/2019,01/09/2019,D,2019,9,1,False,36,1,2019-2020,9
153715,137129,11720696.0,iBRC11720696,Swale Way,Swale Way - S1,,2018.0,TQ927645,OSGB,100,51.34684753,0.765687108,51.34636307,0.767352343,1116.0,244.0,TQ925648,17. Dry semi/unimproved (flower rich) neutral grassland,21. Stands of tall herbs (e.g. nettle and willow-herb beds),22. Dry scrub/shrub thickets,29. Lines of trees or scattered trees of parkland,Grassland with scattered scrub,L6 - Outdoor amenity and open spaces,L12 - Transport tracks and ways,Road verge,"Thorpe, Karen",09:50,10:45,Sunny,3. Leaves and twigs in slight motion,17.0,NHMSYS0000875593,Shrill Carder,Bombus sylvarum,0,1,0,0,,,hawkweed oxtongue,01/09/2019,01/09/2019,D,2019,9,1,False,36,1,2019-2020,9
154366,135141,11822293.0,iBRC11822293,RSPB Rainham Marshes - centre-woodland,RSPB Rainham Marshes - centre-woodland - S3,,2015.0,TQ549790,OSGB,100,51.48868179,0.229724601,51.48822021,0.231344625,2033.0,329.0,TQ549790,30. Small man-made woodlands,22. Dry scrub/shrub thickets,,,"Recently planted woodland consisting of native species (hawthorn, willow, blackthorn) contains bramble, hogweed, ground ivy, bindweed and areas of buddleia.",L6 - Outdoor amenity and open spaces,,Nature reserve,"Hoare, Jerry",11:00,12:05,Sunny/Cloudy,"2. Wind felt on face, leaves rustle",23.0,NHMSYS0000875593,Shrill Carder,Bombus sylvarum,0,0,1,0,,,,10/09/2019,10/09/2019,D,2019,9,10,False,37,1,2019-2020,30
154372,135138,11822296.0,iBRC11822296,RSPB Rainham Marshes - centre-woodland,RSPB Rainham Marshes - centre-woodland - S5,,2015.0,TQ549790,OSGB,100,51.48868179,0.229724601,51.48822021,0.231344625,2033.0,280.0,TQ549793,16. Dry semi/unimproved acid grassland,,,,"Acid grassland with areas of ragwort, nettle, chicory and vervain and patches of bare ground.",L6 - Outdoor amenity and open spaces,,Nature reserve,"Hoare, Jerry",11:00,12:05,Sunny/Cloudy,"2. Wind felt on face, leaves rustle",23.0,NHMSYS0000875593,Shrill Carder,Bombus sylvarum,0,1,0,0,,,,10/09/2019,10/09/2019,D,2019,9,10,False,37,1,2019-2020,30
154391,132095,12069165.0,iBRC12069165,Northward Hill - 37a,Northward Hill - 37a - S2,,2018.0,TQ774765,OSGB,100,51.45961761,0.552235544,51.45914841,0.553884864,1296.0,863.0,TQ774766,17. Dry semi/unimproved (flower rich) neutral grassland,21. Stands of tall herbs (e.g. nettle and willow-herb beds),,,,L6 - Outdoor amenity and open spaces,L1 - Agriculture,Margin surrounding hay meadow. Scrub/bramble/ruderal habitat,"Fidczuk-Sterry, Kate",12:10,12:30,Sunny/Cloudy,4. Dust raised and small branches move,19.0,NHMSYS0000875593,Shrill Carder,Bombus sylvarum,0,1,0,0,,,bristlyoxtongue,10/09/2019,10/09/2019,D,2019,9,10,False,37,1,2019-2020,2
154397,132091,12069516.0,iBRC12069516,Northward Hill - footpath through scrub,Northward Hill - footpath through scrub - S1,,2018.0,TQ773764,OSGB,100,51.45875549,0.550737679,51.45828629,0.55238682,274.0,274.0,TQ772765,22. Dry scrub/shrub thickets,15. Dry semi/unimproved (flower rich) chalk/limestone grassland,,,"Footh path through ruderal/scrub/grassland area - surrounded by meadows used for hay, managed woodland and grazing marsh",L6 - Outdoor amenity and open spaces,L6 - Outdoor amenity and open spaces,RSPB Nature Reserve. Open to the public but majority of site is managed as grazing marsh/managed woodland.,"Fidczuk-Sterry, Kate",12:30,12:50,Sunny/Cloudy,3. Leaves and twigs in slight motion,19.0,NHMSYS0000875593,Shrill Carder,Bombus sylvarum,0,0,1,0,,,blackhorehound,10/09/2019,10/09/2019,D,2019,9,10,False,37,1,2019-2020,8
154410,135124,11822687.0,iBRC11822687,RSPB Rainham Marshes - river wall & anthill,RSPB Rainham Marshes - river wall & anthill - S1,,2018.0,TQ542789,OSGB,100,51.48797607,0.219601795,51.4875145,0.221220836,2026.0,400.0,TQ547787,17. Dry semi/unimproved (flower rich) neutral grassland,,,,,L6 - Outdoor amenity and open spaces,,,"Hoare, Jerry",14:00,15:30,Sunny/Cloudy,1. Slight smoke drift,23.0,NHMSYS0000875593,Shrill Carder,Bombus sylvarum,0,3,3,0,,,,10/09/2019,10/09/2019,D,2019,9,10,False,37,6,2019-2020,64
154417,135122,11822689.0,iBRC11822689,RSPB Rainham Marshes - river wall & anthill,RSPB Rainham Marshes - river wall & anthill - S2,,2018.0,TQ542789,OSGB,100,51.48797607,0.219601795,51.4875145,0.221220836,2026.0,183.0,TQ543788,17. Dry semi/unimproved (flower rich) neutral grassland,,,,,L6 - Outdoor amenity and open spaces,,,"Hoare, Jerry",14:00,15:30,Sunny/Cloudy,1. Slight smoke drift,23.0,NHMSYS0000875593,Shrill Carder,Bombus sylvarum,0,2,1,3,,,,10/09/2019,10/09/2019,D,2019,9,10,False,37,6,2019-2020,64
154419,135118,11822693.0,iBRC11822693,RSPB Rainham Marshes - river wall & anthill,RSPB Rainham Marshes - river wall & anthill - S3,,2018.0,TQ542789,OSGB,100,51.48797607,0.219601795,51.4875145,0.221220836,2026.0,265.0,TQ541789,17. Dry semi/unimproved (flower rich) neutral grassland,,,,,L6 - Outdoor amenity and open spaces,,,"Hoare, Jerry",14:00,15:30,Sunny/Cloudy,1. Slight smoke drift,23.0,NHMSYS0000875593,Shrill Carder,Bombus sylvarum,0,2,3,1,,,,10/09/2019,10/09/2019,D,2019,9,10,False,37,6,2019-2020,64
154421,135116,11822695.0,iBRC11822695,RSPB Rainham Marshes - river wall & anthill,RSPB Rainham Marshes - river wall & anthill - S4,,2018.0,TQ542789,OSGB,100,51.48797607,0.219601795,51.4875145,0.221220836,2026.0,88.0,TQ540791,17. Dry semi/unimproved (flower rich) neutral grassland,,,,,L6 - Outdoor amenity and open spaces,,,"Hoare, Jerry",14:00,15:30,Sunny/Cloudy,1. Slight smoke drift,23.0,NHMSYS0000875593,Shrill Carder,Bombus sylvarum,0,1,1,3,,,,10/09/2019,10/09/2019,D,2019,9,10,False,37,5,2019-2020,64
154426,135114,11822697.0,iBRC11822697,RSPB Rainham Marshes - river wall & anthill,RSPB Rainham Marshes - river wall & anthill - S5,,2018.0,TQ542789,OSGB,100,51.48797607,0.219601795,51.4875145,0.221220836,2026.0,152.0,TQ540791,17. Dry semi/unimproved (flower rich) neutral grassland,,,,,L6 - Outdoor amenity and open spaces,,,"Hoare, Jerry",14:00,15:30,Sunny/Cloudy,1. Slight smoke drift,23.0,NHMSYS0000875593,Shrill Carder,Bombus sylvarum,0,0,4,0,,,,10/09/2019,10/09/2019,D,2019,9,10,False,37,4,2019-2020,64
154430,135109,11822702.0,iBRC11822702,RSPB Rainham Marshes - river wall & anthill,RSPB Rainham Marshes - river wall & anthill - S7,,2018.0,TQ542789,OSGB,100,51.48797607,0.219601795,51.4875145,0.221220836,2026.0,694.0,TQ540791,17. Dry semi/unimproved (flower rich) neutral grassland,,,,,L6 - Outdoor amenity and open spaces,,,"Hoare, Jerry",14:00,15:30,Sunny/Cloudy,1. Slight smoke drift,23.0,NHMSYS0000875593,Shrill Carder,Bombus sylvarum,0,0,3,0,,,,10/09/2019,10/09/2019,D,2019,9,10,False,37,3,2019-2020,64
154614,132508,12022991.0,iBRC12022991,Woodlands Farm,Woodlands Farm - S2,,2016.0,TQ447765,OSGB,100,51.46891403,0.081892528,51.46845245,0.083497934,1543.0,143.0,TQ445763,"32. Bare ground/woodland herb/grass mosaics of woodland rides, hedgebanks and green lanes",,,,Concrete carpark with grasses and some plants down the edge.,L14 - Car parks,,Used as a car park,"Ricketts, Hannah",14:00,15:15,Sunny/Cloudy,5. Small trees in leaf begin to sway,23.0,NHMSYS0000875593,Shrill Carder,Bombus sylvarum,0,0,0,4,,,Ice plant,12/09/2019,12/09/2019,D,2019,9,12,False,37,4,2019-2020,6
154735,135936,11779972.0,iBRC11779972,RSPB West Canvey Marsh,RSPB West Canvey Marsh - S4,,2017.0,TQ770846,OSGB,100,51.53250504,0.550533235,51.53203964,0.552184999,2525.0,460.0,TQ768845,25. Hedgerows,"32. Bare ground/woodland herb/grass mosaics of woodland rides, hedgebanks and green lanes",22. Dry scrub/shrub thickets,,"footpath between lines of dense hedgerow of elder, blackthorn, bramble, hawthorn, lined with nettle species and other flowering plants",L6 - Outdoor amenity and open spaces,,footpath sides are cut throughout summer to maintain open footpath,"Hill, Andy",11:00,12:15,Sunny,3. Leaves and twigs in slight motion,20.0,NHMSYS0000875593,Shrill Carder,Bombus sylvarum,0,1,0,0,,,Black horehound,14/09/2019,14/09/2019,D,2019,9,14,False,37,1,2019-2020,65
154737,135933,11779975.0,iBRC11779975,RSPB West Canvey Marsh,RSPB West Canvey Marsh - S6,,2017.0,TQ770846,OSGB,100,51.53250504,0.550533235,51.53203964,0.552184999,2525.0,519.0,TQ765849,17. Dry semi/unimproved (flower rich) neutral grassland,25. Hedgerows,"32. Bare ground/woodland herb/grass mosaics of woodland rides, hedgebanks and green lanes",,footpath flanked by hay meadow and hedgerow. nettle species and other flowering plants grow on footpath edges,L6 - Outdoor amenity and open spaces,L1 - Agriculture,footpath edges are mown periodically throughout summer to keep footpath open.,"Hill, Andy",11:00,12:15,Sunny,3. Leaves and twigs in slight motion,20.0,NHMSYS0000875593,Shrill Carder,Bombus sylvarum,0,1,0,0,,,Birdsfoot trefoil,14/09/2019,14/09/2019,D,2019,9,14,False,37,1,2019-2020,65
154832,136208,11770177.0,iBRC11770177,"Riverside Country Park, Rainham","Riverside Country Park, Rainham - S4",,2011.0,TQ817676,OSGB,100,51.37831879,0.609495699,51.37783813,0.611147463,2015.0,705.0,TQ815678,22. Dry scrub/shrub thickets,15. Dry semi/unimproved (flower rich) chalk/limestone grassland,25. Hedgerows,,,L6 - Outdoor amenity and open spaces,,,"Springate, Simon",11:00,11:58,Sunny,3. Leaves and twigs in slight motion,24.0,NHMSYS0000875593,Shrill Carder,Bombus sylvarum,0,0,1,0,,,bristly oxtongue,15/09/2019,15/09/2019,D,2019,9,15,False,38,1,2019-2020,18
154833,136209,11770176.0,iBRC11770176,"Riverside Country Park, Rainham","Riverside Country Park, Rainham - S4",,2011.0,TQ817676,OSGB,100,51.37831879,0.609495699,51.37783813,0.611147463,2015.0,705.0,TQ815678,22. Dry scrub/shrub thickets,15. Dry semi/unimproved (flower rich) chalk/limestone grassland,25. Hedgerows,,,L6 - Outdoor amenity and open spaces,,,"Springate, Simon",11:00,11:58,Sunny,3. Leaves and twigs in slight motion,24.0,NHMSYS0000875593,Shrill Carder,Bombus sylvarum,0,1,1,0,,,black horehound,15/09/2019,15/09/2019,D,2019,9,15,False,38,2,2019-2020,18
155229,135240,11821515.0,iBRC11821515,Kenfig Castle,Kenfig Castle - S2,,2019.0,SS795827,OSGB,100,51.53026962,-3.738600969,51.52985764,-3.737356901,1895.0,299.0,SS800826,4. Coastal dune and sand scrub,,,,,L1 - Agriculture,,,"Carrington, Gallagher and Raven",14:00,16:00,Sunny,"2. Wind felt on face, leaves rustle",21.0,NHMSYS0000875593,Shrill Carder,Bombus sylvarum,0,3,0,1,,,,18/09/2019,18/09/2019,D,2019,9,18,False,38,4,2019-2020,16
155230,135237,11821518.0,iBRC11821518,Kenfig Castle,Kenfig Castle - S4,,2019.0,SS795827,OSGB,100,51.53026962,-3.738600969,51.52985764,-3.737356901,1895.0,512.0,SS796826,2. Coastal dune grassland,,,,,L1 - Agriculture,,,"Carrington, Gallagher and Raven",14:00,16:00,Sunny,"2. Wind felt on face, leaves rustle",21.0,NHMSYS0000875593,Shrill Carder,Bombus sylvarum,0,1,1,1,,,,18/09/2019,18/09/2019,D,2019,9,18,False,38,3,2019-2020,16
155250,135741,11793259.0,iBRC11793259,Ellenden Farm,Ellenden Farm - S1,,2019.0,TR099630,OSGB,100,51.32728958,1.011442542,51.3268013,1.013130069,2312.0,481.0,TR103630,18. Agriculturally improved/re-seeded/heavily fertilised grassland,,,,,L1 - Agriculture,,Currently agriculturally improved (rye-grass) pasture but over the next couple of years will be restored to species-rich hay meadow,"Cartwright, Bex",14:30,15:45,Sunny,3. Leaves and twigs in slight motion,17.0,NHMSYS0000875593,Shrill Carder,Bombus sylvarum,0,5,0,0,,,redclover,18/09/2019,18/09/2019,D,2019,9,18,False,38,5,2019-2020,11
155251,135734,11793266.0,iBRC11793266,Ellenden Farm,Ellenden Farm - S2,,2019.0,TR099630,OSGB,100,51.32728958,1.011442542,51.3268013,1.013130069,2312.0,436.0,TR100626,,,,,,,,,"Cartwright, Bex",14:30,15:45,Sunny,3. Leaves and twigs in slight motion,17.0,NHMSYS0000875593,Shrill Carder,Bombus sylvarum,0,0,3,0,,,sunflower,18/09/2019,18/09/2019,D,2019,9,18,False,38,3,2019-2020,11
155254,135737,11793263.0,iBRC11793263,Ellenden Farm,Ellenden Farm - S2,,2019.0,TR099630,OSGB,100,51.32728958,1.011442542,51.3268013,1.013130069,2312.0,436.0,TR100626,,,,,,,,,"Cartwright, Bex",14:30,15:45,Sunny,3. Leaves and twigs in slight motion,17.0,NHMSYS0000875593,Shrill Carder,Bombus sylvarum,0,2,0,0,,,red clover,18/09/2019,18/09/2019,D,2019,9,18,False,38,2,2019-2020,11
155256,135733,11793267.0,iBRC11793267,Ellenden Farm,Ellenden Farm - S4,,2019.0,TR099630,OSGB,100,51.32728958,1.011442542,51.3268013,1.013130069,2312.0,783.0,TR097631,,,,,,,,,"Cartwright, Bex",14:30,15:45,Sunny,3. Leaves and twigs in slight motion,17.0,NHMSYS0000875593,Shrill Carder,Bombus sylvarum,0,3,1,0,,,alsike clover,18/09/2019,18/09/2019,D,2019,9,18,False,38,4,2019-2020,11
155284,134142,11897980.0,iBRC11897980,Victory Wood One,Victory Wood One - S3,,2019.0,TR090624,OSGB,100,51.32223129,0.998196304,51.32174301,0.9998824,2402.0,767.0,TR088626,18. Agriculturally improved/re-seeded/heavily fertilised grassland,,,,,L6 - Outdoor amenity and open spaces,,,"Inglis, Claire",11:35,12:50,Sunny/Cloudy,4. Dust raised and small branches move,15.0,NHMSYS0000875593,Shrill Carder,Bombus sylvarum,0,1,0,0,,,Red Clover,19/09/2019,19/09/2019,D,2019,9,19,False,38,1,2019-2020,47
155285,134143,11897979.0,iBRC11897979,Victory Wood One,Victory Wood One - S3,,2019.0,TR090624,OSGB,100,51.32223129,0.998196304,51.32174301,0.9998824,2402.0,767.0,TR088626,18. Agriculturally improved/re-seeded/heavily fertilised grassland,,,,,L6 - Outdoor amenity and open spaces,,,"Inglis, Claire",11:35,12:50,Sunny/Cloudy,4. Dust raised and small branches move,15.0,NHMSYS0000875593,Shrill Carder,Bombus sylvarum,0,1,0,0,,,Red Bartsia,19/09/2019,19/09/2019,D,2019,9,19,False,38,1,2019-2020,47
155288,134140,11897982.0,iBRC11897982,Victory Wood One,Victory Wood One - S4,,2019.0,TR090624,OSGB,100,51.32223129,0.998196304,51.32174301,0.9998824,2402.0,414.0,TR093620,18. Agriculturally improved/re-seeded/heavily fertilised grassland,30. Small man-made woodlands,,,,L6 - Outdoor amenity and open spaces,L3 - Managed forest,,"Inglis, Claire",11:35,12:50,Sunny/Cloudy,4. Dust raised and small branches move,15.0,NHMSYS0000875593,Shrill Carder,Bombus sylvarum,0,4,1,0,,,Red Bartsia,19/09/2019,19/09/2019,D,2019,9,19,False,38,5,2019-2020,47
155291,134137,11897985.0,iBRC11897985,Victory Wood One,Victory Wood One - S5,,2019.0,TR090624,OSGB,100,51.32223129,0.998196304,51.32174301,0.9998824,2402.0,683.0,TR090621,18. Agriculturally improved/re-seeded/heavily fertilised grassland,25. Hedgerows,,,,L6 - Outdoor amenity and open spaces,L6 - Outdoor amenity and open spaces,,"Inglis, Claire",11:35,12:50,Sunny/Cloudy,4. Dust raised and small branches move,15.0,NHMSYS0000875593,Shrill Carder,Bombus sylvarum,0,2,0,1,,,Red Bartsia,19/09/2019,19/09/2019,D,2019,9,19,False,38,3,2019-2020,47
155930,134169,11897853.0,iBRC11897853,Victory Wood One,Victory Wood One - S3,,2019.0,TR090624,OSGB,100,51.32223129,0.998196304,51.32174301,0.9998824,2402.0,767.0,TR088626,18. Agriculturally improved/re-seeded/heavily fertilised grassland,,,,,L6 - Outdoor amenity and open spaces,,,"Inglis, Claire",12:10,14:30,Cloudy,1. Slight smoke drift,12.0,NHMSYS0000875593,Shrill Carder,Bombus sylvarum,0,0,1,0,,,Bristly Ox-tongue,03/10/2019,03/10/2019,D,2019,10,3,False,40,1,2019-2020,47
162361,162465,15946218.0,iBRC15946218,Kenfig Castle,Kenfig Castle - S3,,2019.0,SS795827,OSGB,100,51.53026962,-3.738600969,51.52985764,-3.737356901,1895.0,96.0,SS797826,5. Coastal dune and sand woods,,,,,L1 - Agriculture,,,Gallagher Mary,12:20,02:00,Sunny/Cloudy,"2. Wind felt on face, leaves rustle",20.0,NHMSYS0000875593,Shrill Carder,Bombus sylvarum,1,0,0,0,,,,17/06/2020,17/06/2020,D,2020,6,17,False,25,1,2019-2020,16
162365,162460,15946223.0,iBRC15946223,Kenfig Castle,Kenfig Castle - S5,,2019.0,SS795827,OSGB,100,51.53026962,-3.738600969,51.52985764,-3.737356901,1895.0,494.0,SS796825,4. Coastal dune and sand scrub,,,,,L1 - Agriculture,,Light cattle grazing,Gallagher Mary,12:20,02:00,Sunny/Cloudy,"2. Wind felt on face, leaves rustle",20.0,NHMSYS0000875593,Shrill Carder,Bombus sylvarum,1,0,0,0,,,,17/06/2020,17/06/2020,D,2020,6,17,False,25,1,2019-2020,16
162629,161849,16502989.0,iBRC16502989,Cliffe RSPB,Cliffe RSPB - S2,West Kent,2018.0,TQ724762,OSGB,100,51.45847321,0.480178505,51.458004,0.481821001,1657.0,908.0,TQ730766,22. Dry scrub/shrub thickets,,,,,L6 - Outdoor amenity and open spaces,,"old gravel workings, now a nature reserve","Cobb, Alan",14:30,15:30,Cloudy,3. Leaves and twigs in slight motion,18.0,NHMSYS0000875593,Shrill Carder,Bombus sylvarum,1,0,0,0,,,Black Horehound,19/06/2020,19/06/2020,D,2020,6,19,False,25,1,2019-2020,28
162630,161850,16502988.0,iBRC16502988,Cliffe RSPB,Cliffe RSPB - S2,West Kent,2018.0,TQ724762,OSGB,100,51.45847321,0.480178505,51.458004,0.481821001,1657.0,908.0,TQ730766,22. Dry scrub/shrub thickets,,,,,L6 - Outdoor amenity and open spaces,,"old gravel workings, now a nature reserve","Cobb, Alan",14:30,15:30,Cloudy,3. Leaves and twigs in slight motion,18.0,NHMSYS0000875593,Shrill Carder,Bombus sylvarum,1,0,0,0,,,honeysuckle,19/06/2020,19/06/2020,D,2020,6,19,False,25,1,2019-2020,28
162631,161851,16502987.0,iBRC16502987,Cliffe RSPB,Cliffe RSPB - S2,West Kent,2018.0,TQ724762,OSGB,100,51.45847321,0.480178505,51.458004,0.481821001,1657.0,908.0,TQ730766,22. Dry scrub/shrub thickets,,,,,L6 - Outdoor amenity and open spaces,,"old gravel workings, now a nature reserve","Cobb, Alan",14:30,15:30,Cloudy,3. Leaves and twigs in slight motion,18.0,NHMSYS0000875593,Shrill Carder,Bombus sylvarum,1,0,0,0,,,bramble,19/06/2020,19/06/2020,D,2020,6,19,False,25,1,2019-2020,28
165695,176214,18670556.0,iBRC18670556,Great Bells Farm - C15,Great Bells Farm - C15 - S1,,2018.0,TQ983676,OSGB,100,51.37276459,0.847726405,51.37228012,0.849400282,817.0,309.0,TQ984681,17. Dry semi/unimproved (flower rich) neutral grassland,21. Stands of tall herbs (e.g. nettle and willow-herb beds),,,,L12 - Transport tracks and ways,L1 - Agriculture,,"Fidczuk-Sterry, Kate",14:00,14:45,Sunny/Cloudy,6. Large branches move and trees sway,17.0,NHMSYS0000875593,Shrill Carder,Bombus sylvarum,1,0,0,0,,,teasle,09/07/2020,09/07/2020,D,2020,7,9,False,28,1,2019-2020,4
165701,176220,18670550.0,iBRC18670550,Great Bells Farm - C15,Great Bells Farm - C15 - S1,,2018.0,TQ983676,OSGB,100,51.37276459,0.847726405,51.37228012,0.849400282,817.0,309.0,TQ984681,17. Dry semi/unimproved (flower rich) neutral grassland,21. Stands of tall herbs (e.g. nettle and willow-herb beds),,,,L12 - Transport tracks and ways,L1 - Agriculture,,"Fidczuk-Sterry, Kate",14:00,14:45,Sunny/Cloudy,6. Large branches move and trees sway,17.0,NHMSYS0000875593,Shrill Carder,Bombus sylvarum,2,0,0,0,,,blackhorehound,09/07/2020,09/07/2020,D,2020,7,9,False,28,2,2019-2020,4
166901,176228,18670382.0,iBRC18670382,Northward Hill - 37a,Northward Hill - 37a - S1,,2018.0,TQ774765,OSGB,100,51.45961761,0.552235544,51.45914841,0.553884864,1296.0,433.0,TQ774764,17. Dry semi/unimproved (flower rich) neutral grassland,19. Seasonally wet and wet marshy grasslands,Not Set,,Hay meadow,L6 - Outdoor amenity and open spaces,L1 - Agriculture,Field used for hay cut and animal grazing.,"Fidczuk-Sterry, Kate",15:00,15:45,Sunny/Cloudy,1. Slight smoke drift,24.0,NHMSYS0000875593,Shrill Carder,Bombus sylvarum,0,1,0,0,,,birdsfoottrefoil,13/07/2020,13/07/2020,D,2020,7,13,False,29,1,2019-2020,2
169340,163377,15284937.0,iBRC15284937,Shellness Road north,Shellness Road north - S4,,2018.0,TR042699,OSGB,100,51.39132309,0.933699667,51.39084244,0.935382247,1345.0,402.0,TR043697,17. Dry semi/unimproved (flower rich) neutral grassland,21. Stands of tall herbs (e.g. nettle and willow-herb beds),30. Small man-made woodlands,,Rough grassland with woodland edge habitat.,L6 - Outdoor amenity and open spaces,,,"Moss, Ruth",11:15,12:20,Sunny,4. Dust raised and small branches move,22.0,NHMSYS0000875593,Shrill Carder,Bombus sylvarum,0,0,0,1,,,blackhorehound,22/07/2020,22/07/2020,D,2020,7,22,False,30,1,2019-2020,3
169446,162818,15621859.0,iBRC15621859,Kenfig Castle,Kenfig Castle - S2,,2019.0,SS795827,OSGB,100,51.53026962,-3.738600969,51.52985764,-3.737356901,1895.0,299.0,SS800826,4. Coastal dune and sand scrub,,,,,L1 - Agriculture,,,"Carrington, David",14:30,16:35,Sunny,"2. Wind felt on face, leaves rustle",19.0,NHMSYS0000875593,Shrill Carder,Bombus sylvarum,0,1,0,0,,,On red bartsia,22/07/2020,22/07/2020,D,2020,7,22,False,30,1,2019-2020,16
169648,161429,16664584.0,iBRC16664584,RSPB West Canvey Marsh,RSPB West Canvey Marsh - S4,,2017.0,TQ770846,OSGB,100,51.53250504,0.550533235,51.53203964,0.552184999,2525.0,460.0,TQ768845,25. Hedgerows,"32. Bare ground/woodland herb/grass mosaics of woodland rides, hedgebanks and green lanes",22. Dry scrub/shrub thickets,,"footpath between lines of dense hedgerow of elder, blackthorn, bramble, hawthorn, lined with nettle species and other flowering plants",L6 - Outdoor amenity and open spaces,,footpath sides are cut throughout summer to maintain open footpath,"Hill, Andy",10:30,12:00,Sunny/Cloudy,4. Dust raised and small branches move,22.0,NHMSYS0000875593,Shrill Carder,Bombus sylvarum,0,1,0,0,,,Bramble,23/07/2020,23/07/2020,D,2020,7,23,False,30,1,2019-2020,65
169655,161426,16664587.0,iBRC16664587,RSPB West Canvey Marsh,RSPB West Canvey Marsh - S6,,2017.0,TQ770846,OSGB,100,51.53250504,0.550533235,51.53203964,0.552184999,2525.0,519.0,TQ765849,17. Dry semi/unimproved (flower rich) neutral grassland,25. Hedgerows,"32. Bare ground/woodland herb/grass mosaics of woodland rides, hedgebanks and green lanes",,footpath flanked by hay meadow and hedgerow. nettle species and other flowering plants grow on footpath edges,L6 - Outdoor amenity and open spaces,L1 - Agriculture,footpath edges are mown periodically throughout summer to keep footpath open.,"Hill, Andy",10:30,12:00,Sunny/Cloudy,4. Dust raised and small branches move,22.0,NHMSYS0000875593,Shrill Carder,Bombus sylvarum,0,1,0,0,,,Bramble,23/07/2020,23/07/2020,D,2020,7,23,False,30,1,2019-2020,65
169885,161833,16503296.0,iBRC16503296,Cliffe RSPB,Cliffe RSPB - S2,West Kent,2018.0,TQ724762,OSGB,100,51.45847321,0.480178505,51.458004,0.481821001,1657.0,908.0,TQ730766,22. Dry scrub/shrub thickets,,,,,L6 - Outdoor amenity and open spaces,,"old gravel workings, now a nature reserve","Cobb, Alan",11:15,13:15,Sunny/Cloudy,3. Leaves and twigs in slight motion,23.0,NHMSYS0000875593,Shrill Carder,Bombus sylvarum,0,1,0,0,,,black horehound,24/07/2020,24/07/2020,D,2020,7,24,False,30,1,2019-2020,28
169886,161834,16503295.0,iBRC16503295,Cliffe RSPB,Cliffe RSPB - S2,West Kent,2018.0,TQ724762,OSGB,100,51.45847321,0.480178505,51.458004,0.481821001,1657.0,908.0,TQ730766,22. Dry scrub/shrub thickets,,,,,L6 - Outdoor amenity and open spaces,,"old gravel workings, now a nature reserve","Cobb, Alan",11:15,13:15,Sunny/Cloudy,3. Leaves and twigs in slight motion,23.0,NHMSYS0000875593,Shrill Carder,Bombus sylvarum,0,1,0,0,,,bramble,24/07/2020,24/07/2020,D,2020,7,24,False,30,1,2019-2020,28
170320,161424,16664648.0,iBRC16664648,RSPB Bowers Marsh 2,RSPB Bowers Marsh 2 - S1,,2017.0,TQ755860,OSGB,100,51.54555511,0.529634833,51.54509354,0.531285107,1715.0,383.0,TQ755867,17. Dry semi/unimproved (flower rich) neutral grassland,26. Mature broadleaved woodland,,,"Hardstanding footpath on flower rich neutral semi improved grass, seasonally mown. Flanked by hedgerow including elm, hawthorn and blackthorn. Adjacent to arable land.",L6 - Outdoor amenity and open spaces,L1 - Agriculture,,"Hill, Andy",10:00,11:30,Cloudy,4. Dust raised and small branches move,19.0,NHMSYS0000875593,Shrill Carder,Bombus sylvarum,0,1,0,0,,,bristlyoxtongue,26/07/2020,26/07/2020,D,2020,7,26,False,31,1,2019-2020,31
170489,176272,18670162.0,iBRC18670162,Great Bells Farm - C15,Great Bells Farm - C15 - S1,,2018.0,TQ983676,OSGB,100,51.37276459,0.847726405,51.37228012,0.849400282,817.0,309.0,TQ984681,17. Dry semi/unimproved (flower rich) neutral grassland,21. Stands of tall herbs (e.g. nettle and willow-herb beds),,,,L12 - Transport tracks and ways,L1 - Agriculture,,"Fidczuk-Sterry, Kate",10:30,11:30,Sunny/Cloudy,4. Dust raised and small branches move,19.0,NHMSYS0000875593,Shrill Carder,Bombus sylvarum,1,8,0,0,,,blackhorehound,27/07/2020,27/07/2020,D,2020,7,27,False,31,9,2019-2020,4
170656,161688,16637830.0,iBRC16637830,Ellenden Farm,Ellenden Farm - S4,,2019.0,TR099630,OSGB,100,51.32728958,1.011442542,51.3268013,1.013130069,2312.0,783.0,TR097631,,,,,,,,,"Cartwright, Bex",11:00,13:00,Sunny,3. Leaves and twigs in slight motion,23.0,NHMSYS0000875593,Shrill Carder,Bombus sylvarum,0,5,0,0,,,red clover,29/07/2020,29/07/2020,D,2020,7,29,False,31,5,2019-2020,11
171971,161153,17014649.0,iBRC17014649,"Alberta, Seasalter Levels","Alberta, Seasalter Levels - S1",East Kent,2016.0,TR080649,OSGB,100,51.34505463,0.985319793,51.34456635,0.987005532,1950.0,528.0,TR081649,17. Dry semi/unimproved (flower rich) neutral grassland,,,,Currently dry unimproved grassland with recent history of specific land management.,L41 - Unused Land,,,"Richardson, Sam",11:30,12:40,Sunny,"2. Wind felt on face, leaves rustle",21.0,NHMSYS0000875593,Shrill Carder,Bombus sylvarum,0,1,0,0,,,Spear Thistle,03/08/2020,03/08/2020,D,2020,8,3,False,32,1,2019-2020,10
172261,157919,17728313.0,iBRC17728313,Victory Wood One,Victory Wood One - S3,,2019.0,TR090624,OSGB,100,51.32223129,0.998196304,51.32174301,0.9998824,2402.0,767.0,TR088626,18. Agriculturally improved/re-seeded/heavily fertilised grassland,,,,,L6 - Outdoor amenity and open spaces,,,"Inglis, Claire",11:00,13:05,Sunny,5. Small trees in leaf begin to sway,24.0,NHMSYS0000875593,Shrill Carder,Bombus sylvarum,0,2,0,0,Very close to secondary woodland boundary near ditch,,Red bartsia,05/08/2020,05/08/2020,D,2020,8,5,False,32,2,2019-2020,47
172273,157910,17728322.0,iBRC17728322,Victory Wood One,Victory Wood One - S5,,2019.0,TR090624,OSGB,100,51.32223129,0.998196304,51.32174301,0.9998824,2402.0,683.0,TR090621,18. Agriculturally improved/re-seeded/heavily fertilised grassland,25. Hedgerows,,,,L6 - Outdoor amenity and open spaces,L6 - Outdoor amenity and open spaces,,"Inglis, Claire",11:00,13:05,Sunny,5. Small trees in leaf begin to sway,24.0,NHMSYS0000875593,Shrill Carder,Bombus sylvarum,0,2,0,0,,,Red bartsia,05/08/2020,05/08/2020,D,2020,8,5,False,32,2,2019-2020,47
172313,176242,18670351.0,iBRC18670351,Long Reach Sewage Treatment Works - C4,Long Reach Sewage Treatment Works - C4 - S2,,2018.0,TQ55467680,OSGB,10,51.46876144,0.236821353,51.46829605,0.238441333,377.0,255.0,TQ554767,18. Agriculturally improved/re-seeded/heavily fertilised grassland,,,,,L19 - Water storage and treatment,,,"Fidczuk-Sterry, Kate",13:30,14:00,Sunny/Cloudy,6. Large branches move and trees sway,26.0,NHMSYS0000875593,Shrill Carder,Bombus sylvarum,0,1,0,0,,,burdock,05/08/2020,05/08/2020,D,2020,8,5,False,32,1,2019-2020,3
172431,160785,17260784.0,iBRC17260784,Swale Way,Swale Way - S4,,2018.0,TQ927645,OSGB,100,51.34684753,0.765687108,51.34636307,0.767352343,1116.0,113.0,TQ927643,17. Dry semi/unimproved (flower rich) neutral grassland,21. Stands of tall herbs (e.g. nettle and willow-herb beds),29. Lines of trees or scattered trees of parkland,,Grassland with line of trees along one side of path,L6 - Outdoor amenity and open spaces,L12 - Transport tracks and ways,Road verge,"Thorpe, Karen",13:45,14:30,Sunny/Cloudy,1. Slight smoke drift,27.0,NHMSYS0000875593,Shrill Carder,Bombus sylvarum,0,1,0,0,,,common toadflax,06/08/2020,06/08/2020,D,2020,8,6,False,32,1,2019-2020,9
173188,160604,17281029.0,iBRC17281029,RSPB West Canvey Marsh,RSPB West Canvey Marsh - S1,,2017.0,TQ770846,OSGB,100,51.53250504,0.550533235,51.53203964,0.552184999,2525.0,339.0,TQ772843,17. Dry semi/unimproved (flower rich) neutral grassland,25. Hedgerows,,,legume rich hay meadow,L6 - Outdoor amenity and open spaces,L1 - Agriculture,"hay meadow, seasonally opened for wildflower trail walk","Hill, Andy",11:15,12:00,Sunny,1. Slight smoke drift,29.0,NHMSYS0000875593,Shrill Carder,Bombus sylvarum,0,1,0,0,,,bramble,10/08/2020,10/08/2020,D,2020,8,10,False,33,1,2019-2020,65
174109,159112,17429829.0,iBRC17429829,Lytes Cary,Lytes Cary - S3,,2013.0,ST535267,OSGB,100,51.03770447,-2.664609194,51.03723526,-2.663276672,1940.0,510.0,ST535271,25. Hedgerows,,,,,L12 - Transport tracks and ways,,,"Butler, John",12:23,13:14,Sunny/Cloudy,4. Dust raised and small branches move,20.0,NHMSYS0000875593,Shrill Carder,Bombus sylvarum,0,0,1,0,,,knapweed,17/08/2020,17/08/2020,D,2020,8,17,False,34,1,2019-2020,12
174250,169565,17880287.0,iBRC17880287,RSPB Rainham Marshes - river wall & anthill,RSPB Rainham Marshes - river wall & anthill - S1,,2018.0,TQ542789,OSGB,100,51.48797607,0.219601795,51.4875145,0.221220836,2026.0,400.0,TQ547787,17. Dry semi/unimproved (flower rich) neutral grassland,,,,,L6 - Outdoor amenity and open spaces,,,"Hoare, Jerry",12:45,13:45,Cloudy,4. Dust raised and small branches move,23.0,NHMSYS0000875593,Shrill Carder,Bombus sylvarum,0,1,0,0,,,,18/08/2020,18/08/2020,D,2020,8,18,False,34,1,2019-2020,64
174254,169562,17880290.0,iBRC17880290,RSPB Rainham Marshes - river wall & anthill,RSPB Rainham Marshes - river wall & anthill - S2,,2018.0,TQ542789,OSGB,100,51.48797607,0.219601795,51.4875145,0.221220836,2026.0,183.0,TQ543788,17. Dry semi/unimproved (flower rich) neutral grassland,,,,,L6 - Outdoor amenity and open spaces,,,"Hoare, Jerry",12:45,13:45,Cloudy,4. Dust raised and small branches move,23.0,NHMSYS0000875593,Shrill Carder,Bombus sylvarum,0,0,1,0,,,,18/08/2020,18/08/2020,D,2020,8,18,False,34,1,2019-2020,64
174259,169553,17880299.0,iBRC17880299,RSPB Rainham Marshes - river wall & anthill,RSPB Rainham Marshes - river wall & anthill - S4,,2018.0,TQ542789,OSGB,100,51.48797607,0.219601795,51.4875145,0.221220836,2026.0,88.0,TQ540791,17. Dry semi/unimproved (flower rich) neutral grassland,,,,,L6 - Outdoor amenity and open spaces,,,"Hoare, Jerry",12:45,13:45,Cloudy,4. Dust raised and small branches move,23.0,NHMSYS0000875593,Shrill Carder,Bombus sylvarum,0,0,0,1,,,,18/08/2020,18/08/2020,D,2020,8,18,False,34,1,2019-2020,64
174262,169560,17880292.0,iBRC17880292,RSPB Rainham Marshes - river wall & anthill,RSPB Rainham Marshes - river wall & anthill - S5,,2018.0,TQ542789,OSGB,100,51.48797607,0.219601795,51.4875145,0.221220836,2026.0,152.0,TQ540791,17. Dry semi/unimproved (flower rich) neutral grassland,,,,,L6 - Outdoor amenity and open spaces,,,"Hoare, Jerry",12:45,13:45,Cloudy,4. Dust raised and small branches move,23.0,NHMSYS0000875593,Shrill Carder,Bombus sylvarum,0,2,0,0,,,,18/08/2020,18/08/2020,D,2020,8,18,False,34,2,2019-2020,64
174272,159065,17537514.0,iBRC17537514,Kenfig Castle,Kenfig Castle - S2,,2019.0,SS795827,OSGB,100,51.53026962,-3.738600969,51.52985764,-3.737356901,1895.0,299.0,SS800826,4. Coastal dune and sand scrub,,,,,L1 - Agriculture,,,"Carrington, David",14:20,17:05,Sunny,"2. Wind felt on face, leaves rustle",,NHMSYS0000875593,Shrill Carder,Bombus sylvarum,0,4,0,0,,,,18/08/2020,18/08/2020,D,2020,8,18,False,34,4,2019-2020,16
174281,159058,17537521.0,iBRC17537521,Kenfig Castle,Kenfig Castle - S5,,2019.0,SS795827,OSGB,100,51.53026962,-3.738600969,51.52985764,-3.737356901,1895.0,494.0,SS796825,4. Coastal dune and sand scrub,,,,,L1 - Agriculture,,Light cattle grazing,"Carrington, David",14:20,17:05,Sunny,"2. Wind felt on face, leaves rustle",,NHMSYS0000875593,Shrill Carder,Bombus sylvarum,0,2,1,0,,,,18/08/2020,18/08/2020,D,2020,8,18,False,34,3,2019-2020,16
174642,176276,18670116.0,iBRC18670116,Northward Hill - footpath through scrub,Northward Hill - footpath through scrub - S1,,2018.0,TQ773764,OSGB,100,51.45875549,0.550737679,51.45828629,0.55238682,274.0,274.0,TQ772765,22. Dry scrub/shrub thickets,15. Dry semi/unimproved (flower rich) chalk/limestone grassland,,,"Footh path through ruderal/scrub/grassland area - surrounded by meadows used for hay, managed woodland and grazing marsh",L6 - Outdoor amenity and open spaces,L6 - Outdoor amenity and open spaces,RSPB Nature Reserve. Open to the public but majority of site is managed as grazing marsh/managed woodland.,"Fidczuk-Sterry, Kate",10:30,11:00,Cloudy,6. Large branches move and trees sway,23.0,NHMSYS0000875593,Shrill Carder,Bombus sylvarum,0,3,1,0,,,blackhorehound,21/08/2020,21/08/2020,D,2020,8,21,False,34,4,2019-2020,8
174793,158607,17575348.0,iBRC17575348,"Riverside Country Park, Rainham","Riverside Country Park, Rainham - S4",,2011.0,TQ817676,OSGB,100,51.37831879,0.609495699,51.37783813,0.611147463,2015.0,705.0,TQ815678,22. Dry scrub/shrub thickets,15. Dry semi/unimproved (flower rich) chalk/limestone grassland,25. Hedgerows,,,L6 - Outdoor amenity and open spaces,,,"Springate, Simon",11:44,12:45,Sunny/Cloudy,4. Dust raised and small branches move,22.0,NHMSYS0000875593,Shrill Carder,Bombus sylvarum,0,1,0,0,,,black horehound,23/08/2020,23/08/2020,D,2020,8,23,False,35,1,2019-2020,18
175318,170776,17775315.0,iBRC17775315,Ellenden Farm,Ellenden Farm - S1,,2019.0,TR099630,OSGB,100,51.32728958,1.011442542,51.3268013,1.013130069,2312.0,481.0,TR103630,18. Agriculturally improved/re-seeded/heavily fertilised grassland,,,,,L1 - Agriculture,,Currently agriculturally improved (rye-grass) pasture but over the next couple of years will be restored to species-rich hay meadow,"Cartwright, Bex",12:56,14:00,Sunny/Cloudy,3. Leaves and twigs in slight motion,21.0,NHMSYS0000875593,Shrill Carder,Bombus sylvarum,0,5,1,0,,,red bartsia,26/08/2020,26/08/2020,D,2020,8,26,False,35,6,2019-2020,11
175430,157794,17731376.0,iBRC17731376,Lytes Cary Garden 2015,Lytes Cary Garden 2015 - S5,,2014.0,ST533265,OSGB,100,51.0358963,-2.6674366,51.03542709,-2.666104317,388.0,45.0,ST533264,39. Ornamental shrubs/trees/lawns of churches/parks/domestic gardens etc,,,,Lavender garden,L6 - Outdoor amenity and open spaces,,,"waterhouse, sue",15:40,16:50,Sunny/Cloudy,"2. Wind felt on face, leaves rustle",20.0,NHMSYS0000875593,Shrill Carder,Bombus sylvarum,0,1,0,0,,,Lavender,26/08/2020,26/08/2020,D,2020,8,26,False,35,1,2019-2020,8
175526,158027,17725315.0,iBRC17725315,Swale Way,Swale Way - S1,,2018.0,TQ927645,OSGB,100,51.34684753,0.765687108,51.34636307,0.767352343,1116.0,244.0,TQ925648,17. Dry semi/unimproved (flower rich) neutral grassland,21. Stands of tall herbs (e.g. nettle and willow-herb beds),22. Dry scrub/shrub thickets,29. Lines of trees or scattered trees of parkland,Grassland with scattered scrub,L6 - Outdoor amenity and open spaces,L12 - Transport tracks and ways,Road verge,"Thorpe, Karen",10:10,10:50,Sunny/Cloudy,4. Dust raised and small branches move,20.0,NHMSYS0000875593,Shrill Carder,Bombus sylvarum,0,1,0,0,,,common toadflax,27/08/2020,27/08/2020,D,2020,8,27,False,35,1,2019-2020,9
175545,177277,18774877.0,iBRC18774877,Great Bells Farm - C15,Great Bells Farm - C15 - S1,,2018.0,TQ983676,OSGB,100,51.37276459,0.847726405,51.37228012,0.849400282,817.0,309.0,TQ984681,17. Dry semi/unimproved (flower rich) neutral grassland,21. Stands of tall herbs (e.g. nettle and willow-herb beds),,,,L12 - Transport tracks and ways,L1 - Agriculture,,"Fidczuk-Sterry, Kate",10:30,11:30,Sunny/Cloudy,4. Dust raised and small branches move,19.0,NHMSYS0000875593,Shrill Carder,Bombus sylvarum,0,9,0,0,,,blackhorehound,27/08/2020,27/08/2020,D,2020,8,27,False,35,9,2019-2020,4
176232,170733,17777506.0,iBRC17777506,RSPB West Canvey Marsh,RSPB West Canvey Marsh - S4,,2017.0,TQ770846,OSGB,100,51.53250504,0.550533235,51.53203964,0.552184999,2525.0,460.0,TQ768845,25. Hedgerows,"32. Bare ground/woodland herb/grass mosaics of woodland rides, hedgebanks and green lanes",22. Dry scrub/shrub thickets,,"footpath between lines of dense hedgerow of elder, blackthorn, bramble, hawthorn, lined with nettle species and other flowering plants",L6 - Outdoor amenity and open spaces,,footpath sides are cut throughout summer to maintain open footpath,"Hill, Andy",10:30,11:20,Sunny/Cloudy,1. Slight smoke drift,20.0,NHMSYS0000875593,Shrill Carder,Bombus sylvarum,0,0,1,0,,,bramble,02/09/2020,02/09/2020,D,2020,9,2,False,36,1,2019-2020,65
176235,170731,17777512.0,iBRC17777512,RSPB Bowers Marsh 2,RSPB Bowers Marsh 2 - S1,,2017.0,TQ755860,OSGB,100,51.54555511,0.529634833,51.54509354,0.531285107,1715.0,383.0,TQ755867,17. Dry semi/unimproved (flower rich) neutral grassland,26. Mature broadleaved woodland,,,"Hardstanding footpath on flower rich neutral semi improved grass, seasonally mown. Flanked by hedgerow including elm, hawthorn and blackthorn. Adjacent to arable land.",L6 - Outdoor amenity and open spaces,L1 - Agriculture,,"Hill, Andy",12:00,12:35,Sunny/Cloudy,"2. Wind felt on face, leaves rustle",21.0,NHMSYS0000875593,Shrill Carder,Bombus sylvarum,0,0,1,0,,,knapweed,02/09/2020,02/09/2020,D,2020,9,2,False,36,1,2019-2020,31
176278,176258,18670222.0,iBRC18670222,Long Reach Sewage Treatment Works - C1b,Long Reach Sewage Treatment Works - C1b - S1,,2018.0,TQ55117653,OSGB,10,51.46643448,0.231658027,51.46596909,0.23327744,242.0,124.0,TQ551765,21. Stands of tall herbs (e.g. nettle and willow-herb beds),18. Agriculturally improved/re-seeded/heavily fertilised grassland,,,,L19 - Water storage and treatment,L14 - Car parks,,"Fidczuk-Sterry, Kate",10:10,11:10,Cloudy,1. Slight smoke drift,17.0,NHMSYS0000875593,Shrill Carder,Bombus sylvarum,0,1,0,0,,,bristly ox-tongue,04/09/2020,04/09/2020,D,2020,9,4,False,36,1,2019-2020,15
176279,176259,18670221.0,iBRC18670221,Long Reach Sewage Treatment Works - C1b,Long Reach Sewage Treatment Works - C1b - S1,,2018.0,TQ55117653,OSGB,10,51.46643448,0.231658027,51.46596909,0.23327744,242.0,124.0,TQ551765,21. Stands of tall herbs (e.g. nettle and willow-herb beds),18. Agriculturally improved/re-seeded/heavily fertilised grassland,,,,L19 - Water storage and treatment,L14 - Car parks,,"Fidczuk-Sterry, Kate",10:10,11:10,Cloudy,1. Slight smoke drift,17.0,NHMSYS0000875593,Shrill Carder,Bombus sylvarum,0,5,0,0,,,yellow brassica,04/09/2020,04/09/2020,D,2020,9,4,False,36,5,2019-2020,15
176281,176261,18670219.0,iBRC18670219,Long Reach Sewage Treatment Works - C1b,Long Reach Sewage Treatment Works - C1b - S1,,2018.0,TQ55117653,OSGB,10,51.46643448,0.231658027,51.46596909,0.23327744,242.0,124.0,TQ551765,21. Stands of tall herbs (e.g. nettle and willow-herb beds),18. Agriculturally improved/re-seeded/heavily fertilised grassland,,,,L19 - Water storage and treatment,L14 - Car parks,,"Fidczuk-Sterry, Kate",10:10,11:10,Cloudy,1. Slight smoke drift,17.0,NHMSYS0000875593,Shrill Carder,Bombus sylvarum,0,1,0,0,,,white deadnettle,04/09/2020,04/09/2020,D,2020,9,4,False,36,1,2019-2020,15
176283,176263,18670217.0,iBRC18670217,Long Reach Sewage Treatment Works - C1b,Long Reach Sewage Treatment Works - C1b - S1,,2018.0,TQ55117653,OSGB,10,51.46643448,0.231658027,51.46596909,0.23327744,242.0,124.0,TQ551765,21. Stands of tall herbs (e.g. nettle and willow-herb beds),18. Agriculturally improved/re-seeded/heavily fertilised grassland,,,,L19 - Water storage and treatment,L14 - Car parks,,"Fidczuk-Sterry, Kate",10:10,11:10,Cloudy,1. Slight smoke drift,17.0,NHMSYS0000875593,Shrill Carder,Bombus sylvarum,0,1,0,0,,,creepingthistle,04/09/2020,04/09/2020,D,2020,9,4,False,36,1,2019-2020,15
176285,176251,18670229.0,iBRC18670229,Long Reach Sewage Treatment Works - C1b,Long Reach Sewage Treatment Works - C1b - S2,,2018.0,TQ55117653,OSGB,10,51.46643448,0.231658027,51.46596909,0.23327744,242.0,118.0,TQ551764,21. Stands of tall herbs (e.g. nettle and willow-herb beds),22. Dry scrub/shrub thickets,,,,L19 - Water storage and treatment,L14 - Car parks,,"Fidczuk-Sterry, Kate",10:10,11:10,Cloudy,1. Slight smoke drift,17.0,NHMSYS0000875593,Shrill Carder,Bombus sylvarum,0,1,0,0,,,bristly ox-tongue,04/09/2020,04/09/2020,D,2020,9,4,False,36,1,2019-2020,15
176288,176254,18670226.0,iBRC18670226,Long Reach Sewage Treatment Works - C1b,Long Reach Sewage Treatment Works - C1b - S2,,2018.0,TQ55117653,OSGB,10,51.46643448,0.231658027,51.46596909,0.23327744,242.0,118.0,TQ551764,21. Stands of tall herbs (e.g. nettle and willow-herb beds),22. Dry scrub/shrub thickets,,,,L19 - Water storage and treatment,L14 - Car parks,,"Fidczuk-Sterry, Kate",10:10,11:10,Cloudy,1. Slight smoke drift,17.0,NHMSYS0000875593,Shrill Carder,Bombus sylvarum,0,2,0,0,,,white deadnettle,04/09/2020,04/09/2020,D,2020,9,4,False,36,2,2019-2020,15
176289,176255,18670225.0,iBRC18670225,Long Reach Sewage Treatment Works - C1b,Long Reach Sewage Treatment Works - C1b - S2,,2018.0,TQ55117653,OSGB,10,51.46643448,0.231658027,51.46596909,0.23327744,242.0,118.0,TQ551764,21. Stands of tall herbs (e.g. nettle and willow-herb beds),22. Dry scrub/shrub thickets,,,,L19 - Water storage and treatment,L14 - Car parks,,"Fidczuk-Sterry, Kate",10:10,11:10,Cloudy,1. Slight smoke drift,17.0,NHMSYS0000875593,Shrill Carder,Bombus sylvarum,0,2,0,0,,,black horehound,04/09/2020,04/09/2020,D,2020,9,4,False,36,2,2019-2020,15
176292,176264,18670194.0,iBRC18670194,Long Reach Sewage Treatment Works - C4,Long Reach Sewage Treatment Works - C4 - S1,,2018.0,TQ55467680,OSGB,10,51.46876144,0.236821353,51.46829605,0.238441333,377.0,122.0,TQ554767,18. Agriculturally improved/re-seeded/heavily fertilised grassland,,,,,L19 - Water storage and treatment,,,"Fidczuk-Sterry, Kate",11:30,12:30,Sunny/Cloudy,5. Small trees in leaf begin to sway,17.0,NHMSYS0000875593,Shrill Carder,Bombus sylvarum,0,4,0,0,,,hawkweedoxtongue,04/09/2020,04/09/2020,D,2020,9,4,False,36,4,2019-2020,3
176408,170554,17795858.0,iBRC17795858,South Swale - Beach,South Swale - Beach - S2,,2018.0,TR040647,OSGB,100,51.34470367,0.927841544,51.34421539,0.929521859,995.0,490.0,TR046649,"32. Bare ground/woodland herb/grass mosaics of woodland rides, hedgebanks and green lanes",14. Inland swamp/fen stands without open water (e.g. reed and sedgebeds),,,,L12 - Transport tracks and ways,L6 - Outdoor amenity and open spaces,"Saxon Shore Way, lots of different wildflowers.  Reedbed 20 m to side, below Saxon Shore Way, secondary, but might attract different insects.","Burbridge, David",15:00,16:45,Sunny,3. Leaves and twigs in slight motion,18.0,NHMSYS0000875593,Shrill Carder,Bombus sylvarum,0,1,1,1,,,Birds-foot trefoil,05/09/2020,05/09/2020,D,2020,9,5,False,36,3,2019-2020,9
176543,174929,18155121.0,iBRC18155121,Victory Wood One,Victory Wood One - S1,,2019.0,TR090624,OSGB,100,51.32223129,0.998196304,51.32174301,0.9998824,2402.0,348.0,TR086626,18. Agriculturally improved/re-seeded/heavily fertilised grassland,,,,,L6 - Outdoor amenity and open spaces,,,"Inglis, Claire",12:40,14:30,Sunny/Cloudy,4. Dust raised and small branches move,19.0,NHMSYS0000875593,Shrill Carder,Bombus sylvarum,0,1,0,0,,,red bartsia,07/09/2020,07/09/2020,D,2020,9,7,False,37,1,2019-2020,47
176548,174916,18155134.0,iBRC18155134,Victory Wood One,Victory Wood One - S3,,2019.0,TR090624,OSGB,100,51.32223129,0.998196304,51.32174301,0.9998824,2402.0,767.0,TR088626,18. Agriculturally improved/re-seeded/heavily fertilised grassland,,,,,L6 - Outdoor amenity and open spaces,,,"Inglis, Claire",12:40,14:30,Sunny/Cloudy,4. Dust raised and small branches move,19.0,NHMSYS0000875593,Shrill Carder,Bombus sylvarum,0,1,0,0,,,common birds-foot-trefoil,07/09/2020,07/09/2020,D,2020,9,7,False,37,1,2019-2020,47
176556,174924,18155126.0,iBRC18155126,Victory Wood One,Victory Wood One - S3,,2019.0,TR090624,OSGB,100,51.32223129,0.998196304,51.32174301,0.9998824,2402.0,767.0,TR088626,18. Agriculturally improved/re-seeded/heavily fertilised grassland,,,,,L6 - Outdoor amenity and open spaces,,,"Inglis, Claire",12:40,14:30,Sunny/Cloudy,4. Dust raised and small branches move,19.0,NHMSYS0000875593,Shrill Carder,Bombus sylvarum,0,12,14,0,,,red bartsia,07/09/2020,07/09/2020,D,2020,9,7,False,37,26,2019-2020,47
176558,174912,18155138.0,iBRC18155138,Victory Wood One,Victory Wood One - S4,,2019.0,TR090624,OSGB,100,51.32223129,0.998196304,51.32174301,0.9998824,2402.0,414.0,TR093620,18. Agriculturally improved/re-seeded/heavily fertilised grassland,30. Small man-made woodlands,,,,L6 - Outdoor amenity and open spaces,L3 - Managed forest,,"Inglis, Claire",12:40,14:30,Sunny/Cloudy,4. Dust raised and small branches move,19.0,NHMSYS0000875593,Shrill Carder,Bombus sylvarum,0,1,0,0,,,red bartsia,07/09/2020,07/09/2020,D,2020,9,7,False,37,1,2019-2020,47
176564,174911,18155139.0,iBRC18155139,Victory Wood One,Victory Wood One - S5,,2019.0,TR090624,OSGB,100,51.32223129,0.998196304,51.32174301,0.9998824,2402.0,683.0,TR090621,18. Agriculturally improved/re-seeded/heavily fertilised grassland,25. Hedgerows,,,,L6 - Outdoor amenity and open spaces,L6 - Outdoor amenity and open spaces,,"Inglis, Claire",12:40,14:30,Sunny/Cloudy,4. Dust raised and small branches move,19.0,NHMSYS0000875593,Shrill Carder,Bombus sylvarum,1,8,5,0,1 large female identified as queen,,red bartsia,07/09/2020,07/09/2020,D,2020,9,7,False,37,14,2019-2020,47
177511,169458,17889024.0,iBRC17889024,RSPB Rainham Marshes - Rainham West,RSPB Rainham Marshes - Rainham West - S3,,2020.0,TQ519807,OSGB,100,51.50477219,0.18727994,51.50431061,0.188896537,1799.0,482.0,TQ521809,,,,,,,,,"Hoare, Jerry",12:45,13:20,Sunny,1. Slight smoke drift,22.0,NHMSYS0000875593,Shrill Carder,Bombus sylvarum,0,1,0,0,,,,21/09/2020,21/09/2020,D,2020,9,21,False,39,1,2019-2020,1
177622,169037,17938937.0,iBRC17938937,RSPB Rainham Marshes - centre-woodland,RSPB Rainham Marshes - centre-woodland - S1,,2015.0,TQ549790,OSGB,100,51.48868179,0.229724601,51.48822021,0.231344625,2033.0,61.0,TQ548787,39. Ornamental shrubs/trees/lawns of churches/parks/domestic gardens etc,,,,An area known as the wildlife garden which consists mainly of pollen-rich non-native plants.,L6 - Outdoor amenity and open spaces,,Nature reserve,"Hoare, Jerry",09:30,10:25,Sunny,1. Slight smoke drift,22.0,NHMSYS0000875593,Shrill Carder,Bombus sylvarum,0,1,0,0,,,,22/09/2020,22/09/2020,D,2020,9,22,False,39,1,2019-2020,30
177627,169029,17938946.0,iBRC17938946,RSPB Rainham Marshes - centre-woodland,RSPB Rainham Marshes - centre-woodland - S6,,2015.0,TQ549790,OSGB,100,51.48868179,0.229724601,51.48822021,0.231344625,2033.0,595.0,TQ548795,16. Dry semi/unimproved acid grassland,,,,"Acid grassland bordering a trackway, consisting of areas of bare ground and sand heaps. Further down the track there are areas of bramble, knapweed and fine grasses. There has been some recent planting of native shrubs towards the roadside of this area.",L12 - Transport tracks and ways,,Trackway with bordering land left for nature conservation interest.,"Hoare, Jerry",09:30,10:25,Sunny,1. Slight smoke drift,22.0,NHMSYS0000875593,Shrill Carder,Bombus sylvarum,0,1,0,0,,,,22/09/2020,22/09/2020,D,2020,9,22,False,39,1,2019-2020,30
177635,169414,17894967.0,iBRC17894967,Ellenden Farm,Ellenden Farm - S4,,2019.0,TR099630,OSGB,100,51.32728958,1.011442542,51.3268013,1.013130069,2312.0,783.0,TR097631,,,,,,,,,"Cartwright, Bex",10:40,11:45,Sunny/Cloudy,1. Slight smoke drift,19.0,NHMSYS0000875593,Shrill Carder,Bombus sylvarum,0,9,0,0,,,Bird's foot trefoil,22/09/2020,22/09/2020,D,2020,9,22,False,39,9,2019-2020,11
177654,169025,17938964.0,iBRC17938964,RSPB Rainham Marshes - river wall & anthill,RSPB Rainham Marshes - river wall & anthill - S3,,2018.0,TQ542789,OSGB,100,51.48797607,0.219601795,51.4875145,0.221220836,2026.0,265.0,TQ541789,17. Dry semi/unimproved (flower rich) neutral grassland,,,,,L6 - Outdoor amenity and open spaces,,,"Hoare, Jerry",11:15,12:00,Sunny,"2. Wind felt on face, leaves rustle",28.0,NHMSYS0000875593,Shrill Carder,Bombus sylvarum,0,1,0,0,,,,22/09/2020,22/09/2020,D,2020,9,22,False,39,1,2019-2020,64
177656,169023,17938966.0,iBRC17938966,RSPB Rainham Marshes - river wall & anthill,RSPB Rainham Marshes - river wall & anthill - S5,,2018.0,TQ542789,OSGB,100,51.48797607,0.219601795,51.4875145,0.221220836,2026.0,152.0,TQ540791,17. Dry semi/unimproved (flower rich) neutral grassland,,,,,L6 - Outdoor amenity and open spaces,,,"Hoare, Jerry",11:15,12:00,Sunny,"2. Wind felt on face, leaves rustle",28.0,NHMSYS0000875593,Shrill Carder,Bombus sylvarum,0,1,0,0,,,,22/09/2020,22/09/2020,D,2020,9,22,False,39,1,2019-2020,64
177852,176281,18669969.0,iBRC18669969,Long Reach Sewage Treatment Works - C1b,Long Reach Sewage Treatment Works - C1b - S1,,2018.0,TQ55117653,OSGB,10,51.46643448,0.231658027,51.46596909,0.23327744,242.0,124.0,TQ551765,21. Stands of tall herbs (e.g. nettle and willow-herb beds),18. Agriculturally improved/re-seeded/heavily fertilised grassland,,,,L19 - Water storage and treatment,L14 - Car parks,,"Fidczuk-Sterry, Kate",11:00,12:30,Sunny/Cloudy,"2. Wind felt on face, leaves rustle",18.0,NHMSYS0000875593,Shrill Carder,Bombus sylvarum,2,4,7,0,,,whitedeadnettle,05/10/2020,05/10/2020,D,2020,10,5,False,41,13,2019-2020,15
177855,176279,18669971.0,iBRC18669971,Long Reach Sewage Treatment Works - C1b,Long Reach Sewage Treatment Works - C1b - S2,,2018.0,TQ55117653,OSGB,10,51.46643448,0.231658027,51.46596909,0.23327744,242.0,118.0,TQ551764,21. Stands of tall herbs (e.g. nettle and willow-herb beds),22. Dry scrub/shrub thickets,,,,L19 - Water storage and treatment,L14 - Car parks,,"Fidczuk-Sterry, Kate",11:00,12:30,Sunny/Cloudy,"2. Wind felt on face, leaves rustle",18.0,NHMSYS0000875593,Shrill Carder,Bombus sylvarum,0,1,0,0,,,whitedeadnettle,05/10/2020,05/10/2020,D,2020,10,5,False,41,1,2019-2020,15
177886,173826,18386273.0,iBRC18386273,Victory Wood One,Victory Wood One - S4,,2019.0,TR090624,OSGB,100,51.32223129,0.998196304,51.32174301,0.9998824,2402.0,414.0,TR093620,18. Agriculturally improved/re-seeded/heavily fertilised grassland,30. Small man-made woodlands,,,,L6 - Outdoor amenity and open spaces,L3 - Managed forest,,"Inglis, Claire",12:05,14:00,Cloudy,"2. Wind felt on face, leaves rustle",10.0,NHMSYS0000875593,Shrill Carder,Bombus sylvarum,0,0,0,1,In flight over flowers,,,06/10/2020,06/10/2020,D,2020,10,6,False,41,1,2019-2020,47
187743,208712,21079456.0,iBRC21079456,Cliffe Pools,Cliffe Pools - S2,,2018.0,TQ720770,OSGB,100,51.46583207,0.474788306,51.46530705,0.476461481,1657.0,908.0,TQ730766,22. Dry scrub/shrub thickets,,,,,L6 - Outdoor amenity and open spaces,,"old gravel workings, now a nature reserve","Cobb, Alan",10:28,11:55,Sunny,"2. Wind felt on face, leaves rustle",23.0,NHMSYS0000875593,Shrill Carder,Bombus sylvarum,1,0,0,0,,,White dead-nettle,07/06/2021,07/06/2021,D,2021,6,7,False,23,1,2021-2022,26
188971,251064,24522193.0,iBRC24522193,Canvey Wick Nature Reserve,Canvey Wick Nature Reserve - S1,,2018.0,TQ766833,OSGB,100,51.52100702,0.544092322,51.52048723,0.545775705,1408.0,196.0,TQ765835,,,,,,,,,"Cartwright, Bex",11:45,13:05,Sunny,1. Slight smoke drift,20.0,NHMSYS0000875593,Shrill Carder Bee,Bombus sylvarum,1,0,0,0,,,Fodder Vetch,12/06/2021,12/06/2021,D,2021,6,12,False,23,1,2021-2022,17
188976,251049,24522201.0,iBRC24522201,Canvey Wick Nature Reserve,Canvey Wick Nature Reserve - S2,,2018.0,TQ766833,OSGB,100,51.52100702,0.544092322,51.52048723,0.545775705,1408.0,395.0,TQ764833,,,,,,,,,"Cartwright, Bex",11:45,13:05,Sunny,1. Slight smoke drift,20.0,NHMSYS0000875593,Shrill Carder Bee,Bombus sylvarum,1,0,0,0,in flight,,,12/06/2021,12/06/2021,D,2021,6,12,False,23,1,2021-2022,17
188981,251072,24522209.0,iBRC24522209,Canvey Wick Nature Reserve,Canvey Wick Nature Reserve - S5,,2018.0,TQ766833,OSGB,100,51.52100702,0.544092322,51.52048723,0.545775705,1408.0,185.0,TQ767834,,,,,,,,,"Cartwright, Bex",11:45,13:05,Sunny,1. Slight smoke drift,20.0,NHMSYS0000875593,Shrill Carder Bee,Bombus sylvarum,0,1,0,0,,,Narrow-leaved Bird's-foot-trefoil,12/06/2021,12/06/2021,D,2021,6,12,False,23,1,2021-2022,17
193749,208702,22162434.0,iBRC22162434,Canvey Wick Nature Reserve,Canvey Wick Nature Reserve - S2,,2018.0,TQ766833,OSGB,100,51.52100702,0.544092322,51.52048723,0.545775705,1408.0,395.0,TQ764833,,,,,,,,,"Ross, Amy",15:34,17:05,Sunny,4. Dust raised and small branches move,19.0,NHMSYS0000875593,Shrill Carder,Bombus sylvarum,0,1,0,0,,,,26/06/2021,26/06/2021,D,2021,6,26,False,25,1,2021-2022,17
198648,208683,21079623.0,iBRC21079623,Cliffe Pools,Cliffe Pools - S2,,2018.0,TQ720770,OSGB,100,51.46583207,0.474788306,51.46530705,0.476461481,1657.0,908.0,TQ730766,22. Dry scrub/shrub thickets,,,,,L6 - Outdoor amenity and open spaces,,"old gravel workings, now a nature reserve","Cobb, Alan",10:15,12:00,Sunny/Cloudy,4. Dust raised and small branches move,20.0,NHMSYS0000875593,Shrill Carder,Bombus sylvarum,2,0,0,0,,,Black Horehound,15/07/2021,15/07/2021,D,2021,7,15,False,28,2,2021-2022,26
201970,208704,21435034.0,iBRC21435034,Kenfig Castle,Kenfig Castle - S2,,2019.0,SS795827,OSGB,100,51.53031087,-3.738547327,51.52985438,-3.737354447,1895.0,299.0,SS800826,4. Coastal dune and sand scrub,,,,,L1 - Agriculture,,,"Carrington, David",10:00,12:00,Sunny,"2. Wind felt on face, leaves rustle",20.0,NHMSYS0000875593,Shrill Carder,Bombus sylvarum,0,4,0,0,,,Red bartsia,26/07/2021,26/07/2021,D,2021,7,26,False,30,4,2021-2022,16
203262,208685,23183609.0,iBRC23183609,Victory Wood Two,Victory Wood Two - S1,,2021.0,TR094620,OSGB,100,51.31855416,1.003647116,51.31800326,1.005373744,1354.0,410.0,TR094620,"32. Bare ground/woodland herb/grass mosaics of woodland rides, hedgebanks and green lanes",31. Recently felled areas/early-stage woodland and coppice,22. Dry scrub/shrub thickets,,"Wide ride habitat flanked by secondary woodland aged 15 years- composition is mixed broadleaves including oak, willow sp. ash, cherry, birch, hornbeam, Guelder rose, wild service, elder, blackthorn. crab apple, hawthorn, dogwood, amongst other species. Tall herbs line areas of the wide ride including broom and a range of flora is establishing along the ride edge. A historic agricultural drainage runs west to east, lined with more mature willow including almond willow, oak and other broadleaves. It sits in close proximity to managed grassland where arisings are cut and collected during September annually. The wide ride habitat along the transect is also cut in September in a piecemeal fashion (zone 1 sections cut on a 3-5 year rotation with pinch points left) and arisings are collected. Zone 2 and 3 areas are cut on a longer rotation, and some coppiced edges are being incorporated to support a more diverse habitat structure. The site sits on London Clay soils and can become waterlogged. The grassland is predominantly neutral becoming slightly more acidic towards the southern end. The whole area is publically accessible and forms part of the managed ride network- cut three times annually.",L3 - Managed forest,L6 - Outdoor amenity and open spaces,"The ditch line does fill with water during the wetter months, and will often retain water into early summer.","Lansdell, Emma",13:50,15:00,Sunny/Cloudy,4. Dust raised and small branches move,21.0,NHMSYS0000875593,Shrill Carder,Bombus sylvarum,0,1,0,0,,,Spear Thistle,29/07/2021,29/07/2021,D,2021,7,29,False,30,1,2021-2022,13
203267,208693,23183614.0,iBRC23183614,Victory Wood Two,Victory Wood Two - S3,,2021.0,TR094620,OSGB,100,51.31855416,1.003647116,51.31800326,1.005373744,1354.0,343.0,TR096616,"32. Bare ground/woodland herb/grass mosaics of woodland rides, hedgebanks and green lanes",31. Recently felled areas/early-stage woodland and coppice,22. Dry scrub/shrub thickets,,"Wide ride habitat flanked by secondary woodland aged 15 years- composition is mixed broadleaves including oak, willow sp. ash, cherry, birch, hornbeam, Guelder rose, wild service, elder, blackthorn. crab apple, hawthorn, dogwood, amongst other species. Tall herbs line areas of the wide ride including broom and a range of flora is establishing along the ride edge. A historic agricultural drainage runs west to east, lined with more mature willow including almond willow, oak and other broadleaves. It sits in close proximity to managed grassland where arisings are cut and collected during September annually. The wide ride habitat along the transect is also cut in September in a piecemeal fashion (zone 1 sections cut on a 3-5 year rotation with pinch points left) and arisings are collected. Zone 2 and 3 areas are cut on a longer rotation, and some coppiced edges are being incorporated to support a more diverse habitat structure. The site sits on London Clay soils and can become waterlogged. The grassland is predominantly neutral becoming slightly more acidic towards the southern end. The whole area is publically accessible and forms part of the managed ride network- cut three times annually.",L3 - Managed forest,L6 - Outdoor amenity and open spaces,This section of the route continues along a narrow ride with steep decline towards the historic agricultural drainage ditch. As such areas of this section are more sheltered and provide useful nesting habitat (emerged Bombus sylvarum queen noted here in previous years),"Lansdell, Emma",13:50,15:00,Sunny/Cloudy,4. Dust raised and small branches move,21.0,NHMSYS0000875593,Shrill Carder,Bombus sylvarum,1,0,0,0,,,Red Clover,29/07/2021,29/07/2021,D,2021,7,29,False,30,1,2021-2022,13
206281,208687,21757269.0,iBRC21757269,RSPB Rainham Marshes - river wall & anthill,RSPB Rainham Marshes - river wall & anthill - S2,,2018.0,TQ542789,OSGB,100,51.48802912,0.219579778,51.48751087,0.221224931,2026.0,183.0,TQ543788,17. Dry semi/unimproved (flower rich) neutral grassland,,,,,L6 - Outdoor amenity and open spaces,,,"Hoare, Jerry",12:50,13:50,Sunny/Cloudy,3. Leaves and twigs in slight motion,20.0,NHMSYS0000875593,Shrill Carder,Bombus sylvarum,0,1,0,0,,,,10/08/2021,10/08/2021,D,2021,8,10,False,32,1,2021-2022,64
208904,208699,23183792.0,iBRC23183792,Victory Wood One,Victory Wood One - S2,,2019.0,TR090624,OSGB,100,51.3222929,0.998149621,51.32174252,0.999875792,2402.0,190.0,TR087627,18. Agriculturally improved/re-seeded/heavily fertilised grassland,,,,,L6 - Outdoor amenity and open spaces,,,"Lansdell, Emma",15:15,16:40,Sunny/Cloudy,4. Dust raised and small branches move,22.0,NHMSYS0000875593,Shrill Carder,Bombus sylvarum,0,1,0,0,,,Red Bartsia,19/08/2021,19/08/2021,D,2021,8,19,False,33,1,2021-2022,47
208908,208686,23183794.0,iBRC23183794,Victory Wood One,Victory Wood One - S3,,2019.0,TR090624,OSGB,100,51.3222929,0.998149621,51.32174252,0.999875792,2402.0,767.0,TR088626,18. Agriculturally improved/re-seeded/heavily fertilised grassland,,,,,L6 - Outdoor amenity and open spaces,,,"Lansdell, Emma",15:15,16:40,Sunny/Cloudy,4. Dust raised and small branches move,22.0,NHMSYS0000875593,Shrill Carder,Bombus sylvarum,0,1,0,0,,,Red Bartsia,19/08/2021,19/08/2021,D,2021,8,19,False,33,1,2021-2022,47
210301,208692,21757291.0,iBRC21757291,RSPB Rainham Marshes - Rainham West 2,RSPB Rainham Marshes - Rainham West 2 - S1,,2021.0,TQ518809,OSGB,100,51.50664776,0.185899071,51.50613221,0.187541176,2541.0,491.0,TQ515801,17. Dry semi/unimproved (flower rich) neutral grassland,25. Hedgerows,21. Stands of tall herbs (e.g. nettle and willow-herb beds),,,L12 - Transport tracks and ways,L6 - Outdoor amenity and open spaces,,"Hoare, Jerry",11:20,12:45,Sunny/Cloudy,3. Leaves and twigs in slight motion,20.0,NHMSYS0000875593,Shrill Carder,Bombus sylvarum,0,1,0,0,,,,24/08/2021,24/08/2021,D,2021,8,24,False,34,1,2021-2022,47
210304,208709,21757293.0,iBRC21757293,RSPB Rainham Marshes - Rainham West 2,RSPB Rainham Marshes - Rainham West 2 - S2,,2021.0,TQ518809,OSGB,100,51.50664776,0.185899071,51.50613221,0.187541176,2541.0,545.0,TQ518804,25. Hedgerows,17. Dry semi/unimproved (flower rich) neutral grassland,21. Stands of tall herbs (e.g. nettle and willow-herb beds),25. Hedgerows,,L6 - Outdoor amenity and open spaces,L1 - Agriculture,nature reserve path through grazing marsh,"Hoare, Jerry",11:20,12:45,Sunny/Cloudy,3. Leaves and twigs in slight motion,20.0,NHMSYS0000875593,Shrill Carder,Bombus sylvarum,0,3,1,0,,,,24/08/2021,24/08/2021,D,2021,8,24,False,34,4,2021-2022,47
210307,208679,21757296.0,iBRC21757296,RSPB Rainham Marshes - Rainham West 2,RSPB Rainham Marshes - Rainham West 2 - S3,,2021.0,TQ518809,OSGB,100,51.50664776,0.185899071,51.50613221,0.187541176,2541.0,488.0,TQ521809,17. Dry semi/unimproved (flower rich) neutral grassland,21. Stands of tall herbs (e.g. nettle and willow-herb beds),10. Fen/swamp/marsh vegetation of inland freshwater edges,,,L6 - Outdoor amenity and open spaces,L1 - Agriculture,nature reserve path through grazing marsh,"Hoare, Jerry",11:20,12:45,Sunny/Cloudy,3. Leaves and twigs in slight motion,20.0,NHMSYS0000875593,Shrill Carder,Bombus sylvarum,0,0,0,2,,,,24/08/2021,24/08/2021,D,2021,8,24,False,34,2,2021-2022,47
210310,208698,21757299.0,iBRC21757299,RSPB Rainham Marshes - Rainham West 2,RSPB Rainham Marshes - Rainham West 2 - S4,,2021.0,TQ518809,OSGB,100,51.50664776,0.185899071,51.50613221,0.187541176,2541.0,250.0,TQ518812,17. Dry semi/unimproved (flower rich) neutral grassland,21. Stands of tall herbs (e.g. nettle and willow-herb beds),10. Fen/swamp/marsh vegetation of inland freshwater edges,,,L6 - Outdoor amenity and open spaces,L1 - Agriculture,nature reserve path through grazing marsh,"Hoare, Jerry",11:20,12:45,Sunny/Cloudy,3. Leaves and twigs in slight motion,20.0,NHMSYS0000875593,Shrill Carder,Bombus sylvarum,0,0,0,2,,,,24/08/2021,24/08/2021,D,2021,8,24,False,34,2,2021-2022,47
210312,208681,21757302.0,iBRC21757302,RSPB Rainham Marshes - Rainham West 2,RSPB Rainham Marshes - Rainham West 2 - S5,,2021.0,TQ518809,OSGB,100,51.50664776,0.185899071,51.50613221,0.187541176,2541.0,171.0,TQ516814,17. Dry semi/unimproved (flower rich) neutral grassland,21. Stands of tall herbs (e.g. nettle and willow-herb beds),,,,L6 - Outdoor amenity and open spaces,L1 - Agriculture,nature reserve path through grazing marsh,"Hoare, Jerry",11:20,12:45,Sunny/Cloudy,3. Leaves and twigs in slight motion,20.0,NHMSYS0000875593,Shrill Carder,Bombus sylvarum,0,0,0,1,,,,24/08/2021,24/08/2021,D,2021,8,24,False,34,1,2021-2022,47
210314,208696,21757304.0,iBRC21757304,RSPB Rainham Marshes - Rainham West 2,RSPB Rainham Marshes - Rainham West 2 - S6,,2021.0,TQ518809,OSGB,100,51.50664776,0.185899071,51.50613221,0.187541176,2541.0,596.0,TQ515813,17. Dry semi/unimproved (flower rich) neutral grassland,21. Stands of tall herbs (e.g. nettle and willow-herb beds),,,,L6 - Outdoor amenity and open spaces,L1 - Agriculture,nature reserve path through grazing marsh,"Hoare, Jerry",11:20,12:45,Sunny/Cloudy,3. Leaves and twigs in slight motion,20.0,NHMSYS0000875593,Shrill Carder,Bombus sylvarum,0,0,3,1,,,,24/08/2021,24/08/2021,D,2021,8,24,False,34,4,2021-2022,47
210518,208701,21778450.0,iBRC21778450,"Riverside Country Park, Rainham","Riverside Country Park, Rainham - S1",,2011.0,TQ817676,OSGB,100,51.37837053,0.609465954,51.37783317,0.61115066,1972.0,532.0,TQ822674,40. Bare ground/weed communities of post-industrial sites e.g. quarries/pits/road/rail/landfill,22. Dry scrub/shrub thickets,"24. Wet Willow scrub of fen, river and lake-side",,,L41 - Unused Land,L6 - Outdoor amenity and open spaces,,"Springate, Simon",14:59,16:10,Sunny,5. Small trees in leaf begin to sway,23.0,NHMSYS0000875593,Shrill Carder,Bombus sylvarum,0,0,1,0,,,Wild Marjoram,24/08/2021,24/08/2021,D,2021,8,24,False,34,1,2021-2022,18
210527,208688,21778464.0,iBRC21778464,"Riverside Country Park, Rainham","Riverside Country Park, Rainham - S3",,2011.0,TQ817676,OSGB,100,51.37837053,0.609465954,51.37783317,0.61115066,1972.0,330.0,TQ818676,15. Dry semi/unimproved (flower rich) chalk/limestone grassland,25. Hedgerows,40. Bare ground/weed communities of post-industrial sites e.g. quarries/pits/road/rail/landfill,,,L6 - Outdoor amenity and open spaces,,,"Springate, Simon",14:59,16:10,Sunny,5. Small trees in leaf begin to sway,23.0,NHMSYS0000875593,Shrill Carder,Bombus sylvarum,0,0,1,0,,,Greater Knapweed,24/08/2021,24/08/2021,D,2021,8,24,False,34,1,2021-2022,18
211223,250993,24963751.0,iBRC24963751,Kenfig Castle,Kenfig Castle - S2,,2019.0,SS795827,OSGB,100,51.53031087,-3.738547327,51.52985438,-3.737354447,1895.0,299.0,SS800826,4. Coastal dune and sand scrub,,,,,L1 - Agriculture,,,"Carrington, David",11:27,14:00,,,,NHMSYS0000875593,Shrill Carder Bee,Bombus sylvarum,0,7,1,0,,,,27/08/2021,27/08/2021,D,2021,8,27,False,34,8,2021-2022,16
211229,251039,24963757.0,iBRC24963757,Kenfig Castle,Kenfig Castle - S4,,2019.0,SS795827,OSGB,100,51.53031087,-3.738547327,51.52985438,-3.737354447,1895.0,512.0,SS796826,2. Coastal dune grassland,,,,,L1 - Agriculture,,,"Carrington, David",11:27,14:00,,,,NHMSYS0000875593,Shrill Carder Bee,Bombus sylvarum,0,1,0,0,,,,27/08/2021,27/08/2021,D,2021,8,27,False,34,1,2021-2022,16
211233,250998,24963761.0,iBRC24963761,Kenfig Castle,Kenfig Castle - S5,,2019.0,SS795827,OSGB,100,51.53031087,-3.738547327,51.52985438,-3.737354447,1895.0,494.0,SS796825,4. Coastal dune and sand scrub,,,,,L1 - Agriculture,,Light cattle grazing,"Carrington, David",11:27,14:00,,,,NHMSYS0000875593,Shrill Carder Bee,Bombus sylvarum,0,1,0,0,,,,27/08/2021,27/08/2021,D,2021,8,27,False,34,1,2021-2022,16
211252,208689,23183841.0,iBRC23183841,Victory Wood Two,Victory Wood Two - S2,,2021.0,TR094620,OSGB,100,51.31855416,1.003647116,51.31800326,1.005373744,1354.0,409.0,TR098620,"32. Bare ground/woodland herb/grass mosaics of woodland rides, hedgebanks and green lanes",31. Recently felled areas/early-stage woodland and coppice,22. Dry scrub/shrub thickets,,"Wide ride habitat flanked by secondary woodland aged 15 years- composition is mixed broadleaves including oak, willow sp. ash, cherry, birch, hornbeam, Guelder rose, wild service, elder, blackthorn. crab apple, hawthorn, dogwood, amongst other species. Tall herbs line areas of the wide ride including broom and a range of flora is establishing along the ride edge. A historic agricultural drainage runs west to east, lined with more mature willow including almond willow, oak and other broadleaves. It sits in close proximity to managed grassland where arisings are cut and collected during September annually. The wide ride habitat along the transect is also cut in September in a piecemeal fashion (zone 1 sections cut on a 3-5 year rotation with pinch points left) and arisings are collected. Zone 2 and 3 areas are cut on a longer rotation, and some coppiced edges are being incorporated to support a more diverse habitat structure. The site sits on London Clay soils and can become waterlogged. The grassland is predominantly neutral becoming slightly more acidic towards the southern end. The whole area is publically accessible and forms part of the managed ride network- cut three times annually. In this section of the route, there are more open ground areas due to historic and interpretive features including a Cold War bunker and nearby links viewing platform.",L3 - Managed forest,L6 - Outdoor amenity and open spaces,"This section sits along the main ridge extending between two flanking ancient woodland habitats. This area is exposed, the site sits 2km from the North Kent coastline.","Lansdell, Emma",12:40,14:00,Sunny/Cloudy,3. Leaves and twigs in slight motion,23.0,NHMSYS0000875593,Shrill Carder,Bombus sylvarum,0,3,0,0,,,Red Bartsia,27/08/2021,27/08/2021,D,2021,8,27,False,34,3,2021-2022,13
212643,208694,21986062.0,iBRC21986062,South Swale - Beach,South Swale - Beach - S1,,2018.0,TR040647,OSGB,100,51.34476053,0.927808358,51.34421395,0.929527572,995.0,505.0,TR040647,8. Coastal shingle,1. Marine saltmarshes/estuaries/saline reedbeds,,,,L6 - Outdoor amenity and open spaces,L17 - Waterways,Nature reserve - wildflower rich Shingle / Shell beach running along Swale estuary.,"Burbridge, David",12:30,13:45,Sunny/Cloudy,3. Leaves and twigs in slight motion,21.0,NHMSYS0000875593,Shrill Carder,Bombus sylvarum,0,1,0,0,,,Hawkweed Ox-tongue,05/09/2021,05/09/2021,D,2021,9,5,False,35,1,2021-2022,9
212773,208714,21923406.0,iBRC21923406,Cliffe Pools,Cliffe Pools - S2,,2018.0,TQ720770,OSGB,100,51.46583207,0.474788306,51.46530705,0.476461481,1657.0,908.0,TQ730766,22. Dry scrub/shrub thickets,,,,,L6 - Outdoor amenity and open spaces,,"old gravel workings, now a nature reserve","Cobb, Alan",10:45,12:15,Sunny,"2. Wind felt on face, leaves rustle",21.0,NHMSYS0000875593,Shrill Carder,Bombus sylvarum,0,0,0,1,,,Black horehound,06/09/2021,06/09/2021,D,2021,9,6,False,36,1,2021-2022,26
213008,208700,22936045.0,iBRC22936045,Victory Wood One,Victory Wood One - S1,,2019.0,TR090624,OSGB,100,51.3222929,0.998149621,51.32174252,0.999875792,2402.0,348.0,TR086626,18. Agriculturally improved/re-seeded/heavily fertilised grassland,,,,,L6 - Outdoor amenity and open spaces,,,"Inglis, Claire",13:30,14:45,Sunny,"2. Wind felt on face, leaves rustle",24.0,NHMSYS0000875593,Shrill Carder,Bombus sylvarum,0,2,0,0,,,Common Bird's-foot-trefoil,07/09/2021,07/09/2021,D,2021,9,7,False,36,2,2021-2022,47
213009,208707,22936046.0,iBRC22936046,Victory Wood One,Victory Wood One - S1,,2019.0,TR090624,OSGB,100,51.3222929,0.998149621,51.32174252,0.999875792,2402.0,348.0,TR086626,18. Agriculturally improved/re-seeded/heavily fertilised grassland,,,,,L6 - Outdoor amenity and open spaces,,,"Inglis, Claire",13:30,14:45,Sunny,"2. Wind felt on face, leaves rustle",24.0,NHMSYS0000875593,Shrill Carder,Bombus sylvarum,0,1,0,0,,,Red Bartsia,07/09/2021,07/09/2021,D,2021,9,7,False,36,1,2021-2022,47
213029,208695,22936069.0,iBRC22936069,Victory Wood One,Victory Wood One - S3,,2019.0,TR090624,OSGB,100,51.3222929,0.998149621,51.32174252,0.999875792,2402.0,767.0,TR088626,18. Agriculturally improved/re-seeded/heavily fertilised grassland,,,,,L6 - Outdoor amenity and open spaces,,,"Inglis, Claire",13:30,14:45,Sunny,"2. Wind felt on face, leaves rustle",24.0,NHMSYS0000875593,Shrill Carder,Bombus sylvarum,0,1,0,0,,,White Clover,07/09/2021,07/09/2021,D,2021,9,7,False,36,1,2021-2022,47
213030,208715,22936071.0,iBRC22936071,Victory Wood One,Victory Wood One - S3,,2019.0,TR090624,OSGB,100,51.3222929,0.998149621,51.32174252,0.999875792,2402.0,767.0,TR088626,18. Agriculturally improved/re-seeded/heavily fertilised grassland,,,,,L6 - Outdoor amenity and open spaces,,,"Inglis, Claire",13:30,14:45,Sunny,"2. Wind felt on face, leaves rustle",24.0,NHMSYS0000875593,Shrill Carder,Bombus sylvarum,0,1,0,0,,,Common Bird's-foot-trefoil,07/09/2021,07/09/2021,D,2021,9,7,False,36,1,2021-2022,47
213661,208697,21941842.0,iBRC21941842,RSPB Bowers Marsh 2,RSPB Bowers Marsh 2 - S1,,2017.0,TQ755860,OSGB,100,51.54560274,0.529598368,51.54508604,0.531281158,1806.0,383.0,TQ755867,17. Dry semi/unimproved (flower rich) neutral grassland,26. Mature broadleaved woodland,,,"Hardstanding footpath on flower rich neutral semi improved grass, seasonally mown. Flanked by hedgerow including elm, hawthorn and blackthorn. Adjacent to arable land.",L6 - Outdoor amenity and open spaces,L1 - Agriculture,,"Hill, Andy",10:00,10:30,Sunny/Cloudy,3. Leaves and twigs in slight motion,18.0,NHMSYS0000875593,Shrill Carder,Bombus sylvarum,0,0,1,0,,,Ragwort,13/09/2021,13/09/2021,D,2021,9,13,False,37,1,2021-2022,31
213698,208703,21941872.0,iBRC21941872,RSPB West Canvey Marsh,RSPB West Canvey Marsh - S1,,2017.0,TQ770846,OSGB,100,51.53255918,0.550504417,51.53204062,0.552189021,2681.0,339.0,TQ772843,17. Dry semi/unimproved (flower rich) neutral grassland,25. Hedgerows,,,legume rich hay meadow,L6 - Outdoor amenity and open spaces,L1 - Agriculture,"hay meadow, seasonally opened for wildflower trail walk","Hill, Andy",11:20,12:30,Sunny/Cloudy,3. Leaves and twigs in slight motion,19.0,NHMSYS0000875593,Shrill Carder,Bombus sylvarum,0,0,3,0,,,Bristly Ox-tongue,13/09/2021,13/09/2021,D,2021,9,13,False,37,3,2021-2022,65
214656,208708,22012831.0,iBRC22012831,RSPB Rainham Marshes - Rainham West 2,RSPB Rainham Marshes - Rainham West 2 - S2,,2021.0,TQ518809,OSGB,100,51.50664776,0.185899071,51.50613221,0.187541176,2541.0,545.0,TQ518804,25. Hedgerows,17. Dry semi/unimproved (flower rich) neutral grassland,21. Stands of tall herbs (e.g. nettle and willow-herb beds),25. Hedgerows,,L6 - Outdoor amenity and open spaces,L1 - Agriculture,nature reserve path through grazing marsh,"Hoare, Jerry",11:05,12:20,Sunny,3. Leaves and twigs in slight motion,19.0,NHMSYS0000875593,Shrill Carder,Bombus sylvarum,0,2,0,0,,,,22/09/2021,22/09/2021,D,2021,9,22,False,38,2,2021-2022,47
214660,208713,22012836.0,iBRC22012836,RSPB Rainham Marshes - Rainham West 2,RSPB Rainham Marshes - Rainham West 2 - S3,,2021.0,TQ518809,OSGB,100,51.50664776,0.185899071,51.50613221,0.187541176,2541.0,488.0,TQ521809,17. Dry semi/unimproved (flower rich) neutral grassland,21. Stands of tall herbs (e.g. nettle and willow-herb beds),10. Fen/swamp/marsh vegetation of inland freshwater edges,,,L6 - Outdoor amenity and open spaces,L1 - Agriculture,nature reserve path through grazing marsh,"Hoare, Jerry",11:05,12:20,Sunny,3. Leaves and twigs in slight motion,19.0,NHMSYS0000875593,Shrill Carder,Bombus sylvarum,0,0,3,0,,,,22/09/2021,22/09/2021,D,2021,9,22,False,38,3,2021-2022,47
214662,208705,22012839.0,iBRC22012839,RSPB Rainham Marshes - Rainham West 2,RSPB Rainham Marshes - Rainham West 2 - S4,,2021.0,TQ518809,OSGB,100,51.50664776,0.185899071,51.50613221,0.187541176,2541.0,250.0,TQ518812,17. Dry semi/unimproved (flower rich) neutral grassland,21. Stands of tall herbs (e.g. nettle and willow-herb beds),10. Fen/swamp/marsh vegetation of inland freshwater edges,,,L6 - Outdoor amenity and open spaces,L1 - Agriculture,nature reserve path through grazing marsh,"Hoare, Jerry",11:05,12:20,Sunny,3. Leaves and twigs in slight motion,19.0,NHMSYS0000875593,Shrill Carder,Bombus sylvarum,0,1,0,0,,,,22/09/2021,22/09/2021,D,2021,9,22,False,38,1,2021-2022,47
214665,208680,22012841.0,iBRC22012841,RSPB Rainham Marshes - Rainham West 2,RSPB Rainham Marshes - Rainham West 2 - S6,,2021.0,TQ518809,OSGB,100,51.50664776,0.185899071,51.50613221,0.187541176,2541.0,596.0,TQ515813,17. Dry semi/unimproved (flower rich) neutral grassland,21. Stands of tall herbs (e.g. nettle and willow-herb beds),,,,L6 - Outdoor amenity and open spaces,L1 - Agriculture,nature reserve path through grazing marsh,"Hoare, Jerry",11:05,12:20,Sunny,3. Leaves and twigs in slight motion,19.0,NHMSYS0000875593,Shrill Carder,Bombus sylvarum,1,0,2,0,,,,22/09/2021,22/09/2021,D,2021,9,22,False,38,3,2021-2022,47
215254,208710,22583819.0,iBRC22583819,RSPB West Canvey Marsh,RSPB West Canvey Marsh - S1,,2017.0,TQ770846,OSGB,100,51.53255918,0.550504417,51.53204062,0.552189021,2681.0,339.0,TQ772843,17. Dry semi/unimproved (flower rich) neutral grassland,25. Hedgerows,,,legume rich hay meadow,L6 - Outdoor amenity and open spaces,L1 - Agriculture,"hay meadow, seasonally opened for wildflower trail walk","Hill, Andy",10:20,11:40,Sunny,1. Slight smoke drift,13.0,NHMSYS0000875593,Shrill Carder,Bombus sylvarum,0,0,8,0,,,Bristly Ox-tongue,09/10/2021,09/10/2021,D,2021,10,9,False,40,8,2021-2022,65
215257,208711,22583821.0,iBRC22583821,RSPB West Canvey Marsh,RSPB West Canvey Marsh - S2,,2017.0,TQ770846,OSGB,100,51.53255918,0.550504417,51.53204062,0.552189021,2681.0,480.0,TQ772843,17. Dry semi/unimproved (flower rich) neutral grassland,25. Hedgerows,,,"less flower rich, recently greenhayed meadow, aiming to improve floral diversity in management. These fields are managed for reptiles with a patchy thatch layer",L6 - Outdoor amenity and open spaces,L1 - Agriculture,,"Hill, Andy",10:20,11:40,Sunny,1. Slight smoke drift,13.0,NHMSYS0000875593,Shrill Carder,Bombus sylvarum,0,1,3,0,,,Bristly Ox-tongue,09/10/2021,09/10/2021,D,2021,10,9,False,40,4,2021-2022,65
215264,208706,22583831.0,iBRC22583831,RSPB Bowers Marsh 2,RSPB Bowers Marsh 2 - S1,,2017.0,TQ755860,OSGB,100,51.54560274,0.529598368,51.54508604,0.531281158,1806.0,383.0,TQ755867,17. Dry semi/unimproved (flower rich) neutral grassland,26. Mature broadleaved woodland,,,"Hardstanding footpath on flower rich neutral semi improved grass, seasonally mown. Flanked by hedgerow including elm, hawthorn and blackthorn. Adjacent to arable land.",L6 - Outdoor amenity and open spaces,L1 - Agriculture,,"Hill, Andy",12:30,13:00,Cloudy,1. Slight smoke drift,16.0,NHMSYS0000875593,Shrill Carder,Bombus sylvarum,0,0,2,0,,,Bristly Ox-tongue,09/10/2021,09/10/2021,D,2021,10,9,False,40,2,2021-2022,31
219352,250964,24953350.0,iBRC24953350,Newport Wetlands NNR Route 1,Newport Wetlands NNR Route 1 - S7,,2021.0,ST334833,OSGB,100,51.54464762,-2.961792395,51.54418286,-2.960509321,4742.0,920.0,ST337828,"32. Bare ground/woodland herb/grass mosaics of woodland rides, hedgebanks and green lanes",1. Marine saltmarshes/estuaries/saline reedbeds,10. Fen/swamp/marsh vegetation of inland freshwater edges,18. Agriculturally improved/re-seeded/heavily fertilised grassland,,L6 - Outdoor amenity and open spaces,,,"Munro, Rhiannon",11:00,13:10,Sunny,1. Slight smoke drift,19.0,NHMSYS0000875593,Shrill Carder Bee,Bombus sylvarum,1,0,0,0,,,,15/04/2022,15/04/2022,D,2022,4,15,False,15,1,2021-2022,1
220727,251019,25588449.0,iBRC25588449,RSPB Rainham Marshes - river wall & anthill,RSPB Rainham Marshes - river wall & anthill - S3,,2018.0,TQ542789,OSGB,100,51.48802912,0.219579778,51.48751087,0.221224931,2026.0,265.0,TQ541789,17. Dry semi/unimproved (flower rich) neutral grassland,,,,,L6 - Outdoor amenity and open spaces,,,"Hoare, Jerry",12:45,13:40,Sunny,4. Dust raised and small branches move,16.0,NHMSYS0000875593,Shrill Carder Bee,Bombus sylvarum,1,0,0,0,,,,20/04/2022,20/04/2022,D,2022,4,20,False,16,1,2021-2022,64
223865,250952,25353612.0,iBRC25353612,RSPB Bowers Marsh,RSPB Bowers Marsh - S5,,2017.0,TQ755860,OSGB,100,51.54560274,0.529598368,51.54508604,0.531281158,1715.0,247.0,TQ758859,19. Seasonally wet and wet marshy grasslands,,,,"Neutral, semi improved, lowland wet grassland with ditches and scrapes.",L6 - Outdoor amenity and open spaces,L1 - Agriculture,,"Hill, Andy",11:00,11:45,Sunny/Cloudy,5. Small trees in leaf begin to sway,16.0,NHMSYS0000875593,Shrill Carder Bee,Bombus sylvarum,1,0,0,0,,,Red Clover,13/05/2022,13/05/2022,D,2022,5,13,False,19,1,2021-2022,15
223891,250969,25353624.0,iBRC25353624,RSPB West Canvey Marsh,RSPB West Canvey Marsh - S5,,2017.0,TQ770846,OSGB,100,51.53255918,0.550504417,51.53204062,0.552189021,2681.0,460.0,TQ764847,17. Dry semi/unimproved (flower rich) neutral grassland,22. Dry scrub/shrub thickets,1. Marine saltmarshes/estuaries/saline reedbeds,,sea wall with long vegetation and scattered scrub. Grazed by cattle.,L6 - Outdoor amenity and open spaces,,grazed by cattle. public footpath through middle,"Hill, Andy",12:55,13:50,Sunny/Cloudy,5. Small trees in leaf begin to sway,17.0,NHMSYS0000875593,Shrill Carder Bee,Bombus sylvarum,1,0,0,0,,,Common Vetch,13/05/2022,13/05/2022,D,2022,5,13,False,19,1,2021-2022,65
226833,250990,29021440.0,iBRC29021440,Newport Wetlands NNR Route 2,Newport Wetlands NNR Route 2 - S4,,2021.0,ST334834,OSGB,100,51.54554663,-2.961811356,51.54508198,-2.960528253,3642.0,697.0,ST327829,"32. Bare ground/woodland herb/grass mosaics of woodland rides, hedgebanks and green lanes",,,,walk along path recording and then stop recording on way back to the lighthouse,,,,"Meloy, Elinor",12:40,14:20,Sunny,1. Slight smoke drift,19.0,NHMSYS0000875593,Shrill Carder Bee,Bombus sylvarum,1,0,0,0,,,Lathyrus pratensis,27/05/2022,27/05/2022,D,2022,5,27,False,21,1,2021-2022,40
226838,251032,29021443.0,iBRC29021443,Newport Wetlands NNR Route 2,Newport Wetlands NNR Route 2 - S6,,2021.0,ST334834,OSGB,100,51.54554663,-2.961811356,51.54508198,-2.960528253,3642.0,394.0,ST332831,"32. Bare ground/woodland herb/grass mosaics of woodland rides, hedgebanks and green lanes",,,,,,,,"Meloy, Elinor",12:40,14:20,Sunny,1. Slight smoke drift,19.0,NHMSYS0000875593,Shrill Carder Bee,Bombus sylvarum,1,0,0,0,,,Lathyrus pratensis,27/05/2022,27/05/2022,D,2022,5,27,False,21,1,2021-2022,40
230206,250961,25736381,iBRC25736381,Cliffe RSPB,Cliffe RSPB - S2,,2018.0,TQ724762,OSGB,100,51.45852398,0.480151307,51.45799804,0.481824779,1657.0,908.0,TQ730766,22. Dry scrub/shrub thickets,,,,,L6 - Outdoor amenity and open spaces,,"old gravel workings, now a nature reserve","Cobb, Alan",09:50,11:50,Sunny,1. Slight smoke drift,20.0,NHMSYS0000875593,Shrill Carder Bee,Bombus sylvarum,1,0,0,0,,,Bramble,07/06/2022,07/06/2022,D,2022,6,7,False,23,1,2021-2022,28
232615,251014,27368656,iBRC27368656,RSPB Rainham Marshes - river wall & anthill,RSPB Rainham Marshes - river wall & anthill - S2,,2018.0,TQ542789,OSGB,100,51.48802912,0.219579778,51.48751087,0.221224931,2026.0,183.0,TQ543788,17. Dry semi/unimproved (flower rich) neutral grassland,,,,,L6 - Outdoor amenity and open spaces,,,"Hoare, Jerry",13:15,14:25,Sunny/Cloudy,"2. Wind felt on face, leaves rustle",19.0,NHMSYS0000875593,Shrill Carder Bee,Bombus sylvarum,1,0,0,0,,,,13/06/2022,13/06/2022,D,2022,6,13,False,24,1,2021-2022,64
232626,251002,27368667,iBRC27368667,RSPB Rainham Marshes - river wall & anthill,RSPB Rainham Marshes - river wall & anthill - S7,,2018.0,TQ542789,OSGB,100,51.48802912,0.219579778,51.48751087,0.221224931,2026.0,694.0,TQ540791,17. Dry semi/unimproved (flower rich) neutral grassland,,,,,L6 - Outdoor amenity and open spaces,,,"Hoare, Jerry",13:15,14:25,Sunny/Cloudy,"2. Wind felt on face, leaves rustle",19.0,NHMSYS0000875593,Shrill Carder Bee,Bombus sylvarum,1,0,0,0,,,,13/06/2022,13/06/2022,D,2022,6,13,False,24,1,2021-2022,64
234024,250983,25821725,iBRC25821725,Kenfig Castle 2,Kenfig Castle 2 - S1,,2022.0,SS797825,OSGB,100,51.52855609,-3.735597131,51.52809937,-3.734403967,899.0,306.0,SS800826,5. Coastal dune and sand woods,10. Fen/swamp/marsh vegetation of inland freshwater edges,,,Walk along margin of fen and scrub. This is usually the best section for shrill carder bees. Ground distubance by cattle trampling and vehicle use seem to enhance the habitat for this species.,L6 - Outdoor amenity and open spaces,L1 - Agriculture,,"Carrington, David",10:32,11:40,Sunny,1. Slight smoke drift,20.0,NHMSYS0000875593,Shrill Carder Bee,Bombus sylvarum,0,0,0,1,On the big side for worker but small side for queen. Feeding on white clover,,,16/06/2022,16/06/2022,D,2022,6,16,False,24,1,2021-2022,15
237814,250978,29022031,iBRC29022031,Newport Wetlands NNR Route 2,Newport Wetlands NNR Route 2 - S4,,2021.0,ST334834,OSGB,100,51.54554663,-2.961811356,51.54508198,-2.960528253,3642.0,697.0,ST327829,"32. Bare ground/woodland herb/grass mosaics of woodland rides, hedgebanks and green lanes",,,,walk along path recording and then stop recording on way back to the lighthouse,,,,"Meloy, Elinor",11:08,12:45,Sunny/Cloudy,1. Slight smoke drift,17.0,NHMSYS0000875593,Shrill Carder Bee,Bombus sylvarum,2,0,0,0,,,Tufted Vetch,27/06/2022,27/06/2022,D,2022,6,27,False,26,2,2021-2022,40
237815,251068,29022025,iBRC29022025,Newport Wetlands NNR Route 2,Newport Wetlands NNR Route 2 - S4,,2021.0,ST334834,OSGB,100,51.54554663,-2.961811356,51.54508198,-2.960528253,3642.0,697.0,ST327829,"32. Bare ground/woodland herb/grass mosaics of woodland rides, hedgebanks and green lanes",,,,walk along path recording and then stop recording on way back to the lighthouse,,,,"Meloy, Elinor",11:08,12:45,Sunny/Cloudy,1. Slight smoke drift,17.0,NHMSYS0000875593,Shrill Carder Bee,Bombus sylvarum,1,0,0,0,,,,27/06/2022,27/06/2022,D,2022,6,27,False,26,1,2021-2022,40
237823,250999,29022036,iBRC29022036,Newport Wetlands NNR Route 2,Newport Wetlands NNR Route 2 - S6,,2021.0,ST334834,OSGB,100,51.54554663,-2.961811356,51.54508198,-2.960528253,3642.0,394.0,ST332831,"32. Bare ground/woodland herb/grass mosaics of woodland rides, hedgebanks and green lanes",,,,,,,,"Meloy, Elinor",11:08,12:45,Sunny/Cloudy,1. Slight smoke drift,17.0,NHMSYS0000875593,Shrill Carder Bee,Bombus sylvarum,1,0,0,0,,,Melilotus,27/06/2022,27/06/2022,D,2022,6,27,False,26,1,2021-2022,40
237842,251043,26846342,iBRC26846342,RSPB Wallasea Island Seawall 2,RSPB Wallasea Island Seawall 2 - S1,,2019.0,TQ955945,OSGB,100,51.61536853,0.822401907,51.61485499,0.824120952,2531.0,1285.0,TQ955945,,,,,,,,,"Buchan, Edwina",11:35,12:55,Sunny/Cloudy,4. Dust raised and small branches move,20.0,NHMSYS0000875593,Shrill Carder Bee,Bombus sylvarum,0,0,0,1,,,,27/06/2022,27/06/2022,D,2022,6,27,False,26,1,2021-2022,7
239004,251024,26846612,iBRC26846612,RSPB Wallasea Island Seawall 2,RSPB Wallasea Island Seawall 2 - S1,,2019.0,TQ955945,OSGB,100,51.61536853,0.822401907,51.61485499,0.824120952,2531.0,1285.0,TQ955945,,,,,,,,,"Buchan, Edwina",11:45,13:10,Cloudy,"2. Wind felt on face, leaves rustle",16.0,NHMSYS0000875593,Shrill Carder Bee,Bombus sylvarum,0,0,0,2,,,,30/06/2022,30/06/2022,D,2022,6,30,False,26,2,2021-2022,7
240977,250947,26745728,iBRC26745728,RSPB West Canvey Marsh,RSPB West Canvey Marsh - S3,,2017.0,TQ770846,OSGB,100,51.53255918,0.550504417,51.53204062,0.552189021,2681.0,423.0,TQ769845,17. Dry semi/unimproved (flower rich) neutral grassland,25. Hedgerows,,,same as previous section,L6 - Outdoor amenity and open spaces,L1 - Agriculture,"same as rpevious section, though ungrazed. Gets a mixed height cut in late summer","Hill, Andy",13:30,14:45,Sunny/Cloudy,"2. Wind felt on face, leaves rustle",27.0,NHMSYS0000875593,Shrill Carder Bee,Bombus sylvarum,1,1,1,0,,,Bramble,08/07/2022,08/07/2022,D,2022,7,8,False,27,3,2021-2022,65
241736,250988,26841771,iBRC26841771,Kenfig Castle 2,Kenfig Castle 2 - S1,,2022.0,SS797825,OSGB,100,51.52855609,-3.735597131,51.52809937,-3.734403967,899.0,306.0,SS800826,5. Coastal dune and sand woods,10. Fen/swamp/marsh vegetation of inland freshwater edges,,,Walk along margin of fen and scrub. This is usually the best section for shrill carder bees. Ground distubance by cattle trampling and vehicle use seem to enhance the habitat for this species.,L6 - Outdoor amenity and open spaces,L1 - Agriculture,,"Carrington, David and Mary Galagher",10:26,11:40,Cloudy,1. Slight smoke drift,23.0,NHMSYS0000875593,Shrill Carder Bee,Bombus sylvarum,0,2,0,0,,,On red bartsia flowers.,12/07/2022,12/07/2022,D,2022,7,12,False,28,2,2021-2022,15
242417,250981,27368903,iBRC27368903,RSPB Rainham Marshes - river wall & anthill,RSPB Rainham Marshes - river wall & anthill - S4,,2018.0,TQ542789,OSGB,100,51.48802912,0.219579778,51.48751087,0.221224931,2026.0,88.0,TQ540791,17. Dry semi/unimproved (flower rich) neutral grassland,,,,,L6 - Outdoor amenity and open spaces,,,"Hoare, Jerry",12:50,13:35,Sunny,3. Leaves and twigs in slight motion,24.0,NHMSYS0000875593,Shrill Carder Bee,Bombus sylvarum,0,1,0,0,,,,14/07/2022,14/07/2022,D,2022,7,14,False,28,1,2021-2022,64
245688,251034,27285150,iBRC27285150,RSPB Vange Wick,RSPB Vange Wick - S5,,2017.0,TQ729857,OSGB,100,51.54370981,0.491993348,51.54319351,0.493671787,3126.0,528.0,TQ729858,19. Seasonally wet and wet marshy grasslands,,,,"Handstanding track on neutral, semi improved lowland wet grassland with ditches, flashes and scrapes.",L6 - Outdoor amenity and open spaces,L1 - Agriculture,,Eamonn Corking and Pete Coffill,10:45,12:45,Sunny/Cloudy,4. Dust raised and small branches move,23.0,NHMSYS0000875593,Shrill Carder Bee,Bombus sylvarum,0,1,0,0,,,Thistle,25/07/2022,25/07/2022,D,2022,7,25,False,30,1,2021-2022,10
245694,250974,27285156,iBRC27285156,RSPB Vange Wick,RSPB Vange Wick - S6,,2017.0,TQ729857,OSGB,100,51.54370981,0.491993348,51.54319351,0.493671787,3126.0,772.0,TQ726858,19. Seasonally wet and wet marshy grasslands,17. Dry semi/unimproved (flower rich) neutral grassland,,,"semi improved lowland wet grassland with ditches, flashes and scrapes.",L6 - Outdoor amenity and open spaces,L1 - Agriculture,,Eamonn Corking and Pete Coffill,10:45,12:45,Sunny/Cloudy,4. Dust raised and small branches move,23.0,NHMSYS0000875593,Shrill Carder Bee,Bombus sylvarum,0,1,0,0,,,Thistle,25/07/2022,25/07/2022,D,2022,7,25,False,30,1,2021-2022,10
245939,250953,27285931.0,iBRC27285931,Canvey Wick Nature Reserve,Canvey Wick Nature Reserve - S2,,2018.0,TQ766833,OSGB,100,51.52100702,0.544092322,51.52048723,0.545775705,1408.0,395.0,TQ764833,,,,,,,,,"Mathers, Keelan",11:30,12:15,Sunny/Cloudy,"2. Wind felt on face, leaves rustle",20.0,NHMSYS0000875593,Shrill Carder Bee,Bombus sylvarum,0,1,0,0,,,,26/07/2022,26/07/2022,D,2022,7,26,False,30,1,2021-2022,17
245944,251001,27285936.0,iBRC27285936,Canvey Wick Nature Reserve,Canvey Wick Nature Reserve - S6,,2018.0,TQ766833,OSGB,100,51.52100702,0.544092322,51.52048723,0.545775705,1408.0,264.0,TQ765835,,,,,,,,,"Mathers, Keelan",11:30,12:15,Sunny/Cloudy,"2. Wind felt on face, leaves rustle",20.0,NHMSYS0000875593,Shrill Carder Bee,Bombus sylvarum,0,1,0,0,,,,26/07/2022,26/07/2022,D,2022,7,26,False,30,1,2021-2022,17
246511,251018,28203769.0,iBRC28203769,"Faversham Road, Seasalter","Faversham Road, Seasalter - S4",,2018.0,TR061647,OSGB,100,51.34400356,0.957918917,51.34345638,0.959641493,1432.0,337.0,TR057648,17. Dry semi/unimproved (flower rich) neutral grassland,,,,Low nutrient grassland on edge of beach with short sward,L6 - Outdoor amenity and open spaces,,Well walked footpath along coast,"Forster, Nicola",10:35,11:40,Sunny/Cloudy,4. Dust raised and small branches move,20.0,NHMSYS0000875593,Shrill Carder Bee,Bombus sylvarum,0,0,0,5,,,,27/07/2022,27/07/2022,D,2022,7,27,False,30,5,2021-2022,7
247643,251012,27368957.0,iBRC27368957,RSPB Rainham Marshes - Rainham West 2,RSPB Rainham Marshes - Rainham West 2 - S2,,2021.0,TQ518809,OSGB,100,51.50664776,0.185899071,51.50613221,0.187541176,2541.0,545.0,TQ518804,25. Hedgerows,17. Dry semi/unimproved (flower rich) neutral grassland,21. Stands of tall herbs (e.g. nettle and willow-herb beds),25. Hedgerows,,L6 - Outdoor amenity and open spaces,L1 - Agriculture,nature reserve path through grazing marsh,"Hoare, Jerry",13:45,14:45,Sunny/Cloudy,4. Dust raised and small branches move,22.0,NHMSYS0000875593,Shrill Carder Bee,Bombus sylvarum,0,1,0,0,,,,28/07/2022,28/07/2022,D,2022,7,28,False,30,1,2021-2022,47
247646,251061,27368960.0,iBRC27368960,RSPB Rainham Marshes - Rainham West 2,RSPB Rainham Marshes - Rainham West 2 - S3,,2021.0,TQ518809,OSGB,100,51.50664776,0.185899071,51.50613221,0.187541176,2541.0,488.0,TQ521809,17. Dry semi/unimproved (flower rich) neutral grassland,21. Stands of tall herbs (e.g. nettle and willow-herb beds),10. Fen/swamp/marsh vegetation of inland freshwater edges,,,L6 - Outdoor amenity and open spaces,L1 - Agriculture,nature reserve path through grazing marsh,"Hoare, Jerry",13:45,14:45,Sunny/Cloudy,4. Dust raised and small branches move,22.0,NHMSYS0000875593,Shrill Carder Bee,Bombus sylvarum,0,5,0,0,,,,28/07/2022,28/07/2022,D,2022,7,28,False,30,5,2021-2022,47
247653,250985,27368967.0,iBRC27368967,RSPB Rainham Marshes - Rainham West 2,RSPB Rainham Marshes - Rainham West 2 - S6,,2021.0,TQ518809,OSGB,100,51.50664776,0.185899071,51.50613221,0.187541176,2541.0,596.0,TQ515813,17. Dry semi/unimproved (flower rich) neutral grassland,21. Stands of tall herbs (e.g. nettle and willow-herb beds),,,,L6 - Outdoor amenity and open spaces,L1 - Agriculture,nature reserve path through grazing marsh,"Hoare, Jerry",13:45,14:45,Sunny/Cloudy,4. Dust raised and small branches move,22.0,NHMSYS0000875593,Shrill Carder Bee,Bombus sylvarum,0,1,0,0,,,,28/07/2022,28/07/2022,D,2022,7,28,False,30,1,2021-2022,47
247810,250970,27357134.0,iBRC27357134,Cliffe RSPB,Cliffe RSPB - S2,,2018.0,TQ724762,OSGB,100,51.45852398,0.480151307,51.45799804,0.481824779,1657.0,908.0,TQ730766,22. Dry scrub/shrub thickets,,,,,L6 - Outdoor amenity and open spaces,,"old gravel workings, now a nature reserve","Cobb, Alan",10:15,11:45,Sunny,"2. Wind felt on face, leaves rustle",23.0,NHMSYS0000875593,Shrill Carder Bee,Bombus sylvarum,0,1,0,0,,,Black Horehound,29/07/2022,29/07/2022,D,2022,7,29,False,30,1,2021-2022,28
247811,251026,27357135.0,iBRC27357135,Cliffe RSPB,Cliffe RSPB - S2,,2018.0,TQ724762,OSGB,100,51.45852398,0.480151307,51.45799804,0.481824779,1657.0,908.0,TQ730766,22. Dry scrub/shrub thickets,,,,,L6 - Outdoor amenity and open spaces,,"old gravel workings, now a nature reserve","Cobb, Alan",10:15,11:45,Sunny,"2. Wind felt on face, leaves rustle",23.0,NHMSYS0000875593,Shrill Carder Bee,Bombus sylvarum,0,1,0,0,,,Bramble,29/07/2022,29/07/2022,D,2022,7,29,False,30,1,2021-2022,28
248424,250960,27929702.0,iBRC27929702,Victory Wood One,Victory Wood One - S1,,2019.0,TR090624,OSGB,100,51.3222929,0.998149621,51.32174252,0.999875792,2402.0,348.0,TR086626,18. Agriculturally improved/re-seeded/heavily fertilised grassland,,,,,L6 - Outdoor amenity and open spaces,,,"Inglis, Claire",11:00,13:30,Sunny,"2. Wind felt on face, leaves rustle",24.0,NHMSYS0000875593,Shrill Carder Bee,Bombus sylvarum,0,2,0,0,,,Bird's-Foot-Trefoil,30/07/2022,30/07/2022,D,2022,7,30,False,30,2,2021-2022,47
248425,251041,27929703.0,iBRC27929703,Victory Wood One,Victory Wood One - S1,,2019.0,TR090624,OSGB,100,51.3222929,0.998149621,51.32174252,0.999875792,2402.0,348.0,TR086626,18. Agriculturally improved/re-seeded/heavily fertilised grassland,,,,,L6 - Outdoor amenity and open spaces,,,"Inglis, Claire",11:00,13:30,Sunny,"2. Wind felt on face, leaves rustle",24.0,NHMSYS0000875593,Shrill Carder Bee,Bombus sylvarum,0,1,0,0,,,Red Bartsia,30/07/2022,30/07/2022,D,2022,7,30,False,30,1,2021-2022,47
248443,250966,27929724.0,iBRC27929724,Victory Wood One,Victory Wood One - S3,,2019.0,TR090624,OSGB,100,51.3222929,0.998149621,51.32174252,0.999875792,2402.0,767.0,TR088626,18. Agriculturally improved/re-seeded/heavily fertilised grassland,,,,,L6 - Outdoor amenity and open spaces,,,"Inglis, Claire",11:00,13:30,Sunny,"2. Wind felt on face, leaves rustle",24.0,NHMSYS0000875593,Shrill Carder Bee,Bombus sylvarum,0,1,0,0,,,White Clover,30/07/2022,30/07/2022,D,2022,7,30,False,30,1,2021-2022,47
248444,251006,27929726.0,iBRC27929726,Victory Wood One,Victory Wood One - S3,,2019.0,TR090624,OSGB,100,51.3222929,0.998149621,51.32174252,0.999875792,2402.0,767.0,TR088626,18. Agriculturally improved/re-seeded/heavily fertilised grassland,,,,,L6 - Outdoor amenity and open spaces,,,"Inglis, Claire",11:00,13:30,Sunny,"2. Wind felt on face, leaves rustle",24.0,NHMSYS0000875593,Shrill Carder Bee,Bombus sylvarum,0,1,0,0,,,Bird's-Foot-Trefoil,30/07/2022,30/07/2022,D,2022,7,30,False,30,1,2021-2022,47
248552,250992,29024067.0,iBRC29024067,Newport Wetlands NNR Route 2,Newport Wetlands NNR Route 2 - S1,,2021.0,ST334834,OSGB,100,51.54554663,-2.961811356,51.54508198,-2.960528253,3642.0,745.0,ST333834,"32. Bare ground/woodland herb/grass mosaics of woodland rides, hedgebanks and green lanes",17. Dry semi/unimproved (flower rich) neutral grassland,25. Hedgerows,40. Bare ground/weed communities of post-industrial sites e.g. quarries/pits/road/rail/landfill,"Route starts adjacent to carpark, going into meadow area, woodland and path alongside power station",L6 - Outdoor amenity and open spaces,,,"Meloy, Elinor",12:20,14:10,Sunny/Cloudy,"2. Wind felt on face, leaves rustle",22.0,NHMSYS0000875593,Shrill Carder Bee,Bombus sylvarum,0,1,0,0,,,Narrow-leaved Everlasting-pea,30/07/2022,30/07/2022,D,2022,7,30,False,30,1,2021-2022,40
248567,251036,29024083.0,iBRC29024083,Newport Wetlands NNR Route 2,Newport Wetlands NNR Route 2 - S2,,2021.0,ST334834,OSGB,100,51.54554663,-2.961811356,51.54508198,-2.960528253,3642.0,559.0,ST329833,"32. Bare ground/woodland herb/grass mosaics of woodland rides, hedgebanks and green lanes",,,,,,,,"Meloy, Elinor",12:20,14:10,Sunny/Cloudy,"2. Wind felt on face, leaves rustle",22.0,NHMSYS0000875593,Shrill Carder Bee,Bombus sylvarum,0,2,0,0,,,Red Clover,30/07/2022,30/07/2022,D,2022,7,30,False,30,2,2021-2022,40
248568,251044,29024074.0,iBRC29024074,Newport Wetlands NNR Route 2,Newport Wetlands NNR Route 2 - S2,,2021.0,ST334834,OSGB,100,51.54554663,-2.961811356,51.54508198,-2.960528253,3642.0,559.0,ST329833,"32. Bare ground/woodland herb/grass mosaics of woodland rides, hedgebanks and green lanes",,,,,,,,"Meloy, Elinor",12:20,14:10,Sunny/Cloudy,"2. Wind felt on face, leaves rustle",22.0,NHMSYS0000875593,Shrill Carder Bee,Bombus sylvarum,0,1,0,0,,,Knapweed,30/07/2022,30/07/2022,D,2022,7,30,False,30,1,2021-2022,40
248569,251059,29024082.0,iBRC29024082,Newport Wetlands NNR Route 2,Newport Wetlands NNR Route 2 - S2,,2021.0,ST334834,OSGB,100,51.54554663,-2.961811356,51.54508198,-2.960528253,3642.0,559.0,ST329833,"32. Bare ground/woodland herb/grass mosaics of woodland rides, hedgebanks and green lanes",,,,,,,,"Meloy, Elinor",12:20,14:10,Sunny/Cloudy,"2. Wind felt on face, leaves rustle",22.0,NHMSYS0000875593,Shrill Carder Bee,Bombus sylvarum,0,3,0,0,,,Bird's-Foot-Trefoil,30/07/2022,30/07/2022,D,2022,7,30,False,30,3,2021-2022,40
248578,250957,29024090.0,iBRC29024090,Newport Wetlands NNR Route 2,Newport Wetlands NNR Route 2 - S3,,2021.0,ST334834,OSGB,100,51.54554663,-2.961811356,51.54508198,-2.960528253,3642.0,850.0,ST328830,"32. Bare ground/woodland herb/grass mosaics of woodland rides, hedgebanks and green lanes",,,,,,,,"Meloy, Elinor",12:20,14:10,Sunny/Cloudy,"2. Wind felt on face, leaves rustle",22.0,NHMSYS0000875593,Shrill Carder Bee,Bombus sylvarum,0,9,0,0,,,Narrow-leaved Everlasting-pea,30/07/2022,30/07/2022,D,2022,7,30,False,30,9,2021-2022,40
248579,250976,29024089.0,iBRC29024089,Newport Wetlands NNR Route 2,Newport Wetlands NNR Route 2 - S3,,2021.0,ST334834,OSGB,100,51.54554663,-2.961811356,51.54508198,-2.960528253,3642.0,850.0,ST328830,"32. Bare ground/woodland herb/grass mosaics of woodland rides, hedgebanks and green lanes",,,,,,,,"Meloy, Elinor",12:20,14:10,Sunny/Cloudy,"2. Wind felt on face, leaves rustle",22.0,NHMSYS0000875593,Shrill Carder Bee,Bombus sylvarum,0,1,0,0,,,Melilotus,30/07/2022,30/07/2022,D,2022,7,30,False,30,1,2021-2022,40
248580,250986,29024095.0,iBRC29024095,Newport Wetlands NNR Route 2,Newport Wetlands NNR Route 2 - S3,,2021.0,ST334834,OSGB,100,51.54554663,-2.961811356,51.54508198,-2.960528253,3642.0,850.0,ST328830,"32. Bare ground/woodland herb/grass mosaics of woodland rides, hedgebanks and green lanes",,,,,,,,"Meloy, Elinor",12:20,14:10,Sunny/Cloudy,"2. Wind felt on face, leaves rustle",22.0,NHMSYS0000875593,Shrill Carder Bee,Bombus sylvarum,0,2,0,0,,,Thymus,30/07/2022,30/07/2022,D,2022,7,30,False,30,2,2021-2022,40
248581,251015,29024098.0,iBRC29024098,Newport Wetlands NNR Route 2,Newport Wetlands NNR Route 2 - S3,,2021.0,ST334834,OSGB,100,51.54554663,-2.961811356,51.54508198,-2.960528253,3642.0,850.0,ST328830,"32. Bare ground/woodland herb/grass mosaics of woodland rides, hedgebanks and green lanes",,,,,,,,"Meloy, Elinor",12:20,14:10,Sunny/Cloudy,"2. Wind felt on face, leaves rustle",22.0,NHMSYS0000875593,Shrill Carder Bee,Bombus sylvarum,0,4,0,0,,,Tufted Vetch,30/07/2022,30/07/2022,D,2022,7,30,False,30,4,2021-2022,40
248582,251056,29024088.0,iBRC29024088,Newport Wetlands NNR Route 2,Newport Wetlands NNR Route 2 - S3,,2021.0,ST334834,OSGB,100,51.54554663,-2.961811356,51.54508198,-2.960528253,3642.0,850.0,ST328830,"32. Bare ground/woodland herb/grass mosaics of woodland rides, hedgebanks and green lanes",,,,,,,,"Meloy, Elinor",12:20,14:10,Sunny/Cloudy,"2. Wind felt on face, leaves rustle",22.0,NHMSYS0000875593,Shrill Carder Bee,Bombus sylvarum,0,1,0,0,,,Tufted Vetch,30/07/2022,30/07/2022,D,2022,7,30,False,30,1,2021-2022,40
248595,250950,29024108.0,iBRC29024108,Newport Wetlands NNR Route 2,Newport Wetlands NNR Route 2 - S4,,2021.0,ST334834,OSGB,100,51.54554663,-2.961811356,51.54508198,-2.960528253,3642.0,697.0,ST327829,"32. Bare ground/woodland herb/grass mosaics of woodland rides, hedgebanks and green lanes",,,,walk along path recording and then stop recording on way back to the lighthouse,,,,"Meloy, Elinor",12:20,14:10,Sunny/Cloudy,"2. Wind felt on face, leaves rustle",22.0,NHMSYS0000875593,Shrill Carder Bee,Bombus sylvarum,0,1,0,0,,,Grass Vetchling,30/07/2022,30/07/2022,D,2022,7,30,False,30,1,2021-2022,40
248596,250995,29024111.0,iBRC29024111,Newport Wetlands NNR Route 2,Newport Wetlands NNR Route 2 - S4,,2021.0,ST334834,OSGB,100,51.54554663,-2.961811356,51.54508198,-2.960528253,3642.0,697.0,ST327829,"32. Bare ground/woodland herb/grass mosaics of woodland rides, hedgebanks and green lanes",,,,walk along path recording and then stop recording on way back to the lighthouse,,,,"Meloy, Elinor",12:20,14:10,Sunny/Cloudy,"2. Wind felt on face, leaves rustle",22.0,NHMSYS0000875593,Shrill Carder Bee,Bombus sylvarum,0,2,0,0,,,Ragwort,30/07/2022,30/07/2022,D,2022,7,30,False,30,2,2021-2022,40
248597,251045,29024099.0,iBRC29024099,Newport Wetlands NNR Route 2,Newport Wetlands NNR Route 2 - S4,,2021.0,ST334834,OSGB,100,51.54554663,-2.961811356,51.54508198,-2.960528253,3642.0,697.0,ST327829,"32. Bare ground/woodland herb/grass mosaics of woodland rides, hedgebanks and green lanes",,,,walk along path recording and then stop recording on way back to the lighthouse,,,,"Meloy, Elinor",12:20,14:10,Sunny/Cloudy,"2. Wind felt on face, leaves rustle",22.0,NHMSYS0000875593,Shrill Carder Bee,Bombus sylvarum,0,22,0,0,,,Narrow-leaved Everlasting-pea,30/07/2022,30/07/2022,D,2022,7,30,False,30,22,2021-2022,40
248598,251048,29024104.0,iBRC29024104,Newport Wetlands NNR Route 2,Newport Wetlands NNR Route 2 - S4,,2021.0,ST334834,OSGB,100,51.54554663,-2.961811356,51.54508198,-2.960528253,3642.0,697.0,ST327829,"32. Bare ground/woodland herb/grass mosaics of woodland rides, hedgebanks and green lanes",,,,walk along path recording and then stop recording on way back to the lighthouse,,,,"Meloy, Elinor",12:20,14:10,Sunny/Cloudy,"2. Wind felt on face, leaves rustle",22.0,NHMSYS0000875593,Shrill Carder Bee,Bombus sylvarum,0,1,0,0,,,Melilotus,30/07/2022,30/07/2022,D,2022,7,30,False,30,1,2021-2022,40
248599,251075,29024114.0,iBRC29024114,Newport Wetlands NNR Route 2,Newport Wetlands NNR Route 2 - S4,,2021.0,ST334834,OSGB,100,51.54554663,-2.961811356,51.54508198,-2.960528253,3642.0,697.0,ST327829,"32. Bare ground/woodland herb/grass mosaics of woodland rides, hedgebanks and green lanes",,,,walk along path recording and then stop recording on way back to the lighthouse,,,,"Meloy, Elinor",12:20,14:10,Sunny/Cloudy,"2. Wind felt on face, leaves rustle",22.0,NHMSYS0000875593,Shrill Carder Bee,Bombus sylvarum,0,2,0,0,,,Wild Cabbage,30/07/2022,30/07/2022,D,2022,7,30,False,30,2,2021-2022,40
248607,251031,29024125.0,iBRC29024125,Newport Wetlands NNR Route 2,Newport Wetlands NNR Route 2 - S5,,2021.0,ST334834,OSGB,100,51.54554663,-2.961811356,51.54508198,-2.960528253,3642.0,397.0,ST330828,"32. Bare ground/woodland herb/grass mosaics of woodland rides, hedgebanks and green lanes",,,,,,,,"Meloy, Elinor",12:20,14:10,Sunny/Cloudy,"2. Wind felt on face, leaves rustle",22.0,NHMSYS0000875593,Shrill Carder Bee,Bombus sylvarum,0,1,0,0,,,Melilotus,30/07/2022,30/07/2022,D,2022,7,30,False,30,1,2021-2022,40
248608,251035,29024127.0,iBRC29024127,Newport Wetlands NNR Route 2,Newport Wetlands NNR Route 2 - S5,,2021.0,ST334834,OSGB,100,51.54554663,-2.961811356,51.54508198,-2.960528253,3642.0,397.0,ST330828,"32. Bare ground/woodland herb/grass mosaics of woodland rides, hedgebanks and green lanes",,,,,,,,"Meloy, Elinor",12:20,14:10,Sunny/Cloudy,"2. Wind felt on face, leaves rustle",22.0,NHMSYS0000875593,Shrill Carder Bee,Bombus sylvarum,0,1,0,0,,,Tufted Vetch,30/07/2022,30/07/2022,D,2022,7,30,False,30,1,2021-2022,40
248609,251042,29024120.0,iBRC29024120,Newport Wetlands NNR Route 2,Newport Wetlands NNR Route 2 - S5,,2021.0,ST334834,OSGB,100,51.54554663,-2.961811356,51.54508198,-2.960528253,3642.0,397.0,ST330828,"32. Bare ground/woodland herb/grass mosaics of woodland rides, hedgebanks and green lanes",,,,,,,,"Meloy, Elinor",12:20,14:10,Sunny/Cloudy,"2. Wind felt on face, leaves rustle",22.0,NHMSYS0000875593,Shrill Carder Bee,Bombus sylvarum,0,1,0,0,,,Grass Vetchling,30/07/2022,30/07/2022,D,2022,7,30,False,30,1,2021-2022,40
248610,251065,29024119.0,iBRC29024119,Newport Wetlands NNR Route 2,Newport Wetlands NNR Route 2 - S5,,2021.0,ST334834,OSGB,100,51.54554663,-2.961811356,51.54508198,-2.960528253,3642.0,397.0,ST330828,"32. Bare ground/woodland herb/grass mosaics of woodland rides, hedgebanks and green lanes",,,,,,,,"Meloy, Elinor",12:20,14:10,Sunny/Cloudy,"2. Wind felt on face, leaves rustle",22.0,NHMSYS0000875593,Shrill Carder Bee,Bombus sylvarum,0,1,0,0,,,Bird's-Foot-Trefoil,30/07/2022,30/07/2022,D,2022,7,30,False,30,1,2021-2022,40
248611,251070,29024123.0,iBRC29024123,Newport Wetlands NNR Route 2,Newport Wetlands NNR Route 2 - S5,,2021.0,ST334834,OSGB,100,51.54554663,-2.961811356,51.54508198,-2.960528253,3642.0,397.0,ST330828,"32. Bare ground/woodland herb/grass mosaics of woodland rides, hedgebanks and green lanes",,,,,,,,"Meloy, Elinor",12:20,14:10,Sunny/Cloudy,"2. Wind felt on face, leaves rustle",22.0,NHMSYS0000875593,Shrill Carder Bee,Bombus sylvarum,0,7,0,0,,,Narrow-leaved Everlasting-pea,30/07/2022,30/07/2022,D,2022,7,30,False,30,7,2021-2022,40
248612,251071,29024126.0,iBRC29024126,Newport Wetlands NNR Route 2,Newport Wetlands NNR Route 2 - S5,,2021.0,ST334834,OSGB,100,51.54554663,-2.961811356,51.54508198,-2.960528253,3642.0,397.0,ST330828,"32. Bare ground/woodland herb/grass mosaics of woodland rides, hedgebanks and green lanes",,,,,,,,"Meloy, Elinor",12:20,14:10,Sunny/Cloudy,"2. Wind felt on face, leaves rustle",22.0,NHMSYS0000875593,Shrill Carder Bee,Bombus sylvarum,0,1,0,0,,,Red Clover,30/07/2022,30/07/2022,D,2022,7,30,False,30,1,2021-2022,40
248624,250946,29024129.0,iBRC29024129,Newport Wetlands NNR Route 2,Newport Wetlands NNR Route 2 - S6,,2021.0,ST334834,OSGB,100,51.54554663,-2.961811356,51.54508198,-2.960528253,3642.0,394.0,ST332831,"32. Bare ground/woodland herb/grass mosaics of woodland rides, hedgebanks and green lanes",,,,,,,,"Meloy, Elinor",12:20,14:10,Sunny/Cloudy,"2. Wind felt on face, leaves rustle",22.0,NHMSYS0000875593,Shrill Carder Bee,Bombus sylvarum,0,1,0,0,,,Spear Thistle,30/07/2022,30/07/2022,D,2022,7,30,False,30,1,2021-2022,40
248625,250948,29024131.0,iBRC29024131,Newport Wetlands NNR Route 2,Newport Wetlands NNR Route 2 - S6,,2021.0,ST334834,OSGB,100,51.54554663,-2.961811356,51.54508198,-2.960528253,3642.0,394.0,ST332831,"32. Bare ground/woodland herb/grass mosaics of woodland rides, hedgebanks and green lanes",,,,,,,,"Meloy, Elinor",12:20,14:10,Sunny/Cloudy,"2. Wind felt on face, leaves rustle",22.0,NHMSYS0000875593,Shrill Carder Bee,Bombus sylvarum,0,1,0,0,,,Ragwort,30/07/2022,30/07/2022,D,2022,7,30,False,30,1,2021-2022,40
248626,250962,29024135.0,iBRC29024135,Newport Wetlands NNR Route 2,Newport Wetlands NNR Route 2 - S6,,2021.0,ST334834,OSGB,100,51.54554663,-2.961811356,51.54508198,-2.960528253,3642.0,394.0,ST332831,"32. Bare ground/woodland herb/grass mosaics of woodland rides, hedgebanks and green lanes",,,,,,,,"Meloy, Elinor",12:20,14:10,Sunny/Cloudy,"2. Wind felt on face, leaves rustle",22.0,NHMSYS0000875593,Shrill Carder Bee,Bombus sylvarum,0,1,0,0,,,Knapweed,30/07/2022,30/07/2022,D,2022,7,30,False,30,1,2021-2022,40
248627,250975,29024132.0,iBRC29024132,Newport Wetlands NNR Route 2,Newport Wetlands NNR Route 2 - S6,,2021.0,ST334834,OSGB,100,51.54554663,-2.961811356,51.54508198,-2.960528253,3642.0,394.0,ST332831,"32. Bare ground/woodland herb/grass mosaics of woodland rides, hedgebanks and green lanes",,,,,,,,"Meloy, Elinor",12:20,14:10,Sunny/Cloudy,"2. Wind felt on face, leaves rustle",22.0,NHMSYS0000875593,Shrill Carder Bee,Bombus sylvarum,0,1,0,0,,,Comfrey,30/07/2022,30/07/2022,D,2022,7,30,False,30,1,2021-2022,40
248628,251004,29024145.0,iBRC29024145,Newport Wetlands NNR Route 2,Newport Wetlands NNR Route 2 - S6,,2021.0,ST334834,OSGB,100,51.54554663,-2.961811356,51.54508198,-2.960528253,3642.0,394.0,ST332831,"32. Bare ground/woodland herb/grass mosaics of woodland rides, hedgebanks and green lanes",,,,,,,,"Meloy, Elinor",12:20,14:10,Sunny/Cloudy,"2. Wind felt on face, leaves rustle",22.0,NHMSYS0000875593,Shrill Carder Bee,Bombus sylvarum,0,1,0,0,,,Tufted Vetch,30/07/2022,30/07/2022,D,2022,7,30,False,30,1,2021-2022,40
248629,251008,29024139.0,iBRC29024139,Newport Wetlands NNR Route 2,Newport Wetlands NNR Route 2 - S6,,2021.0,ST334834,OSGB,100,51.54554663,-2.961811356,51.54508198,-2.960528253,3642.0,394.0,ST332831,"32. Bare ground/woodland herb/grass mosaics of woodland rides, hedgebanks and green lanes",,,,,,,,"Meloy, Elinor",12:20,14:10,Sunny/Cloudy,"2. Wind felt on face, leaves rustle",22.0,NHMSYS0000875593,Shrill Carder Bee,Bombus sylvarum,0,1,0,0,,,Narrow-leaved Everlasting-pea,30/07/2022,30/07/2022,D,2022,7,30,False,30,1,2021-2022,40
249007,251067,29029464.0,iBRC29029464,Victory Wood One,Victory Wood One - S4,,2019.0,TR090624,OSGB,100,51.3222929,0.998149621,51.32174252,0.999875792,2402.0,414.0,TR093620,18. Agriculturally improved/re-seeded/heavily fertilised grassland,30. Small man-made woodlands,,,,L6 - Outdoor amenity and open spaces,L3 - Managed forest,,"Lansdell, Emma",11:15,12:40,Sunny/Cloudy,"2. Wind felt on face, leaves rustle",23.0,NHMSYS0000875593,Shrill Carder Bee,Bombus sylvarum,0,2,0,0,,,Red Bartsia,31/07/2022,31/07/2022,D,2022,7,31,False,30,2,2021-2022,47
249048,251073,29029638.0,iBRC29029638,Victory Wood Two,Victory Wood Two - S1,,2021.0,TR094620,OSGB,100,51.31855416,1.003647116,51.31800326,1.005373744,1354.0,410.0,TR094620,"32. Bare ground/woodland herb/grass mosaics of woodland rides, hedgebanks and green lanes",31. Recently felled areas/early-stage woodland and coppice,22. Dry scrub/shrub thickets,,"Wide ride habitat flanked by secondary woodland aged 15 years- composition is mixed broadleaves including oak, willow sp. ash, cherry, birch, hornbeam, Guelder rose, wild service, elder, blackthorn. crab apple, hawthorn, dogwood, amongst other species. Tall herbs line areas of the wide ride including broom and a range of flora is establishing along the ride edge. A historic agricultural drainage runs west to east, lined with more mature willow including almond willow, oak and other broadleaves. It sits in close proximity to managed grassland where arisings are cut and collected during September annually. The wide ride habitat along the transect is also cut in September in a piecemeal fashion (zone 1 sections cut on a 3-5 year rotation with pinch points left) and arisings are collected. Zone 2 and 3 areas are cut on a longer rotation, and some coppiced edges are being incorporated to support a more diverse habitat structure. The site sits on London Clay soils and can become waterlogged. The grassland is predominantly neutral becoming slightly more acidic towards the southern end. The whole area is publically accessible and forms part of the managed ride network- cut three times annually.",L3 - Managed forest,L6 - Outdoor amenity and open spaces,"The ditch line does fill with water during the wetter months, and will often retain water into early summer.","Lansdell, Emma",13:00,14:20,Cloudy,3. Leaves and twigs in slight motion,23.0,NHMSYS0000875593,Shrill Carder Bee,Bombus sylvarum,0,5,0,0,,,"Red bartsia, red clover",31/07/2022,31/07/2022,D,2022,7,31,False,30,5,2021-2022,13
249052,251055,29029641.0,iBRC29029641,Victory Wood Two,Victory Wood Two - S2,,2021.0,TR094620,OSGB,100,51.31855416,1.003647116,51.31800326,1.005373744,1354.0,409.0,TR098620,"32. Bare ground/woodland herb/grass mosaics of woodland rides, hedgebanks and green lanes",31. Recently felled areas/early-stage woodland and coppice,22. Dry scrub/shrub thickets,,"Wide ride habitat flanked by secondary woodland aged 15 years- composition is mixed broadleaves including oak, willow sp. ash, cherry, birch, hornbeam, Guelder rose, wild service, elder, blackthorn. crab apple, hawthorn, dogwood, amongst other species. Tall herbs line areas of the wide ride including broom and a range of flora is establishing along the ride edge. A historic agricultural drainage runs west to east, lined with more mature willow including almond willow, oak and other broadleaves. It sits in close proximity to managed grassland where arisings are cut and collected during September annually. The wide ride habitat along the transect is also cut in September in a piecemeal fashion (zone 1 sections cut on a 3-5 year rotation with pinch points left) and arisings are collected. Zone 2 and 3 areas are cut on a longer rotation, and some coppiced edges are being incorporated to support a more diverse habitat structure. The site sits on London Clay soils and can become waterlogged. The grassland is predominantly neutral becoming slightly more acidic towards the southern end. The whole area is publically accessible and forms part of the managed ride network- cut three times annually. In this section of the route, there are more open ground areas due to historic and interpretive features including a Cold War bunker and nearby links viewing platform.",L3 - Managed forest,L6 - Outdoor amenity and open spaces,"This section sits along the main ridge extending between two flanking ancient woodland habitats. This area is exposed, the site sits 2km from the North Kent coastline.","Lansdell, Emma",13:00,14:20,Cloudy,3. Leaves and twigs in slight motion,23.0,NHMSYS0000875593,Shrill Carder Bee,Bombus sylvarum,0,11,0,0,,,Red Bartsia,31/07/2022,31/07/2022,D,2022,7,31,False,30,11,2021-2022,13
249056,251066,29029644.0,iBRC29029644,Victory Wood Two,Victory Wood Two - S3,,2021.0,TR094620,OSGB,100,51.31855416,1.003647116,51.31800326,1.005373744,1354.0,343.0,TR096616,"32. Bare ground/woodland herb/grass mosaics of woodland rides, hedgebanks and green lanes",31. Recently felled areas/early-stage woodland and coppice,22. Dry scrub/shrub thickets,,"Wide ride habitat flanked by secondary woodland aged 15 years- composition is mixed broadleaves including oak, willow sp. ash, cherry, birch, hornbeam, Guelder rose, wild service, elder, blackthorn. crab apple, hawthorn, dogwood, amongst other species. Tall herbs line areas of the wide ride including broom and a range of flora is establishing along the ride edge. A historic agricultural drainage runs west to east, lined with more mature willow including almond willow, oak and other broadleaves. It sits in close proximity to managed grassland where arisings are cut and collected during September annually. The wide ride habitat along the transect is also cut in September in a piecemeal fashion (zone 1 sections cut on a 3-5 year rotation with pinch points left) and arisings are collected. Zone 2 and 3 areas are cut on a longer rotation, and some coppiced edges are being incorporated to support a more diverse habitat structure. The site sits on London Clay soils and can become waterlogged. The grassland is predominantly neutral becoming slightly more acidic towards the southern end. The whole area is publically accessible and forms part of the managed ride network- cut three times annually.",L3 - Managed forest,L6 - Outdoor amenity and open spaces,This section of the route continues along a narrow ride with steep decline towards the historic agricultural drainage ditch. As such areas of this section are more sheltered and provide useful nesting habitat (emerged Bombus sylvarum queen noted here in previous years),"Lansdell, Emma",13:00,14:20,Cloudy,3. Leaves and twigs in slight motion,23.0,NHMSYS0000875593,Shrill Carder Bee,Bombus sylvarum,0,0,1,0,,,Red Bartsia,31/07/2022,31/07/2022,D,2022,7,31,False,30,1,2021-2022,13
249367,250958,27512672.0,iBRC27512672,Lytes Cary Garden 2015,Lytes Cary Garden 2015 - S5,,2014.0,ST533265,OSGB,100,51.03595107,-2.667404295,51.03542335,-2.666104665,388.0,45.0,ST533264,39. Ornamental shrubs/trees/lawns of churches/parks/domestic gardens etc,,,,Lavender garden,L6 - Outdoor amenity and open spaces,,,"waterhouse, sue",12:00,12:15,Sunny,1. Slight smoke drift,23.0,NHMSYS0000875593,Shrill Carder Bee,Bombus sylvarum,0,1,0,0,Seen on locally arranged Bee Safari,,Lavender,01/08/2022,01/08/2022,D,2022,8,1,False,31,1,2021-2022,8
249664,250994,27534088.0,iBRC27534088,RSPB West Canvey Marsh,RSPB West Canvey Marsh - S2,,2017.0,TQ770846,OSGB,100,51.53255918,0.550504417,51.53204062,0.552189021,2681.0,480.0,TQ772843,17. Dry semi/unimproved (flower rich) neutral grassland,25. Hedgerows,,,"less flower rich, recently greenhayed meadow, aiming to improve floral diversity in management. These fields are managed for reptiles with a patchy thatch layer",L6 - Outdoor amenity and open spaces,L1 - Agriculture,,"Hill, Andy",09:55,11:35,Sunny/Cloudy,3. Leaves and twigs in slight motion,22.0,NHMSYS0000875593,Shrill Carder Bee,Bombus sylvarum,0,1,0,0,,,Spear Thistle,03/08/2022,03/08/2022,D,2022,8,3,False,31,1,2021-2022,65
249665,251022,27534086.0,iBRC27534086,RSPB West Canvey Marsh,RSPB West Canvey Marsh - S2,,2017.0,TQ770846,OSGB,100,51.53255918,0.550504417,51.53204062,0.552189021,2681.0,480.0,TQ772843,17. Dry semi/unimproved (flower rich) neutral grassland,25. Hedgerows,,,"less flower rich, recently greenhayed meadow, aiming to improve floral diversity in management. These fields are managed for reptiles with a patchy thatch layer",L6 - Outdoor amenity and open spaces,L1 - Agriculture,,"Hill, Andy",09:55,11:35,Sunny/Cloudy,3. Leaves and twigs in slight motion,22.0,NHMSYS0000875593,Shrill Carder Bee,Bombus sylvarum,0,2,0,0,,,Common milkpea,03/08/2022,03/08/2022,D,2022,8,3,False,31,2,2021-2022,65
249669,250980,27534092.0,iBRC27534092,RSPB West Canvey Marsh,RSPB West Canvey Marsh - S3,,2017.0,TQ770846,OSGB,100,51.53255918,0.550504417,51.53204062,0.552189021,2681.0,423.0,TQ769845,17. Dry semi/unimproved (flower rich) neutral grassland,25. Hedgerows,,,same as previous section,L6 - Outdoor amenity and open spaces,L1 - Agriculture,"same as rpevious section, though ungrazed. Gets a mixed height cut in late summer","Hill, Andy",09:55,11:35,Sunny/Cloudy,3. Leaves and twigs in slight motion,22.0,NHMSYS0000875593,Shrill Carder Bee,Bombus sylvarum,0,1,1,0,,,Creeping Thistle,03/08/2022,03/08/2022,D,2022,8,3,False,31,2,2021-2022,65
249675,251003,27534094.0,iBRC27534094,RSPB West Canvey Marsh,RSPB West Canvey Marsh - S4,,2017.0,TQ770846,OSGB,100,51.53255918,0.550504417,51.53204062,0.552189021,2681.0,460.0,TQ768845,25. Hedgerows,"32. Bare ground/woodland herb/grass mosaics of woodland rides, hedgebanks and green lanes",22. Dry scrub/shrub thickets,,"footpath between lines of dense hedgerow of elder, blackthorn, bramble, hawthorn, lined with nettle species and other flowering plants",L6 - Outdoor amenity and open spaces,,footpath sides are cut throughout summer to maintain open footpath,"Hill, Andy",09:55,11:35,Sunny/Cloudy,3. Leaves and twigs in slight motion,22.0,NHMSYS0000875593,Shrill Carder Bee,Bombus sylvarum,0,1,2,0,,,Spear Thistle,03/08/2022,03/08/2022,D,2022,8,3,False,31,3,2021-2022,65
249680,251017,27534102.0,iBRC27534102,RSPB West Canvey Marsh,RSPB West Canvey Marsh - S6,,2017.0,TQ770846,OSGB,100,51.53255918,0.550504417,51.53204062,0.552189021,2681.0,519.0,TQ765849,17. Dry semi/unimproved (flower rich) neutral grassland,25. Hedgerows,"32. Bare ground/woodland herb/grass mosaics of woodland rides, hedgebanks and green lanes",,footpath flanked by hay meadow and hedgerow. nettle species and other flowering plants grow on footpath edges,L6 - Outdoor amenity and open spaces,L1 - Agriculture,footpath edges are mown periodically throughout summer to keep footpath open.,"Hill, Andy",09:55,11:35,Sunny/Cloudy,3. Leaves and twigs in slight motion,22.0,NHMSYS0000875593,Shrill Carder Bee,Bombus sylvarum,0,0,1,0,,,Knapweed,03/08/2022,03/08/2022,D,2022,8,3,False,31,1,2021-2022,65
250088,250987,27534191.0,iBRC27534191,RSPB Bowers Marsh 2,RSPB Bowers Marsh 2 - S2,,2017.0,TQ755860,OSGB,100,51.54560274,0.529598368,51.54508604,0.531281158,1715.0,640.0,TQ758867,17. Dry semi/unimproved (flower rich) neutral grassland,25. Hedgerows,,,"Hardstanding footpath on flower rich neutral semi improved grass, hay meadow on one side, elm hedgerow on other side. Footpath edges seasonally mown, as with section 1. Almost 2 thirds of the way along, the path is flanked by a legume rich turtle dove plot with thorny hedgerow on one side, and hedgerow and seasonally wet semi improved, neutral, ungrazed area on the other side.",L6 - Outdoor amenity and open spaces,L1 - Agriculture,,"Hill, Andy",09:50,10:35,Sunny,3. Leaves and twigs in slight motion,20.0,NHMSYS0000875593,Shrill Carder Bee,Bombus sylvarum,0,1,0,0,,,Bristly Ox-tongue,05/08/2022,05/08/2022,D,2022,8,5,False,31,1,2021-2022,31
250443,250982,27555780.0,iBRC27555780,South Swale - Beach,South Swale - Beach - S2,,2018.0,TR040647,OSGB,100,51.34476053,0.927808358,51.34421395,0.929527572,995.0,490.0,TR046649,"32. Bare ground/woodland herb/grass mosaics of woodland rides, hedgebanks and green lanes",14. Inland swamp/fen stands without open water (e.g. reed and sedgebeds),,,,L12 - Transport tracks and ways,L6 - Outdoor amenity and open spaces,"Saxon Shore Way, lots of different wildflowers.  Reedbed 20 m to side, below Saxon Shore Way, secondary, but might attract different insects.","Burbridge, David",15:30,17:15,Sunny/Cloudy,3. Leaves and twigs in slight motion,23.0,NHMSYS0000875593,Shrill Carder Bee,Bombus sylvarum,0,1,0,0,"May have seen 2, unsure",,Bird's-Foot-Trefoil,05/08/2022,05/08/2022,D,2022,8,5,False,31,1,2021-2022,9
251936,250972,27612131.0,iBRC27612131,Kenfig Castle 2,Kenfig Castle 2 - S1,,2022.0,SS797825,OSGB,100,51.52855609,-3.735597131,51.52809937,-3.734403967,899.0,306.0,SS800826,5. Coastal dune and sand woods,10. Fen/swamp/marsh vegetation of inland freshwater edges,,,Walk along margin of fen and scrub. This is usually the best section for shrill carder bees. Ground distubance by cattle trampling and vehicle use seem to enhance the habitat for this species.,L6 - Outdoor amenity and open spaces,L1 - Agriculture,,"Carrington, David",10:25,11:16,Sunny,"2. Wind felt on face, leaves rustle",27.0,NHMSYS0000875593,Shrill Carder Bee,Bombus sylvarum,0,5,0,0,,,Feeding on red bartsia.,11/08/2022,11/08/2022,D,2022,8,11,False,32,5,2021-2022,15
251939,250977,27612134.0,iBRC27612134,Kenfig Castle 2,Kenfig Castle 2 - S3,,2022.0,SS797825,OSGB,100,51.52855609,-3.735597131,51.52809937,-3.734403967,899.0,286.0,SS796826,4. Coastal dune and sand scrub,,,,The latter part of this section is along a track between the edge of a dune slack and a sandy south-facing dune ridge.,L6 - Outdoor amenity and open spaces,L1 - Agriculture,Nature reserve with light cattle and sheep grazing.,"Carrington, David",10:25,11:16,Sunny,"2. Wind felt on face, leaves rustle",27.0,NHMSYS0000875593,Shrill Carder Bee,Bombus sylvarum,0,1,0,0,,,Feeding on dew berry.,11/08/2022,11/08/2022,D,2022,8,11,False,32,1,2021-2022,15
253012,250956,29029695.0,iBRC29029695,Victory Wood One,Victory Wood One - S1,,2019.0,TR090624,OSGB,100,51.3222929,0.998149621,51.32174252,0.999875792,2402.0,348.0,TR086626,18. Agriculturally improved/re-seeded/heavily fertilised grassland,,,,,L6 - Outdoor amenity and open spaces,,,"Lansdell, Emma",11:00,12:05,Cloudy,1. Slight smoke drift,24.0,NHMSYS0000875593,Shrill Carder Bee,Bombus sylvarum,0,3,0,0,,,Red Bartsia,19/08/2022,19/08/2022,D,2022,8,19,False,33,3,2021-2022,47
253020,250984,29029702.0,iBRC29029702,Victory Wood One,Victory Wood One - S4,,2019.0,TR090624,OSGB,100,51.3222929,0.998149621,51.32174252,0.999875792,2402.0,414.0,TR093620,18. Agriculturally improved/re-seeded/heavily fertilised grassland,30. Small man-made woodlands,,,,L6 - Outdoor amenity and open spaces,L3 - Managed forest,,"Lansdell, Emma",11:00,12:05,Cloudy,1. Slight smoke drift,24.0,NHMSYS0000875593,Shrill Carder Bee,Bombus sylvarum,0,1,0,0,,,Red Bartsia,19/08/2022,19/08/2022,D,2022,8,19,False,33,1,2021-2022,47
253082,251029,29029766.0,iBRC29029766,Victory Wood Two,Victory Wood Two - S2,,2021.0,TR094620,OSGB,100,51.31855416,1.003647116,51.31800326,1.005373744,1354.0,409.0,TR098620,"32. Bare ground/woodland herb/grass mosaics of woodland rides, hedgebanks and green lanes",31. Recently felled areas/early-stage woodland and coppice,22. Dry scrub/shrub thickets,,"Wide ride habitat flanked by secondary woodland aged 15 years- composition is mixed broadleaves including oak, willow sp. ash, cherry, birch, hornbeam, Guelder rose, wild service, elder, blackthorn. crab apple, hawthorn, dogwood, amongst other species. Tall herbs line areas of the wide ride including broom and a range of flora is establishing along the ride edge. A historic agricultural drainage runs west to east, lined with more mature willow including almond willow, oak and other broadleaves. It sits in close proximity to managed grassland where arisings are cut and collected during September annually. The wide ride habitat along the transect is also cut in September in a piecemeal fashion (zone 1 sections cut on a 3-5 year rotation with pinch points left) and arisings are collected. Zone 2 and 3 areas are cut on a longer rotation, and some coppiced edges are being incorporated to support a more diverse habitat structure. The site sits on London Clay soils and can become waterlogged. The grassland is predominantly neutral becoming slightly more acidic towards the southern end. The whole area is publically accessible and forms part of the managed ride network- cut three times annually. In this section of the route, there are more open ground areas due to historic and interpretive features including a Cold War bunker and nearby links viewing platform.",L3 - Managed forest,L6 - Outdoor amenity and open spaces,"This section sits along the main ridge extending between two flanking ancient woodland habitats. This area is exposed, the site sits 2km from the North Kent coastline.","Lansdell, Emma",12:30,13:30,Cloudy,1. Slight smoke drift,24.0,NHMSYS0000875593,Shrill Carder Bee,Bombus sylvarum,0,2,0,0,,,Red Bartsia,19/08/2022,19/08/2022,D,2022,8,19,False,33,2,2021-2022,13
253646,250996,28256783.0,iBRC28256783,RSPB Vange Wick,RSPB Vange Wick - S1,,2017.0,TQ729857,OSGB,100,51.54370981,0.491993348,51.54319351,0.493671787,3126.0,303.0,TQ732852,19. Seasonally wet and wet marshy grasslands,14. Inland swamp/fen stands without open water (e.g. reed and sedgebeds),,,"Semi improved, cattle grazed neutral lowland wet grassland with ditches, nearby reedbed.",L6 - Outdoor amenity and open spaces,L1 - Agriculture,,Eamonn Corking and Pete Coffill,10:45,12:20,Sunny/Cloudy,3. Leaves and twigs in slight motion,23.0,NHMSYS0000875593,Shrill Carder Bee,Bombus sylvarum,0,2,0,0,,,Thistle,24/08/2022,24/08/2022,D,2022,8,24,False,34,2,2021-2022,10
253648,251009,28256785.0,iBRC28256785,RSPB Vange Wick,RSPB Vange Wick - S6,,2017.0,TQ729857,OSGB,100,51.54370981,0.491993348,51.54319351,0.493671787,3126.0,772.0,TQ726858,19. Seasonally wet and wet marshy grasslands,17. Dry semi/unimproved (flower rich) neutral grassland,,,"semi improved lowland wet grassland with ditches, flashes and scrapes.",L6 - Outdoor amenity and open spaces,L1 - Agriculture,,Eamonn Corking and Pete Coffill,10:45,12:20,Sunny/Cloudy,3. Leaves and twigs in slight motion,23.0,NHMSYS0000875593,Shrill Carder Bee,Bombus sylvarum,0,3,0,0,,,Thistle,24/08/2022,24/08/2022,D,2022,8,24,False,34,3,2021-2022,10
253705,250989,27854519.0,iBRC27854519,"Riverside Country Park, Rainham","Riverside Country Park, Rainham - S4",,2011.0,TQ817676,OSGB,100,51.37837053,0.609465954,51.37783317,0.61115066,1972.0,705.0,TQ815678,22. Dry scrub/shrub thickets,15. Dry semi/unimproved (flower rich) chalk/limestone grassland,25. Hedgerows,,,L6 - Outdoor amenity and open spaces,,,"Springate, Simon",13:10,13:57,Sunny/Cloudy,"2. Wind felt on face, leaves rustle",30.0,NHMSYS0000875593,Shrill Carder Bee,Bombus sylvarum,0,0,1,0,,,Black Horehound,24/08/2022,24/08/2022,D,2022,8,24,False,34,1,2021-2022,18
254498,250949,29041474.0,iBRC29041474,Newport Wetlands NNR Route 2,Newport Wetlands NNR Route 2 - S2,,2021.0,ST334834,OSGB,100,51.54554663,-2.961811356,51.54508198,-2.960528253,3642.0,559.0,ST329833,"32. Bare ground/woodland herb/grass mosaics of woodland rides, hedgebanks and green lanes",,,,,,,,"Meloy, Elinor",12:50,14:10,Sunny,1. Slight smoke drift,21.0,NHMSYS0000875593,Shrill Carder Bee,Bombus sylvarum,0,2,0,0,,,Meadow Vetchling,27/08/2022,27/08/2022,D,2022,8,27,False,34,2,2021-2022,40
254499,251027,29041467.0,iBRC29041467,Newport Wetlands NNR Route 2,Newport Wetlands NNR Route 2 - S2,,2021.0,ST334834,OSGB,100,51.54554663,-2.961811356,51.54508198,-2.960528253,3642.0,559.0,ST329833,"32. Bare ground/woodland herb/grass mosaics of woodland rides, hedgebanks and green lanes",,,,,,,,"Meloy, Elinor",12:50,14:10,Sunny,1. Slight smoke drift,21.0,NHMSYS0000875593,Shrill Carder Bee,Bombus sylvarum,0,2,0,0,,,Tufted Vetch,27/08/2022,27/08/2022,D,2022,8,27,False,34,2,2021-2022,40
254500,251038,29041469.0,iBRC29041469,Newport Wetlands NNR Route 2,Newport Wetlands NNR Route 2 - S2,,2021.0,ST334834,OSGB,100,51.54554663,-2.961811356,51.54508198,-2.960528253,3642.0,559.0,ST329833,"32. Bare ground/woodland herb/grass mosaics of woodland rides, hedgebanks and green lanes",,,,,,,,"Meloy, Elinor",12:50,14:10,Sunny,1. Slight smoke drift,21.0,NHMSYS0000875593,Shrill Carder Bee,Bombus sylvarum,0,1,0,0,,,Knapweed,27/08/2022,27/08/2022,D,2022,8,27,False,34,1,2021-2022,40
254505,251011,29041482.0,iBRC29041482,Newport Wetlands NNR Route 2,Newport Wetlands NNR Route 2 - S3,,2021.0,ST334834,OSGB,100,51.54554663,-2.961811356,51.54508198,-2.960528253,3642.0,850.0,ST328830,"32. Bare ground/woodland herb/grass mosaics of woodland rides, hedgebanks and green lanes",,,,,,,,"Meloy, Elinor",12:50,14:10,Sunny,1. Slight smoke drift,21.0,NHMSYS0000875593,Shrill Carder Bee,Bombus sylvarum,0,0,1,0,,,Rosebay Willowherb,27/08/2022,27/08/2022,D,2022,8,27,False,34,1,2021-2022,40
254506,251025,29041483.0,iBRC29041483,Newport Wetlands NNR Route 2,Newport Wetlands NNR Route 2 - S3,,2021.0,ST334834,OSGB,100,51.54554663,-2.961811356,51.54508198,-2.960528253,3642.0,850.0,ST328830,"32. Bare ground/woodland herb/grass mosaics of woodland rides, hedgebanks and green lanes",,,,,,,,"Meloy, Elinor",12:50,14:10,Sunny,1. Slight smoke drift,21.0,NHMSYS0000875593,Shrill Carder Bee,Bombus sylvarum,0,1,0,0,,,Narrow-leaved Everlasting-pea,27/08/2022,27/08/2022,D,2022,8,27,False,34,1,2021-2022,40
254511,251000,29041488.0,iBRC29041488,Newport Wetlands NNR Route 2,Newport Wetlands NNR Route 2 - S4,,2021.0,ST334834,OSGB,100,51.54554663,-2.961811356,51.54508198,-2.960528253,3642.0,697.0,ST327829,"32. Bare ground/woodland herb/grass mosaics of woodland rides, hedgebanks and green lanes",,,,walk along path recording and then stop recording on way back to the lighthouse,,,,"Meloy, Elinor",12:50,14:10,Sunny,1. Slight smoke drift,21.0,NHMSYS0000875593,Shrill Carder Bee,Bombus sylvarum,0,1,0,0,,,Narrow-leaved Everlasting-pea,27/08/2022,27/08/2022,D,2022,8,27,False,34,1,2021-2022,40
254513,251051,29041492.0,iBRC29041492,Newport Wetlands NNR Route 2,Newport Wetlands NNR Route 2 - S5,,2021.0,ST334834,OSGB,100,51.54554663,-2.961811356,51.54508198,-2.960528253,3642.0,397.0,ST330828,"32. Bare ground/woodland herb/grass mosaics of woodland rides, hedgebanks and green lanes",,,,,,,,"Meloy, Elinor",12:50,14:10,Sunny,1. Slight smoke drift,21.0,NHMSYS0000875593,Shrill Carder Bee,Bombus sylvarum,0,1,0,0,,,Narrow-leaved Everlasting-pea,27/08/2022,27/08/2022,D,2022,8,27,False,34,1,2021-2022,40
254803,250968,28847470.0,iBRC28847470,RSPB Rainham Marshes - centre-woodland,RSPB Rainham Marshes - centre-woodland - S1,,2015.0,TQ549790,OSGB,100,51.48873644,0.229697659,51.4882181,0.231343991,2033.0,61.0,TQ548787,39. Ornamental shrubs/trees/lawns of churches/parks/domestic gardens etc,,,,An area known as the wildlife garden which consists mainly of pollen-rich non-native plants.,L6 - Outdoor amenity and open spaces,,Nature reserve,"Hoare, Jerry",11:15,12:20,Cloudy,"2. Wind felt on face, leaves rustle",21.0,NHMSYS0000875593,Shrill Carder Bee,Bombus sylvarum,0,2,0,0,,,,29/08/2022,29/08/2022,D,2022,8,29,False,35,2,2021-2022,30
254808,251060,28847475.0,iBRC28847475,RSPB Rainham Marshes - centre-woodland,RSPB Rainham Marshes - centre-woodland - S4,,2015.0,TQ549790,OSGB,100,51.48873644,0.229697659,51.4882181,0.231343991,2033.0,270.0,TQ550791,14. Inland swamp/fen stands without open water (e.g. reed and sedgebeds),10. Fen/swamp/marsh vegetation of inland freshwater edges,,,Reedbed with some goat willow trees. There is also a small sedge section.,L6 - Outdoor amenity and open spaces,,Nature reerve,"Hoare, Jerry",11:15,12:20,Cloudy,"2. Wind felt on face, leaves rustle",21.0,NHMSYS0000875593,Shrill Carder Bee,Bombus sylvarum,0,0,1,1,,,,29/08/2022,29/08/2022,D,2022,8,29,False,35,2,2021-2022,30
254864,251062,28847507.0,iBRC28847507,RSPB Rainham Marshes - river wall & anthill,RSPB Rainham Marshes - river wall & anthill - S1,,2018.0,TQ542789,OSGB,100,51.48802912,0.219579778,51.48751087,0.221224931,2026.0,400.0,TQ547787,17. Dry semi/unimproved (flower rich) neutral grassland,,,,,L6 - Outdoor amenity and open spaces,,,"Hoare, Jerry",13:20,14:20,Cloudy,"2. Wind felt on face, leaves rustle",21.0,NHMSYS0000875593,Shrill Carder Bee,Bombus sylvarum,0,4,0,0,,,,29/08/2022,29/08/2022,D,2022,8,29,False,35,4,2021-2022,64
254867,251046,28847510.0,iBRC28847510,RSPB Rainham Marshes - river wall & anthill,RSPB Rainham Marshes - river wall & anthill - S3,,2018.0,TQ542789,OSGB,100,51.48802912,0.219579778,51.48751087,0.221224931,2026.0,265.0,TQ541789,17. Dry semi/unimproved (flower rich) neutral grassland,,,,,L6 - Outdoor amenity and open spaces,,,"Hoare, Jerry",13:20,14:20,Cloudy,"2. Wind felt on face, leaves rustle",21.0,NHMSYS0000875593,Shrill Carder Bee,Bombus sylvarum,0,1,0,0,,,,29/08/2022,29/08/2022,D,2022,8,29,False,35,1,2021-2022,64
254869,251007,28847512.0,iBRC28847512,RSPB Rainham Marshes - river wall & anthill,RSPB Rainham Marshes - river wall & anthill - S5,,2018.0,TQ542789,OSGB,100,51.48802912,0.219579778,51.48751087,0.221224931,2026.0,152.0,TQ540791,17. Dry semi/unimproved (flower rich) neutral grassland,,,,,L6 - Outdoor amenity and open spaces,,,"Hoare, Jerry",13:20,14:20,Cloudy,"2. Wind felt on face, leaves rustle",21.0,NHMSYS0000875593,Shrill Carder Bee,Bombus sylvarum,0,0,1,0,,,,29/08/2022,29/08/2022,D,2022,8,29,False,35,1,2021-2022,64
254872,251058,28847515.0,iBRC28847515,RSPB Rainham Marshes - river wall & anthill,RSPB Rainham Marshes - river wall & anthill - S7,,2018.0,TQ542789,OSGB,100,51.48802912,0.219579778,51.48751087,0.221224931,2026.0,694.0,TQ540791,17. Dry semi/unimproved (flower rich) neutral grassland,,,,,L6 - Outdoor amenity and open spaces,,,"Hoare, Jerry",13:20,14:20,Cloudy,"2. Wind felt on face, leaves rustle",21.0,NHMSYS0000875593,Shrill Carder Bee,Bombus sylvarum,0,1,0,0,,,,29/08/2022,29/08/2022,D,2022,8,29,False,35,1,2021-2022,64
255250,250951,28847523.0,iBRC28847523,RSPB Rainham Marshes - Rainham West 2,RSPB Rainham Marshes - Rainham West 2 - S1,,2021.0,TQ518809,OSGB,100,51.50664776,0.185899071,51.50613221,0.187541176,2541.0,491.0,TQ515801,17. Dry semi/unimproved (flower rich) neutral grassland,25. Hedgerows,21. Stands of tall herbs (e.g. nettle and willow-herb beds),,,L12 - Transport tracks and ways,L6 - Outdoor amenity and open spaces,,"Hoare, Jerry",11:35,12:35,Sunny/Cloudy,4. Dust raised and small branches move,21.0,NHMSYS0000875593,Shrill Carder Bee,Bombus sylvarum,0,0,1,0,,,,31/08/2022,31/08/2022,D,2022,8,31,False,35,1,2021-2022,47
255251,250967,28847524.0,iBRC28847524,RSPB Rainham Marshes - Rainham West 2,RSPB Rainham Marshes - Rainham West 2 - S2,,2021.0,TQ518809,OSGB,100,51.50664776,0.185899071,51.50613221,0.187541176,2541.0,545.0,TQ518804,25. Hedgerows,17. Dry semi/unimproved (flower rich) neutral grassland,21. Stands of tall herbs (e.g. nettle and willow-herb beds),25. Hedgerows,,L6 - Outdoor amenity and open spaces,L1 - Agriculture,nature reserve path through grazing marsh,"Hoare, Jerry",11:35,12:35,Sunny/Cloudy,4. Dust raised and small branches move,21.0,NHMSYS0000875593,Shrill Carder Bee,Bombus sylvarum,0,0,1,0,,,,31/08/2022,31/08/2022,D,2022,8,31,False,35,1,2021-2022,47
255255,250991,28847528.0,iBRC28847528,RSPB Rainham Marshes - Rainham West 2,RSPB Rainham Marshes - Rainham West 2 - S3,,2021.0,TQ518809,OSGB,100,51.50664776,0.185899071,51.50613221,0.187541176,2541.0,488.0,TQ521809,17. Dry semi/unimproved (flower rich) neutral grassland,21. Stands of tall herbs (e.g. nettle and willow-herb beds),10. Fen/swamp/marsh vegetation of inland freshwater edges,,,L6 - Outdoor amenity and open spaces,L1 - Agriculture,nature reserve path through grazing marsh,"Hoare, Jerry",11:35,12:35,Sunny/Cloudy,4. Dust raised and small branches move,21.0,NHMSYS0000875593,Shrill Carder Bee,Bombus sylvarum,0,2,1,0,,,,31/08/2022,31/08/2022,D,2022,8,31,False,35,3,2021-2022,47
255259,250973,28847532.0,iBRC28847532,RSPB Rainham Marshes - Rainham West 2,RSPB Rainham Marshes - Rainham West 2 - S6,,2021.0,TQ518809,OSGB,100,51.50664776,0.185899071,51.50613221,0.187541176,2541.0,596.0,TQ515813,17. Dry semi/unimproved (flower rich) neutral grassland,21. Stands of tall herbs (e.g. nettle and willow-herb beds),,,,L6 - Outdoor amenity and open spaces,L1 - Agriculture,nature reserve path through grazing marsh,"Hoare, Jerry",11:35,12:35,Sunny/Cloudy,4. Dust raised and small branches move,21.0,NHMSYS0000875593,Shrill Carder Bee,Bombus sylvarum,0,0,1,1,,,,31/08/2022,31/08/2022,D,2022,8,31,False,35,2,2021-2022,47
255559,251040,27966570.0,iBRC27966570,Parc Tredelerch-1,Parc Tredelerch-1 - S4,,2021.0,ST219783,OSGB,100,51.4982225,-3.126485109,51.4977545,-3.125222592,1260.0,334.0,ST216782,19. Seasonally wet and wet marshy grasslands,10. Fen/swamp/marsh vegetation of inland freshwater edges,21. Stands of tall herbs (e.g. nettle and willow-herb beds),,,L6 - Outdoor amenity and open spaces,,,"Sweeney, Marion",14:40,15:25,,3. Leaves and twigs in slight motion,18.0,NHMSYS0000875593,Shrill Carder,Bombus sylvarum,0,1,0,1,Confirmed from photo,,fleabane,01/09/2022,01/09/2022,D,2022,9,1,False,35,2,2021-2022,1
255657,250979,28104357.0,iBRC28104357,RSPB Bowers Marsh,RSPB Bowers Marsh - S1,,2017.0,TQ755860,OSGB,100,51.54560274,0.529598368,51.54508604,0.531281158,1715.0,383.0,TQ755867,17. Dry semi/unimproved (flower rich) neutral grassland,26. Mature broadleaved woodland,,,"Hardstanding footpath on flower rich neutral semi improved grass, seasonally mown. Flanked by hedgerow including elm, hawthorn and blackthorn. Adjacent to arable land.",L6 - Outdoor amenity and open spaces,L1 - Agriculture,,"Hill, Andy",14:20,15:06,Sunny/Cloudy,"2. Wind felt on face, leaves rustle",26.0,NHMSYS0000875593,Shrill Carder Bee,Bombus sylvarum,0,0,0,1,,,Ragwort,02/09/2022,02/09/2022,D,2022,9,2,False,35,1,2021-2022,15
255660,250965,28104362.0,iBRC28104362,RSPB Bowers Marsh,RSPB Bowers Marsh - S3,,2017.0,TQ755860,OSGB,100,51.54560274,0.529598368,51.54508604,0.531281158,1715.0,230.0,TQ757862,17. Dry semi/unimproved (flower rich) neutral grassland,14. Inland swamp/fen stands without open water (e.g. reed and sedgebeds),1. Marine saltmarshes/estuaries/saline reedbeds,,"Hardstanding footpath, seasonally mown, on flower rich neutral semi improved grass, surrounded by reedbed, and brackish lagoon on one side.",L6 - Outdoor amenity and open spaces,L1 - Agriculture,,"Hill, Andy",14:20,15:06,Sunny/Cloudy,"2. Wind felt on face, leaves rustle",26.0,NHMSYS0000875593,Shrill Carder Bee,Bombus sylvarum,0,1,0,0,,,Bird's-Foot-Trefoil,02/09/2022,02/09/2022,D,2022,9,2,False,35,1,2021-2022,15
255661,251050,28104365.0,iBRC28104365,RSPB Bowers Marsh,RSPB Bowers Marsh - S3,,2017.0,TQ755860,OSGB,100,51.54560274,0.529598368,51.54508604,0.531281158,1715.0,230.0,TQ757862,17. Dry semi/unimproved (flower rich) neutral grassland,14. Inland swamp/fen stands without open water (e.g. reed and sedgebeds),1. Marine saltmarshes/estuaries/saline reedbeds,,"Hardstanding footpath, seasonally mown, on flower rich neutral semi improved grass, surrounded by reedbed, and brackish lagoon on one side.",L6 - Outdoor amenity and open spaces,L1 - Agriculture,,"Hill, Andy",14:20,15:06,Sunny/Cloudy,"2. Wind felt on face, leaves rustle",26.0,NHMSYS0000875593,Shrill Carder Bee,Bombus sylvarum,0,0,1,0,,,Bristly Ox-tongue,02/09/2022,02/09/2022,D,2022,9,2,False,35,1,2021-2022,15
255748,251047,28135557.0,iBRC28135557,South Swale - Beach,South Swale - Beach - S1,,2018.0,TR040647,OSGB,100,51.34476053,0.927808358,51.34421395,0.929527572,995.0,505.0,TR040647,8. Coastal shingle,1. Marine saltmarshes/estuaries/saline reedbeds,,,,L6 - Outdoor amenity and open spaces,L17 - Waterways,Nature reserve - wildflower rich Shingle / Shell beach running along Swale estuary.,"Burbridge, David",15:00,16:30,Sunny,"2. Wind felt on face, leaves rustle",24.0,NHMSYS0000875593,Shrill Carder Bee,Bombus sylvarum,0,0,1,0,,,Spear Thistle,04/09/2022,04/09/2022,D,2022,9,4,False,35,1,2021-2022,9
255749,251053,28135556.0,iBRC28135556,South Swale - Beach,South Swale - Beach - S1,,2018.0,TR040647,OSGB,100,51.34476053,0.927808358,51.34421395,0.929527572,995.0,505.0,TR040647,8. Coastal shingle,1. Marine saltmarshes/estuaries/saline reedbeds,,,,L6 - Outdoor amenity and open spaces,L17 - Waterways,Nature reserve - wildflower rich Shingle / Shell beach running along Swale estuary.,"Burbridge, David",15:00,16:30,Sunny,"2. Wind felt on face, leaves rustle",24.0,NHMSYS0000875593,Shrill Carder Bee,Bombus sylvarum,0,0,1,0,,,Viper's-bugloss,04/09/2022,04/09/2022,D,2022,9,4,False,35,1,2021-2022,9
255943,251016,28233757.0,iBRC28233757,Cliffe RSPB,Cliffe RSPB - S2,,2018.0,TQ724762,OSGB,100,51.45852398,0.480151307,51.45799804,0.481824779,1657.0,908.0,TQ730766,22. Dry scrub/shrub thickets,,,,,L6 - Outdoor amenity and open spaces,,"old gravel workings, now a nature reserve","Cobb, Alan",12:00,13:30,Cloudy,3. Leaves and twigs in slight motion,22.0,NHMSYS0000875593,Shrill Carder Bee,Bombus sylvarum,0,1,1,0,,,unknown yellow flower,06/09/2022,06/09/2022,D,2022,9,6,False,36,2,2021-2022,28
255944,251021,28233756.0,iBRC28233756,Cliffe RSPB,Cliffe RSPB - S2,,2018.0,TQ724762,OSGB,100,51.45852398,0.480151307,51.45799804,0.481824779,1657.0,908.0,TQ730766,22. Dry scrub/shrub thickets,,,,,L6 - Outdoor amenity and open spaces,,"old gravel workings, now a nature reserve","Cobb, Alan",12:00,13:30,Cloudy,3. Leaves and twigs in slight motion,22.0,NHMSYS0000875593,Shrill Carder Bee,Bombus sylvarum,0,1,1,0,,,Black Horehound,06/09/2022,06/09/2022,D,2022,9,6,False,36,2,2021-2022,28
256488,251030,28292139.0,iBRC28292139,RSPB Wallasea Island Seawall 2,RSPB Wallasea Island Seawall 2 - S1,,2019.0,TQ955945,OSGB,100,51.61536853,0.822401907,51.61485499,0.824120952,2531.0,1285.0,TQ955945,,,,,,,,,"Prior, Richard",11:00,12:30,Sunny/Cloudy,3. Leaves and twigs in slight motion,,NHMSYS0000875593,Shrill Carder Bee,Bombus sylvarum,0,2,0,0,,,,14/09/2022,14/09/2022,D,2022,9,14,False,37,2,2021-2022,7
256835,251063,29041642.0,iBRC29041642,Newport Wetlands NNR Route 2,Newport Wetlands NNR Route 2 - S3,,2021.0,ST334834,OSGB,100,51.54554663,-2.961811356,51.54508198,-2.960528253,3642.0,850.0,ST328830,"32. Bare ground/woodland herb/grass mosaics of woodland rides, hedgebanks and green lanes",,,,,,,,"Meloy, Elinor",11:00,12:18,Sunny/Cloudy,"2. Wind felt on face, leaves rustle",17.0,NHMSYS0000875593,Shrill Carder Bee,Bombus sylvarum,0,1,0,0,,,Tufted Vetch,18/09/2022,18/09/2022,D,2022,9,18,False,37,1,2021-2022,40
256841,251033,29041647.0,iBRC29041647,Newport Wetlands NNR Route 2,Newport Wetlands NNR Route 2 - S5,,2021.0,ST334834,OSGB,100,51.54554663,-2.961811356,51.54508198,-2.960528253,3642.0,397.0,ST330828,"32. Bare ground/woodland herb/grass mosaics of woodland rides, hedgebanks and green lanes",,,,,,,,"Meloy, Elinor",11:00,12:18,Sunny/Cloudy,"2. Wind felt on face, leaves rustle",17.0,NHMSYS0000875593,Shrill Carder Bee,Bombus sylvarum,0,3,1,0,,,Ragwort,18/09/2022,18/09/2022,D,2022,9,18,False,37,4,2021-2022,40
256918,251074,28203791.0,iBRC28203791,"Faversham Road, Seasalter","Faversham Road, Seasalter - S3",,2018.0,TR061647,OSGB,100,51.34400356,0.957918917,51.34345638,0.959641493,1432.0,405.0,TR060646,17. Dry semi/unimproved (flower rich) neutral grassland,,,,"Longer, tussocky grassland along base of sea wall with shorter sward on landward side",L6 - Outdoor amenity and open spaces,,Berm of sea wall,"Forster, Nicola",14:10,15:15,Sunny/Cloudy,1. Slight smoke drift,18.0,NHMSYS0000875593,Shrill Carder Bee,Bombus sylvarum,0,0,0,1,,,,19/09/2022,19/09/2022,D,2022,9,19,False,38,1,2021-2022,7
257135,251028,28847572.0,iBRC28847572,RSPB Rainham Marshes - river wall & anthill,RSPB Rainham Marshes - river wall & anthill - S4,,2018.0,TQ542789,OSGB,100,51.48802912,0.219579778,51.48751087,0.221224931,2026.0,88.0,TQ540791,17. Dry semi/unimproved (flower rich) neutral grassland,,,,,L6 - Outdoor amenity and open spaces,,,"Hoare, Jerry",12:20,13:10,Cloudy,"2. Wind felt on face, leaves rustle",19.0,NHMSYS0000875593,Shrill Carder Bee,Bombus sylvarum,0,0,2,0,,,,21/09/2022,21/09/2022,D,2022,9,21,False,38,2,2021-2022,64
257136,250959,28847573.0,iBRC28847573,RSPB Rainham Marshes - river wall & anthill,RSPB Rainham Marshes - river wall & anthill - S5,,2018.0,TQ542789,OSGB,100,51.48802912,0.219579778,51.48751087,0.221224931,2026.0,152.0,TQ540791,17. Dry semi/unimproved (flower rich) neutral grassland,,,,,L6 - Outdoor amenity and open spaces,,,"Hoare, Jerry",12:20,13:10,Cloudy,"2. Wind felt on face, leaves rustle",19.0,NHMSYS0000875593,Shrill Carder Bee,Bombus sylvarum,0,2,0,0,,,,21/09/2022,21/09/2022,D,2022,9,21,False,38,2,2021-2022,64
257344,250963,28190550.0,iBRC28190550,"Alberta, Seasalter Levels","Alberta, Seasalter Levels - S1",,2016.0,TR080649,OSGB,100,51.34510792,0.985277435,51.3445604,0.987003145,2030.0,528.0,TR081649,17. Dry semi/unimproved (flower rich) neutral grassland,,,,Currently dry unimproved grassland with recent history of specific land management.,L41 - Unused Land,,,"Richardson, Sam",14:25,15:25,Sunny/Cloudy,"2. Wind felt on face, leaves rustle",27.0,NHMSYS0000875593,Shrill Carder Bee,Bombus sylvarum,0,1,0,0,,,Creeping Thistle,25/09/2022,25/09/2022,D,2022,9,25,False,38,1,2021-2022,10
257347,251010,28190554.0,iBRC28190554,"Alberta, Seasalter Levels","Alberta, Seasalter Levels - S3",,2016.0,TR080649,OSGB,100,51.34510792,0.985277435,51.3445604,0.987003145,2030.0,666.0,TR078646,17. Dry semi/unimproved (flower rich) neutral grassland,,,,Currently dry unimproved grassland with recent history of specific land management.,L41 - Unused Land,,,"Richardson, Sam",14:25,15:25,Sunny/Cloudy,"2. Wind felt on face, leaves rustle",27.0,NHMSYS0000875593,Shrill Carder Bee,Bombus sylvarum,0,0,1,0,,,Bristly Ox tongue,25/09/2022,25/09/2022,D,2022,9,25,False,38,1,2021-2022,10
257348,251023,28190553.0,iBRC28190553,"Alberta, Seasalter Levels","Alberta, Seasalter Levels - S3",,2016.0,TR080649,OSGB,100,51.34510792,0.985277435,51.3445604,0.987003145,2030.0,666.0,TR078646,17. Dry semi/unimproved (flower rich) neutral grassland,,,,Currently dry unimproved grassland with recent history of specific land management.,L41 - Unused Land,,,"Richardson, Sam",14:25,15:25,Sunny/Cloudy,"2. Wind felt on face, leaves rustle",27.0,NHMSYS0000875593,Shrill Carder Bee,Bombus sylvarum,0,3,0,0,,,Bristly Ox tongue,25/09/2022,25/09/2022,D,2022,9,25,False,38,3,2021-2022,10
257507,250971,28847597.0,iBRC28847597,RSPB Rainham Marshes - Rainham West 2,RSPB Rainham Marshes - Rainham West 2 - S2,,2021.0,TQ518809,OSGB,100,51.50664776,0.185899071,51.50613221,0.187541176,2541.0,545.0,TQ518804,25. Hedgerows,17. Dry semi/unimproved (flower rich) neutral grassland,21. Stands of tall herbs (e.g. nettle and willow-herb beds),25. Hedgerows,,L6 - Outdoor amenity and open spaces,L1 - Agriculture,nature reserve path through grazing marsh,"Hoare, Jerry",10:55,11:45,Sunny/Cloudy,"2. Wind felt on face, leaves rustle",12.0,NHMSYS0000875593,Shrill Carder Bee,Bombus sylvarum,1,0,0,0,,,,29/09/2022,29/09/2022,D,2022,9,29,False,39,1,2021-2022,47
257510,251054,28847600.0,iBRC28847600,RSPB Rainham Marshes - Rainham West 2,RSPB Rainham Marshes - Rainham West 2 - S5,,2021.0,TQ518809,OSGB,100,51.50664776,0.185899071,51.50613221,0.187541176,2541.0,171.0,TQ516814,17. Dry semi/unimproved (flower rich) neutral grassland,21. Stands of tall herbs (e.g. nettle and willow-herb beds),,,,L6 - Outdoor amenity and open spaces,L1 - Agriculture,nature reserve path through grazing marsh,"Hoare, Jerry",10:55,11:45,Sunny/Cloudy,"2. Wind felt on face, leaves rustle",12.0,NHMSYS0000875593,Shrill Carder Bee,Bombus sylvarum,0,0,1,0,,,,29/09/2022,29/09/2022,D,2022,9,29,False,39,1,2021-2022,47
257512,251020,28847602.0,iBRC28847602,RSPB Rainham Marshes - Rainham West 2,RSPB Rainham Marshes - Rainham West 2 - S6,,2021.0,TQ518809,OSGB,100,51.50664776,0.185899071,51.50613221,0.187541176,2541.0,596.0,TQ515813,17. Dry semi/unimproved (flower rich) neutral grassland,21. Stands of tall herbs (e.g. nettle and willow-herb beds),,,,L6 - Outdoor amenity and open spaces,L1 - Agriculture,nature reserve path through grazing marsh,"Hoare, Jerry",10:55,11:45,Sunny/Cloudy,"2. Wind felt on face, leaves rustle",12.0,NHMSYS0000875593,Shrill Carder Bee,Bombus sylvarum,0,0,1,1,,,,29/09/2022,29/09/2022,D,2022,9,29,False,39,2,2021-2022,47
257514,250997,28233098.0,iBRC28233098,RSPB West Canvey Marsh,RSPB West Canvey Marsh - S4,,2017.0,TQ770846,OSGB,100,51.53255918,0.550504417,51.53204062,0.552189021,2681.0,460.0,TQ768845,25. Hedgerows,"32. Bare ground/woodland herb/grass mosaics of woodland rides, hedgebanks and green lanes",22. Dry scrub/shrub thickets,,"footpath between lines of dense hedgerow of elder, blackthorn, bramble, hawthorn, lined with nettle species and other flowering plants",L6 - Outdoor amenity and open spaces,,footpath sides are cut throughout summer to maintain open footpath,"Hill, Andy",11:00,11:45,Sunny/Cloudy,0. Smoke rises vertically,14.0,NHMSYS0000875593,Shrill Carder Bee,Bombus sylvarum,0,0,1,0,,,Spear Thistle,29/09/2022,29/09/2022,D,2022,9,29,False,39,1,2021-2022,65
257520,251057,29029800.0,iBRC29029800,Victory Wood One,Victory Wood One - S4,,2019.0,TR090624,OSGB,100,51.3222929,0.998149621,51.32174252,0.999875792,2402.0,414.0,TR093620,18. Agriculturally improved/re-seeded/heavily fertilised grassland,30. Small man-made woodlands,,,,L6 - Outdoor amenity and open spaces,L3 - Managed forest,,"Lansdell, Emma",11:00,12:10,Cloudy,3. Leaves and twigs in slight motion,19.0,NHMSYS0000875593,Shrill Carder Bee,Bombus sylvarum,0,1,0,0,,,Red Bartsia,29/09/2022,29/09/2022,D,2022,9,29,False,39,1,2021-2022,47
257883,250954,28323969.0,iBRC28323969,RSPB Bowers Marsh 2,RSPB Bowers Marsh 2 - S2,,2017.0,TQ755860,OSGB,100,51.54560274,0.529598368,51.54508604,0.531281158,1715.0,640.0,TQ758867,17. Dry semi/unimproved (flower rich) neutral grassland,25. Hedgerows,,,"Hardstanding footpath on flower rich neutral semi improved grass, hay meadow on one side, elm hedgerow on other side. Footpath edges seasonally mown, as with section 1. Almost 2 thirds of the way along, the path is flanked by a legume rich turtle dove plot with thorny hedgerow on one side, and hedgerow and seasonally wet semi improved, neutral, ungrazed area on the other side.",L6 - Outdoor amenity and open spaces,L1 - Agriculture,,"Hill, Andy",10:30,11:15,Sunny,"2. Wind felt on face, leaves rustle",12.0,NHMSYS0000875593,Shrill Carder Bee,Bombus sylvarum,0,0,1,0,,,Ragwort,08/10/2022,08/10/2022,D,2022,10,8,False,40,1,2021-2022,31
263371,273236,30293932.0,iBRC30293932,Canvey Wick Nature Reserve,Canvey Wick Nature Reserve - S2,,2018.0,TQ766833,OSGB,100,51.52100702,0.544092322,51.52048723,0.545775705,1408.0,395.0,TQ764833,,,,,,,,,"Mathers, Keelan",10:30,11:18,Sunny/Cloudy,3. Leaves and twigs in slight motion,13.0,NHMSYS0000875593,Shrill Carder Bee,Bombus sylvarum,0,2,0,0,,,,01/05/2023,01/05/2023,D,2023,5,1,False,18,2,2023-2024,17
263898,304116,33543137.0,iBRC33543137,RSPB Rainham Marshes - river wall & anthill,RSPB Rainham Marshes - river wall & anthill - S7,,2018.0,TQ542789,OSGB,100,51.48802912,0.219579778,51.48751087,0.221224931,2027.0,694.0,TQ540791,17. Dry semi/unimproved (flower rich) neutral grassland,,,,,L6 - Outdoor amenity and open spaces,,,"Hoare, Jerry",13:10,14:00,Sunny/Cloudy,4. Dust raised and small branches move,17.0,NHMSYS0000875593,Shrill Carder Bee,Bombus sylvarum,1,0,0,0,,,,04/05/2023,04/05/2023,D,2023,5,4,False,18,1,2023-2024,64
264483,273244,30820776.0,iBRC30820776,Cliffe RSPB,Cliffe RSPB - S2,,2018.0,TQ724762,OSGB,100,51.45852398,0.480151307,51.45799804,0.481824779,1657.0,908.0,TQ730766,22. Dry scrub/shrub thickets,,,,,L6 - Outdoor amenity and open spaces,,"old gravel workings, now a nature reserve","Cobb, Alan",10:00,11:30,Sunny,1. Slight smoke drift,16.0,NHMSYS0000875593,Shrill Carder Bee,Bombus sylvarum,4,0,0,0,,,White Deadnettle,11/05/2023,11/05/2023,D,2023,5,11,False,19,4,2023-2024,28
265669,273237,31069657.0,iBRC31069657,Kingsdon,Kingsdon - S1,,2023.0,ST517261,OSGB,100,51.03222188,-2.69016808,51.03169402,-2.688871169,2910.0,1017.0,ST517263,25. Hedgerows,39. Ornamental shrubs/trees/lawns of churches/parks/domestic gardens etc,,,"No through mixed surface single track lane, bordered by arable field and garden",L1 - Agriculture,,Intense arable crops other side of hedge,"Dibben, Lucy",18:00,19:00,Sunny,"2. Wind felt on face, leaves rustle",17.0,NHMSYS0000875593,Shrill Carder Bee,Bombus sylvarum,1,0,0,0,Photos available,,White Deadnettle,18/05/2023,18/05/2023,D,2023,5,18,False,20,1,2023-2024,1
267354,273238,30539074.0,iBRC30539074,"Ferry Marsh, Iwade","Ferry Marsh, Iwade - S2",,2023.0,TQ909696,OSGB,100,51.3933167,0.74257663,51.39277884,0.744277021,2483.0,793.0,TQ912693,17. Dry semi/unimproved (flower rich) neutral grassland,,,,sea wall public footpath. grassland either side,L6 - Outdoor amenity and open spaces,,Public footpath. english coastal path. grass . many walkers,"Thorpe, Karen",10:10,11:10,Sunny,3. Leaves and twigs in slight motion,14.0,NHMSYS0000875593,Shrill Carder Bee,Bombus sylvarum,0,1,0,0,,,Hawthorn,28/05/2023,28/05/2023,D,2023,5,28,False,21,1,2023-2024,6
274223,273242,31377178.0,iBRC31377178,RSPB Vange Marsh,RSPB Vange Marsh - S3,,2017.0,TQ731871,OSGB,100,51.55622455,0.495562932,51.55570964,0.497242311,1860.0,202.0,TQ730874,17. Dry semi/unimproved (flower rich) neutral grassland,22. Dry scrub/shrub thickets,21. Stands of tall herbs (e.g. nettle and willow-herb beds),,"Semi improved neutral grassland, cattle grazed, poor floristic diversity at present, small scattered rose, hawthorn and blackthorn scrub, areas of nettle species.",,,,"Mathers, Keelan",10:15,11:00,Sunny,1. Slight smoke drift,22.0,NHMSYS0000875593,Shrill Carder Bee,Bombus sylvarum,0,1,0,0,,,,21/06/2023,21/06/2023,D,2023,6,21,False,25,1,2023-2024,1
276259,304089,33543560.0,iBRC33543560,RSPB Rainham Marshes - Rainham West 2,RSPB Rainham Marshes - Rainham West 2 - S1,,2021.0,TQ518809,OSGB,100,51.50664776,0.185899071,51.50613221,0.187541176,2542.0,491.0,TQ515801,17. Dry semi/unimproved (flower rich) neutral grassland,25. Hedgerows,21. Stands of tall herbs (e.g. nettle and willow-herb beds),,,L12 - Transport tracks and ways,L6 - Outdoor amenity and open spaces,,"Hoare, Jerry",11:10,12:50,Sunny/Cloudy,3. Leaves and twigs in slight motion,21.0,NHMSYS0000875593,Shrill Carder Bee,Bombus sylvarum,1,1,0,0,,,,26/06/2023,26/06/2023,D,2023,6,26,False,26,2,2023-2024,47
276265,304076,33543566.0,iBRC33543566,RSPB Rainham Marshes - Rainham West 2,RSPB Rainham Marshes - Rainham West 2 - S2,,2021.0,TQ518809,OSGB,100,51.50664776,0.185899071,51.50613221,0.187541176,2542.0,545.0,TQ518804,25. Hedgerows,17. Dry semi/unimproved (flower rich) neutral grassland,21. Stands of tall herbs (e.g. nettle and willow-herb beds),25. Hedgerows,,L6 - Outdoor amenity and open spaces,L1 - Agriculture,nature reserve path through grazing marsh,"Hoare, Jerry",11:10,12:50,Sunny/Cloudy,3. Leaves and twigs in slight motion,21.0,NHMSYS0000875593,Shrill Carder Bee,Bombus sylvarum,1,1,0,0,,,,26/06/2023,26/06/2023,D,2023,6,26,False,26,2,2023-2024,47
276284,304092,33543585.0,iBRC33543585,RSPB Rainham Marshes - Rainham West 2,RSPB Rainham Marshes - Rainham West 2 - S6,,2021.0,TQ518809,OSGB,100,51.50664776,0.185899071,51.50613221,0.187541176,2542.0,596.0,TQ515813,17. Dry semi/unimproved (flower rich) neutral grassland,21. Stands of tall herbs (e.g. nettle and willow-herb beds),,,,L6 - Outdoor amenity and open spaces,L1 - Agriculture,nature reserve path through grazing marsh,"Hoare, Jerry",11:10,12:50,Sunny/Cloudy,3. Leaves and twigs in slight motion,21.0,NHMSYS0000875593,Shrill Carder Bee,Bombus sylvarum,1,0,0,0,,,,26/06/2023,26/06/2023,D,2023,6,26,False,26,1,2023-2024,47
278614,304099,34296242.0,iBRC34296242,Victory Wood Two,Victory Wood Two - S2,,2021.0,TR094620,OSGB,100,51.31855416,1.003647116,51.31800326,1.005373744,1353.0,409.0,TR098620,"32. Bare ground/woodland herb/grass mosaics of woodland rides, hedgebanks and green lanes",31. Recently felled areas/early-stage woodland and coppice,22. Dry scrub/shrub thickets,,"Wide ride habitat flanked by secondary woodland aged 15 years- composition is mixed broadleaves including oak, willow sp. ash, cherry, birch, hornbeam, Guelder rose, wild service, elder, blackthorn. crab apple, hawthorn, dogwood, amongst other species. Tall herbs line areas of the wide ride including broom and a range of flora is establishing along the ride edge. A historic agricultural drainage runs west to east, lined with more mature willow including almond willow, oak and other broadleaves. It sits in close proximity to managed grassland where arisings are cut and collected during September annually. The wide ride habitat along the transect is also cut in September in a piecemeal fashion (zone 1 sections cut on a 3-5 year rotation with pinch points left) and arisings are collected. Zone 2 and 3 areas are cut on a longer rotation, and some coppiced edges are being incorporated to support a more diverse habitat structure. The site sits on London Clay soils and can become waterlogged. The grassland is predominantly neutral becoming slightly more acidic towards the southern end. The whole area is publically accessible and forms part of the managed ride network- cut three times annually. In this section of the route, there are more open ground areas due to historic and interpretive features including a Cold War bunker and nearby links viewing platform.",L3 - Managed forest,L6 - Outdoor amenity and open spaces,"This section sits along the main ridge extending between two flanking ancient woodland habitats. This area is exposed, the site sits 2km from the North Kent coastline.","Lansdell, Emma",14:40,15:40,Cloudy,4. Dust raised and small branches move,19.0,NHMSYS0000875593,Shrill Carder Bee,Bombus sylvarum,0,1,0,0,,Hooray - bumble numbers are good and first Shrill of the year,White Clover,02/07/2023,02/07/2023,D,2023,7,2,False,26,1,2023-2024,13
280648,273243,31493193.0,iBRC31493193,"Ferry Marsh, Iwade","Ferry Marsh, Iwade - S4",,2023.0,TQ909696,OSGB,100,51.3933167,0.74257663,51.39277884,0.744277021,2483.0,288.0,TQ904696,1. Marine saltmarshes/estuaries/saline reedbeds,22. Dry scrub/shrub thickets,19. Seasonally wet and wet marshy grasslands,,base of sea wall along ditch edges . scrub bramble wet ground,L41 - Unused Land,L17 - Waterways,base of sea wall. borders scrubby area next to ditches and marsh. Ferry marsh owned by wildfowlers and managed for birds,"Thorpe, Karen",09:15,10:30,Sunny/Cloudy,"2. Wind felt on face, leaves rustle",24.0,NHMSYS0000875593,Shrill Carder Bee,Bombus sylvarum,0,4,0,0,,,Bramble,08/07/2023,08/07/2023,D,2023,7,8,False,27,4,2023-2024,6
280655,273241,31493200.0,iBRC31493200,"Ferry Marsh, Iwade","Ferry Marsh, Iwade - S5",,2023.0,TQ909696,OSGB,100,51.3933167,0.74257663,51.39277884,0.744277021,2483.0,788.0,TQ906698,1. Marine saltmarshes/estuaries/saline reedbeds,10. Fen/swamp/marsh vegetation of inland freshwater edges,22. Dry scrub/shrub thickets,14. Inland swamp/fen stands without open water (e.g. reed and sedgebeds),grass seawall bank.  scrubby area wet in winter next to ditches,L41 - Unused Land,L17 - Waterways,forms part of the base of sea wall workings next to scrub area and ditches along edge of marshland grazed by cows and ponies. Marsh managed by wildfowlers for birds,"Thorpe, Karen",09:15,10:30,Sunny/Cloudy,"2. Wind felt on face, leaves rustle",24.0,NHMSYS0000875593,Shrill Carder Bee,Bombus sylvarum,0,1,0,0,,,Bramble,08/07/2023,08/07/2023,D,2023,7,8,False,27,1,2023-2024,6
281185,273240,31548946.0,iBRC31548946,Cliffe RSPB,Cliffe RSPB - S2,,2018.0,TQ724762,OSGB,100,51.45852398,0.480151307,51.45799804,0.481824779,1657.0,908.0,TQ730766,22. Dry scrub/shrub thickets,,,,,L6 - Outdoor amenity and open spaces,,"old gravel workings, now a nature reserve","Cobb, Alan",10:30,12:30,Sunny/Cloudy,4. Dust raised and small branches move,19.0,NHMSYS0000875593,Shrill Carder Bee,Bombus sylvarum,1,0,0,0,,,Bramble,10/07/2023,10/07/2023,D,2023,7,10,False,28,1,2023-2024,28
281232,304121,33543729.0,iBRC33543729,RSPB Rainham Marshes - centre-woodland,RSPB Rainham Marshes - centre-woodland - S3,,2015.0,TQ549790,OSGB,100,51.48873644,0.229697659,51.4882181,0.231343991,2032.0,329.0,TQ549790,30. Small man-made woodlands,22. Dry scrub/shrub thickets,,,"Recently planted woodland consisting of native species (hawthorn, willow, blackthorn) contains bramble, hogweed, ground ivy, bindweed and areas of buddleia.",L6 - Outdoor amenity and open spaces,,Nature reserve,"Hoare, Jerry",11:05,12:15,Sunny,3. Leaves and twigs in slight motion,21.0,NHMSYS0000875593,Shrill Carder Bee,Bombus sylvarum,1,0,0,0,,surveyed in reverse direcion,,10/07/2023,10/07/2023,D,2023,7,10,False,28,1,2023-2024,30
285103,291943,31826234.0,iBRC31826234,Magor Marsh Reserve,Magor Marsh Reserve - S1,Monmouthshire,2015.0,ST426866,OSGB,100,51.57532869,-2.829680757,51.57486575,-2.828381396,1751.0,416.0,ST428866,10. Fen/swamp/marsh vegetation of inland freshwater edges,19. Seasonally wet and wet marshy grasslands,"24. Wet Willow scrub of fen, river and lake-side",,"Path/boardwalk alongside drainage ditch on one side with reeds, marsh vegetation; and on the other side wet meadow, with some willow scrub. ",L6 - Outdoor amenity and open spaces,L1 - Agriculture,A nature reserve with light seasonal grazing of some fields.,"Waller, Maureen",14:00,15:00,Sunny/Cloudy,3. Leaves and twigs in slight motion,18.0,NHMSYS0000875593,Shrill Carder Bee,Bombus sylvarum,0,1,0,0,,,Comfrey,19/07/2023,19/07/2023,D,2023,7,19,False,29,1,2023-2024,2
285125,291934,31826264.0,iBRC31826264,Magor Marsh Reserve,Magor Marsh Reserve - S5,Monmouthshire,2015.0,ST426866,OSGB,100,51.57532869,-2.829680757,51.57486575,-2.828381396,1751.0,379.0,ST426865,19. Seasonally wet and wet marshy grasslands,10. Fen/swamp/marsh vegetation of inland freshwater edges,,,"In part a boardwalk alongside a drainage ditch and a wet meadow rich in sedge, in part through a wet grassland meadow.",L6 - Outdoor amenity and open spaces,L1 - Agriculture,,"Waller, Maureen",14:00,15:00,Sunny/Cloudy,3. Leaves and twigs in slight motion,18.0,NHMSYS0000875593,Shrill Carder Bee,Bombus sylvarum,0,1,0,0,,,Bird's-Foot-Trefoil,19/07/2023,19/07/2023,D,2023,7,19,False,29,1,2023-2024,2
285497,304082,33419961.0,iBRC33419961,WBE,WBE - S4,,2023.0,TR074647,OSGB,100,51.34353109,0.976558127,51.34298353,0.978282785,1791.0,524.0,TR074647,22. Dry scrub/shrub thickets,19. Seasonally wet and wet marshy grasslands,,,"Old plot lands, now heavy with trees and wet seasonal wet scrub.",L41 - Unused Land,,,"Gomes, Bob",10:12,11:40,Sunny,"2. Wind felt on face, leaves rustle",20.0,NHMSYS0000875593,Shrill Carder Bee,Bombus sylvarum,0,3,0,0,nectaring on yellow mellilot,"Section 2 grazed by cattle and thistles topped, so very little forage for bees.",,20/07/2023,20/07/2023,D,2023,7,20,False,29,3,2023-2024,7
286252,291908,31814902.0,iBRC31814902,RSPB West Canvey Marsh,RSPB West Canvey Marsh - S1,South Essex,2017.0,TQ770846,OSGB,100,51.53255918,0.550504417,51.53204062,0.552189021,2681.0,339.0,TQ772843,17. Dry semi/unimproved (flower rich) neutral grassland,25. Hedgerows,,,legume rich hay meadow,L6 - Outdoor amenity and open spaces,L1 - Agriculture,"hay meadow, seasonally opened for wildflower trail walk","Hill, Andy",10:30,12:15,Sunny/Cloudy,3. Leaves and twigs in slight motion,17.0,NHMSYS0000875593,Shrill Carder Bee,Bombus sylvarum,0,1,0,0,,,Bristly Ox-tongue,21/07/2023,21/07/2023,D,2023,7,21,False,29,1,2023-2024,65
286260,291930,31814910.0,iBRC31814910,RSPB West Canvey Marsh,RSPB West Canvey Marsh - S2,South Essex,2017.0,TQ770846,OSGB,100,51.53255918,0.550504417,51.53204062,0.552189021,2681.0,480.0,TQ772843,17. Dry semi/unimproved (flower rich) neutral grassland,25. Hedgerows,,,"less flower rich, recently greenhayed meadow, aiming to improve floral diversity in management. These fields are managed for reptiles with a patchy thatch layer",L6 - Outdoor amenity and open spaces,L1 - Agriculture,,"Hill, Andy",10:30,12:15,Sunny/Cloudy,3. Leaves and twigs in slight motion,17.0,NHMSYS0000875593,Shrill Carder Bee,Bombus sylvarum,0,1,0,0,,,Spear Thistle,21/07/2023,21/07/2023,D,2023,7,21,False,29,1,2023-2024,65
286266,291924,31814913.0,iBRC31814913,RSPB West Canvey Marsh,RSPB West Canvey Marsh - S3,South Essex,2017.0,TQ770846,OSGB,100,51.53255918,0.550504417,51.53204062,0.552189021,2681.0,423.0,TQ769845,17. Dry semi/unimproved (flower rich) neutral grassland,25. Hedgerows,,,same as previous section,L6 - Outdoor amenity and open spaces,L1 - Agriculture,"same as rpevious section, though ungrazed. Gets a mixed height cut in late summer","Hill, Andy",10:30,12:15,Sunny/Cloudy,3. Leaves and twigs in slight motion,17.0,NHMSYS0000875593,Shrill Carder Bee,Bombus sylvarum,0,2,0,0,,,Spear Thistle,21/07/2023,21/07/2023,D,2023,7,21,False,29,2,2023-2024,65
286273,291932,31814923.0,iBRC31814923,RSPB West Canvey Marsh,RSPB West Canvey Marsh - S4,South Essex,2017.0,TQ770846,OSGB,100,51.53255918,0.550504417,51.53204062,0.552189021,2681.0,460.0,TQ768845,25. Hedgerows,"32. Bare ground/woodland herb/grass mosaics of woodland rides, hedgebanks and green lanes",22. Dry scrub/shrub thickets,,"footpath between lines of dense hedgerow of elder, blackthorn, bramble, hawthorn, lined with nettle species and other flowering plants",L6 - Outdoor amenity and open spaces,,footpath sides are cut throughout summer to maintain open footpath,"Hill, Andy",10:30,12:15,Sunny/Cloudy,3. Leaves and twigs in slight motion,17.0,NHMSYS0000875593,Shrill Carder Bee,Bombus sylvarum,0,0,2,0,,,Bramble,21/07/2023,21/07/2023,D,2023,7,21,False,29,2,2023-2024,65
286279,291935,31814930.0,iBRC31814930,RSPB West Canvey Marsh,RSPB West Canvey Marsh - S5,South Essex,2017.0,TQ770846,OSGB,100,51.53255918,0.550504417,51.53204062,0.552189021,2681.0,460.0,TQ764847,17. Dry semi/unimproved (flower rich) neutral grassland,22. Dry scrub/shrub thickets,1. Marine saltmarshes/estuaries/saline reedbeds,,sea wall with long vegetation and scattered scrub. Grazed by cattle.,L6 - Outdoor amenity and open spaces,,grazed by cattle. public footpath through middle,"Hill, Andy",10:30,12:15,Sunny/Cloudy,3. Leaves and twigs in slight motion,17.0,NHMSYS0000875593,Shrill Carder Bee,Bombus sylvarum,0,0,1,0,,,Bramble,21/07/2023,21/07/2023,D,2023,7,21,False,29,1,2023-2024,65
286938,304098,33544044.0,iBRC33544044,RSPB Rainham Marshes - Rainham West 2,RSPB Rainham Marshes - Rainham West 2 - S1,,2021.0,TQ518809,OSGB,100,51.50664776,0.185899071,51.50613221,0.187541176,2542.0,491.0,TQ515801,17. Dry semi/unimproved (flower rich) neutral grassland,25. Hedgerows,21. Stands of tall herbs (e.g. nettle and willow-herb beds),,,L12 - Transport tracks and ways,L6 - Outdoor amenity and open spaces,,"Hoare, Jerry",13:00,14:00,Cloudy,3. Leaves and twigs in slight motion,20.0,NHMSYS0000875593,Shrill Carder Bee,Bombus sylvarum,0,1,0,0,,,,21/07/2023,21/07/2023,D,2023,7,21,False,29,1,2023-2024,47
286957,304095,33544063.0,iBRC33544063,RSPB Rainham Marshes - Rainham West 2,RSPB Rainham Marshes - Rainham West 2 - S6,,2021.0,TQ518809,OSGB,100,51.50664776,0.185899071,51.50613221,0.187541176,2542.0,596.0,TQ515813,17. Dry semi/unimproved (flower rich) neutral grassland,21. Stands of tall herbs (e.g. nettle and willow-herb beds),,,,L6 - Outdoor amenity and open spaces,L1 - Agriculture,nature reserve path through grazing marsh,"Hoare, Jerry",13:00,14:00,Cloudy,3. Leaves and twigs in slight motion,20.0,NHMSYS0000875593,Shrill Carder Bee,Bombus sylvarum,0,2,0,0,,,,21/07/2023,21/07/2023,D,2023,7,21,False,29,2,2023-2024,47
288554,291907,32000902.0,iBRC32000902,Kenfig Castle 2,Kenfig Castle 2 - S1,Glamorgan,2022.0,SS797825,OSGB,100,51.52855609,-3.735597131,51.52809937,-3.734403967,899.0,306.0,SS800826,5. Coastal dune and sand woods,10. Fen/swamp/marsh vegetation of inland freshwater edges,,,Walk along margin of fen and scrub. This is usually the best section for shrill carder bees. Ground distubance by cattle trampling and vehicle use seem to enhance the habitat for this species.,L6 - Outdoor amenity and open spaces,L1 - Agriculture,,Mary Gallagher,12:45,14:55,Sunny,"2. Wind felt on face, leaves rustle",19.0,NHMSYS0000875593,Shrill Carder Bee,Bombus sylvarum,0,2,0,0,,,,25/07/2023,25/07/2023,D,2023,7,25,False,30,2,2023-2024,15
289132,291945,32009865.0,iBRC32009865,RSPB Bowers Marsh,RSPB Bowers Marsh - S1,South Essex,2017.0,TQ755860,OSGB,100,51.54560274,0.529598368,51.54508604,0.531281158,1715.0,383.0,TQ755867,17. Dry semi/unimproved (flower rich) neutral grassland,26. Mature broadleaved woodland,,,"Hardstanding footpath on flower rich neutral semi improved grass, seasonally mown. Flanked by hedgerow including elm, hawthorn and blackthorn. Adjacent to arable land.",L6 - Outdoor amenity and open spaces,L1 - Agriculture,,"Hill, Andy",10:00,11:25,Sunny/Cloudy,3. Leaves and twigs in slight motion,18.0,NHMSYS0000875593,Shrill Carder Bee,Bombus sylvarum,0,1,0,0,,,Knapweed,26/07/2023,26/07/2023,D,2023,7,26,False,30,1,2023-2024,15
289136,291936,32009883.0,iBRC32009883,RSPB Bowers Marsh,RSPB Bowers Marsh - S3,South Essex,2017.0,TQ755860,OSGB,100,51.54560274,0.529598368,51.54508604,0.531281158,1715.0,230.0,TQ757862,17. Dry semi/unimproved (flower rich) neutral grassland,14. Inland swamp/fen stands without open water (e.g. reed and sedgebeds),1. Marine saltmarshes/estuaries/saline reedbeds,,"Hardstanding footpath, seasonally mown, on flower rich neutral semi improved grass, surrounded by reedbed, and brackish lagoon on one side.",L6 - Outdoor amenity and open spaces,L1 - Agriculture,,"Hill, Andy",10:00,11:25,Sunny/Cloudy,3. Leaves and twigs in slight motion,18.0,NHMSYS0000875593,Shrill Carder Bee,Bombus sylvarum,0,1,0,0,,,Creeping Thistle,26/07/2023,26/07/2023,D,2023,7,26,False,30,1,2023-2024,15
289143,291916,32009890.0,iBRC32009890,RSPB Bowers Marsh,RSPB Bowers Marsh - S5,South Essex,2017.0,TQ755860,OSGB,100,51.54560274,0.529598368,51.54508604,0.531281158,1715.0,247.0,TQ758859,19. Seasonally wet and wet marshy grasslands,,,,"Neutral, semi improved, lowland wet grassland with ditches and scrapes.",L6 - Outdoor amenity and open spaces,L1 - Agriculture,,"Hill, Andy",10:00,11:25,Sunny/Cloudy,3. Leaves and twigs in slight motion,18.0,NHMSYS0000875593,Shrill Carder Bee,Bombus sylvarum,0,2,0,0,,,Spear Thistle,26/07/2023,26/07/2023,D,2023,7,26,False,30,2,2023-2024,15
289154,291938,32009879.0,iBRC32009879,RSPB Bowers Marsh 2,RSPB Bowers Marsh 2 - S2,South Essex,2017.0,TQ755860,OSGB,100,51.54560274,0.529598368,51.54508604,0.531281158,1715.0,640.0,TQ758867,17. Dry semi/unimproved (flower rich) neutral grassland,25. Hedgerows,,,"Hardstanding footpath on flower rich neutral semi improved grass, hay meadow on one side, elm hedgerow on other side. Footpath edges seasonally mown, as with section 1. Almost 2 thirds of the way along, the path is flanked by a legume rich turtle dove plot with thorny hedgerow on one side, and hedgerow and seasonally wet semi improved, neutral, ungrazed area on the other side.",L6 - Outdoor amenity and open spaces,L1 - Agriculture,,"Hill, Andy",10:00,11:25,Sunny/Cloudy,3. Leaves and twigs in slight motion,18.0,NHMSYS0000875593,Shrill Carder Bee,Bombus sylvarum,0,1,0,0,,,Creeping Thistle,26/07/2023,26/07/2023,D,2023,7,26,False,30,1,2023-2024,31
291188,291940,32118695.0,iBRC32118695,Percoed Reen/Road To Nature,Percoed Reen/Road To Nature - S3,Monmouthshire,2023.0,ST285835,OSGB,100,51.54584505,-3.032481139,51.54538137,-3.03120618,1708.0,164.0,ST283834,15. Dry semi/unimproved (flower rich) chalk/limestone grassland,22. Dry scrub/shrub thickets,,,"Unimproved meadow cut and collected in October. Shrubby thickets and bramble verges, woodland edge.",L41 - Unused Land,,Meadow reclaimed by community for nature restoration with Newport City Council support,"Colwill, Sue",12:00,14:05,Sunny/Cloudy,5. Small trees in leaf begin to sway,19.0,NHMSYS0000875593,Shrill Carder Bee,Bombus sylvarum,0,1,0,0,On Knapweed..Images sent to Helen Dickenson for ID confirmation..,,,29/07/2023,29/07/2023,D,2023,7,29,False,30,1,2023-2024,2
294621,291919,32357718.0,iBRC32357718,RSPB West Canvey Marsh,RSPB West Canvey Marsh - S2,South Essex,2017.0,TQ770846,OSGB,100,51.53255918,0.550504417,51.53204062,0.552189021,2681.0,480.0,TQ772843,17. Dry semi/unimproved (flower rich) neutral grassland,25. Hedgerows,,,"less flower rich, recently greenhayed meadow, aiming to improve floral diversity in management. These fields are managed for reptiles with a patchy thatch layer",L6 - Outdoor amenity and open spaces,L1 - Agriculture,,"Hill, Andy",11:15,13:30,Sunny/Cloudy,"2. Wind felt on face, leaves rustle",19.0,NHMSYS0000875593,Shrill Carder Bee,Bombus sylvarum,0,1,0,0,,,Red Bartsia,09/08/2023,09/08/2023,D,2023,8,9,False,32,1,2023-2024,65
294622,291922,32357715.0,iBRC32357715,RSPB West Canvey Marsh,RSPB West Canvey Marsh - S2,South Essex,2017.0,TQ770846,OSGB,100,51.53255918,0.550504417,51.53204062,0.552189021,2681.0,480.0,TQ772843,17. Dry semi/unimproved (flower rich) neutral grassland,25. Hedgerows,,,"less flower rich, recently greenhayed meadow, aiming to improve floral diversity in management. These fields are managed for reptiles with a patchy thatch layer",L6 - Outdoor amenity and open spaces,L1 - Agriculture,,"Hill, Andy",11:15,13:30,Sunny/Cloudy,"2. Wind felt on face, leaves rustle",19.0,NHMSYS0000875593,Shrill Carder Bee,Bombus sylvarum,0,3,3,0,,,Knapweed,09/08/2023,09/08/2023,D,2023,8,9,False,32,6,2023-2024,65
294623,291947,32357714.0,iBRC32357714,RSPB West Canvey Marsh,RSPB West Canvey Marsh - S2,South Essex,2017.0,TQ770846,OSGB,100,51.53255918,0.550504417,51.53204062,0.552189021,2681.0,480.0,TQ772843,17. Dry semi/unimproved (flower rich) neutral grassland,25. Hedgerows,,,"less flower rich, recently greenhayed meadow, aiming to improve floral diversity in management. These fields are managed for reptiles with a patchy thatch layer",L6 - Outdoor amenity and open spaces,L1 - Agriculture,,"Hill, Andy",11:15,13:30,Sunny/Cloudy,"2. Wind felt on face, leaves rustle",19.0,NHMSYS0000875593,Shrill Carder Bee,Bombus sylvarum,0,1,2,0,,,Spear Thistle,09/08/2023,09/08/2023,D,2023,8,9,False,32,3,2023-2024,65
294628,291921,32357722.0,iBRC32357722,RSPB West Canvey Marsh,RSPB West Canvey Marsh - S3,South Essex,2017.0,TQ770846,OSGB,100,51.53255918,0.550504417,51.53204062,0.552189021,2681.0,423.0,TQ769845,17. Dry semi/unimproved (flower rich) neutral grassland,25. Hedgerows,,,same as previous section,L6 - Outdoor amenity and open spaces,L1 - Agriculture,"same as rpevious section, though ungrazed. Gets a mixed height cut in late summer","Hill, Andy",11:15,13:30,Sunny/Cloudy,"2. Wind felt on face, leaves rustle",19.0,NHMSYS0000875593,Shrill Carder Bee,Bombus sylvarum,0,3,2,0,,,Spear Thistle,09/08/2023,09/08/2023,D,2023,8,9,False,32,5,2023-2024,65
294629,291942,32357724.0,iBRC32357724,RSPB West Canvey Marsh,RSPB West Canvey Marsh - S3,South Essex,2017.0,TQ770846,OSGB,100,51.53255918,0.550504417,51.53204062,0.552189021,2681.0,423.0,TQ769845,17. Dry semi/unimproved (flower rich) neutral grassland,25. Hedgerows,,,same as previous section,L6 - Outdoor amenity and open spaces,L1 - Agriculture,"same as rpevious section, though ungrazed. Gets a mixed height cut in late summer","Hill, Andy",11:15,13:30,Sunny/Cloudy,"2. Wind felt on face, leaves rustle",19.0,NHMSYS0000875593,Shrill Carder Bee,Bombus sylvarum,0,0,5,0,,,Common Mallow,09/08/2023,09/08/2023,D,2023,8,9,False,32,5,2023-2024,65
295009,304110,33618559.0,iBRC33618559,Cliffe RSPB,Cliffe RSPB - S2,,2018.0,TQ724762,OSGB,100,51.45852398,0.480151307,51.45799804,0.481824779,1657.0,908.0,TQ730766,22. Dry scrub/shrub thickets,,,,,L6 - Outdoor amenity and open spaces,,"old gravel workings, now a nature reserve","Cobb, Alan",10:15,12:00,Sunny,1. Slight smoke drift,24.0,NHMSYS0000875593,Shrill Carder Bee,Bombus sylvarum,0,1,0,0,Unknown flower,,,10/08/2023,10/08/2023,D,2023,8,10,False,32,1,2023-2024,28
296137,291933,32400215.0,iBRC32400215,RSPB Bowers Marsh,RSPB Bowers Marsh - S5,South Essex,2017.0,TQ755860,OSGB,100,51.54560274,0.529598368,51.54508604,0.531281158,1715.0,247.0,TQ758859,19. Seasonally wet and wet marshy grasslands,,,,"Neutral, semi improved, lowland wet grassland with ditches and scrapes.",L6 - Outdoor amenity and open spaces,L1 - Agriculture,,"Hill, Andy",10:10,10:50,Sunny/Cloudy,3. Leaves and twigs in slight motion,19.0,NHMSYS0000875593,Shrill Carder Bee,Bombus sylvarum,0,4,0,0,,,Spear Thistle,14/08/2023,14/08/2023,D,2023,8,14,False,33,4,2023-2024,15
298244,291909,32650056.0,iBRC32650056,"Riverside Country Park, Rainham","Riverside Country Park, Rainham - S3",East Kent,2011.0,TQ817676,OSGB,100,51.37837053,0.609465954,51.37783317,0.61115066,1972.0,330.0,TQ818676,15. Dry semi/unimproved (flower rich) chalk/limestone grassland,25. Hedgerows,40. Bare ground/weed communities of post-industrial sites e.g. quarries/pits/road/rail/landfill,,,L6 - Outdoor amenity and open spaces,,,"Springate, Simon",14:48,16:07,Sunny/Cloudy,1. Slight smoke drift,27.0,NHMSYS0000875593,Shrill Carder Bee,Bombus sylvarum,0,1,0,0,,,Red Bartsia,20/08/2023,20/08/2023,D,2023,8,20,False,33,1,2023-2024,18
298245,291914,32650055.0,iBRC32650055,"Riverside Country Park, Rainham","Riverside Country Park, Rainham - S3",East Kent,2011.0,TQ817676,OSGB,100,51.37837053,0.609465954,51.37783317,0.61115066,1972.0,330.0,TQ818676,15. Dry semi/unimproved (flower rich) chalk/limestone grassland,25. Hedgerows,40. Bare ground/weed communities of post-industrial sites e.g. quarries/pits/road/rail/landfill,,,L6 - Outdoor amenity and open spaces,,,"Springate, Simon",14:48,16:07,Sunny/Cloudy,1. Slight smoke drift,27.0,NHMSYS0000875593,Shrill Carder Bee,Bombus sylvarum,0,0,1,0,,,Black Knapweed,20/08/2023,20/08/2023,D,2023,8,20,False,33,1,2023-2024,18
298407,304079,33544331.0,iBRC33544331,RSPB Rainham Marshes - river wall & anthill,RSPB Rainham Marshes - river wall & anthill - S1,,2018.0,TQ542789,OSGB,100,51.48802912,0.219579778,51.48751087,0.221224931,2027.0,400.0,TQ547787,17. Dry semi/unimproved (flower rich) neutral grassland,,,,,L6 - Outdoor amenity and open spaces,,,"Hoare, Jerry",10:55,11:55,Sunny,3. Leaves and twigs in slight motion,21.0,NHMSYS0000875593,Shrill Carder Bee,Bombus sylvarum,0,3,0,0,,,,21/08/2023,21/08/2023,D,2023,8,21,False,34,3,2023-2024,64
298409,304084,33544333.0,iBRC33544333,RSPB Rainham Marshes - river wall & anthill,RSPB Rainham Marshes - river wall & anthill - S2,,2018.0,TQ542789,OSGB,100,51.48802912,0.219579778,51.48751087,0.221224931,2027.0,183.0,TQ543788,17. Dry semi/unimproved (flower rich) neutral grassland,,,,,L6 - Outdoor amenity and open spaces,,,"Hoare, Jerry",10:55,11:55,Sunny,3. Leaves and twigs in slight motion,21.0,NHMSYS0000875593,Shrill Carder Bee,Bombus sylvarum,0,1,0,1,,,,21/08/2023,21/08/2023,D,2023,8,21,False,34,2,2023-2024,64
298413,304097,33544337.0,iBRC33544337,RSPB Rainham Marshes - river wall & anthill,RSPB Rainham Marshes - river wall & anthill - S3,,2018.0,TQ542789,OSGB,100,51.48802912,0.219579778,51.48751087,0.221224931,2027.0,265.0,TQ541789,17. Dry semi/unimproved (flower rich) neutral grassland,,,,,L6 - Outdoor amenity and open spaces,,,"Hoare, Jerry",10:55,11:55,Sunny,3. Leaves and twigs in slight motion,21.0,NHMSYS0000875593,Shrill Carder Bee,Bombus sylvarum,0,1,0,0,,,,21/08/2023,21/08/2023,D,2023,8,21,False,34,1,2023-2024,64
298467,304119,33544472.0,iBRC33544472,RSPB Rainham Marshes - Rainham West 2,RSPB Rainham Marshes - Rainham West 2 - S1,,2021.0,TQ518809,OSGB,100,51.50664776,0.185899071,51.50613221,0.187541176,2542.0,491.0,TQ515801,17. Dry semi/unimproved (flower rich) neutral grassland,25. Hedgerows,21. Stands of tall herbs (e.g. nettle and willow-herb beds),,,L12 - Transport tracks and ways,L6 - Outdoor amenity and open spaces,,"Hoare, Jerry",12:35,13:30,Sunny,3. Leaves and twigs in slight motion,23.0,NHMSYS0000875593,Shrill Carder Bee,Bombus sylvarum,0,2,0,0,,"sections 2,3 & 4 have been mown /flailed to the ground for a width of 4-6m. Very few bees seen!",,21/08/2023,21/08/2023,D,2023,8,21,False,34,2,2023-2024,47
298471,304073,33544476.0,iBRC33544476,RSPB Rainham Marshes - Rainham West 2,RSPB Rainham Marshes - Rainham West 2 - S5,,2021.0,TQ518809,OSGB,100,51.50664776,0.185899071,51.50613221,0.187541176,2542.0,171.0,TQ516814,17. Dry semi/unimproved (flower rich) neutral grassland,21. Stands of tall herbs (e.g. nettle and willow-herb beds),,,,L6 - Outdoor amenity and open spaces,L1 - Agriculture,nature reserve path through grazing marsh,"Hoare, Jerry",12:35,13:30,Sunny,3. Leaves and twigs in slight motion,23.0,NHMSYS0000875593,Shrill Carder Bee,Bombus sylvarum,0,1,0,0,,"sections 2,3 & 4 have been mown /flailed to the ground for a width of 4-6m. Very few bees seen!",,21/08/2023,21/08/2023,D,2023,8,21,False,34,1,2023-2024,47
298475,304120,33544481.0,iBRC33544481,RSPB Rainham Marshes - Rainham West 2,RSPB Rainham Marshes - Rainham West 2 - S6,,2021.0,TQ518809,OSGB,100,51.50664776,0.185899071,51.50613221,0.187541176,2542.0,596.0,TQ515813,17. Dry semi/unimproved (flower rich) neutral grassland,21. Stands of tall herbs (e.g. nettle and willow-herb beds),,,,L6 - Outdoor amenity and open spaces,L1 - Agriculture,nature reserve path through grazing marsh,"Hoare, Jerry",12:35,13:30,Sunny,3. Leaves and twigs in slight motion,23.0,NHMSYS0000875593,Shrill Carder Bee,Bombus sylvarum,0,4,0,0,,"sections 2,3 & 4 have been mown /flailed to the ground for a width of 4-6m. Very few bees seen!",,21/08/2023,21/08/2023,D,2023,8,21,False,34,4,2023-2024,47
298723,304085,34297874.0,iBRC34297874,Victory Wood One,Victory Wood - S1,,2019.0,TR090624,OSGB,100,51.3222929,0.998149621,51.32174252,0.999875792,2402.0,348.0,TR086626,18. Agriculturally improved/re-seeded/heavily fertilised grassland,,,,,L6 - Outdoor amenity and open spaces,,,"Lansdell, Emma",10:50,12:30,Sunny,0. Smoke rises vertically,25.0,NHMSYS0000875593,Shrill Carder Bee,Bombus sylvarum,1,11,0,0,,"WOW - what a day, it's as if the bumbles had been waiting and waiting for the forage and weather to be just right. And how important is Red bartsia !",Red Bartsia,22/08/2023,22/08/2023,D,2023,8,22,False,34,12,2023-2024,47
298728,304102,34297876.0,iBRC34297876,Victory Wood One,Victory Wood - S2,,2019.0,TR090624,OSGB,100,51.3222929,0.998149621,51.32174252,0.999875792,2402.0,190.0,TR087627,18. Agriculturally improved/re-seeded/heavily fertilised grassland,,,,,L6 - Outdoor amenity and open spaces,,,"Lansdell, Emma",10:50,12:30,Sunny,0. Smoke rises vertically,25.0,NHMSYS0000875593,Shrill Carder Bee,Bombus sylvarum,1,7,0,0,,"WOW - what a day, it's as if the bumbles had been waiting and waiting for the forage and weather to be just right. And how important is Red bartsia !",Red Bartsia,22/08/2023,22/08/2023,D,2023,8,22,False,34,8,2023-2024,47
298735,304111,34297885.0,iBRC34297885,Victory Wood One,Victory Wood One - S3,,2019.0,TR090624,OSGB,100,51.3222929,0.998149621,51.32174252,0.999875792,2402.0,767.0,TR088626,18. Agriculturally improved/re-seeded/heavily fertilised grassland,,,,,L6 - Outdoor amenity and open spaces,,,"Lansdell, Emma",10:50,12:30,Sunny,0. Smoke rises vertically,25.0,NHMSYS0000875593,Shrill Carder Bee,Bombus sylvarum,0,21,0,0,,"WOW - what a day, it's as if the bumbles had been waiting and waiting for the forage and weather to be just right. And how important is Red bartsia !",Red Bartsia,22/08/2023,22/08/2023,D,2023,8,22,False,34,21,2023-2024,47
298739,304094,34297889.0,iBRC34297889,Victory Wood One,Victory Wood One - S4,,2019.0,TR090624,OSGB,100,51.3222929,0.998149621,51.32174252,0.999875792,2402.0,414.0,TR093620,18. Agriculturally improved/re-seeded/heavily fertilised grassland,30. Small man-made woodlands,,,,L6 - Outdoor amenity and open spaces,L3 - Managed forest,,"Lansdell, Emma",10:50,12:30,Sunny,0. Smoke rises vertically,25.0,NHMSYS0000875593,Shrill Carder Bee,Bombus sylvarum,0,1,0,0,,"WOW - what a day, it's as if the bumbles had been waiting and waiting for the forage and weather to be just right. And how important is Red bartsia !",Red Bartsia,22/08/2023,22/08/2023,D,2023,8,22,False,34,1,2023-2024,47
298961,304122,34298065.0,iBRC34298065,Victory Wood Two,Victory Wood Two - S2,,2021.0,TR094620,OSGB,100,51.31855416,1.003647116,51.31800326,1.005373744,1353.0,409.0,TR098620,"32. Bare ground/woodland herb/grass mosaics of woodland rides, hedgebanks and green lanes",31. Recently felled areas/early-stage woodland and coppice,22. Dry scrub/shrub thickets,,"Wide ride habitat flanked by secondary woodland aged 15 years- composition is mixed broadleaves including oak, willow sp. ash, cherry, birch, hornbeam, Guelder rose, wild service, elder, blackthorn. crab apple, hawthorn, dogwood, amongst other species. Tall herbs line areas of the wide ride including broom and a range of flora is establishing along the ride edge. A historic agricultural drainage runs west to east, lined with more mature willow including almond willow, oak and other broadleaves. It sits in close proximity to managed grassland where arisings are cut and collected during September annually. The wide ride habitat along the transect is also cut in September in a piecemeal fashion (zone 1 sections cut on a 3-5 year rotation with pinch points left) and arisings are collected. Zone 2 and 3 areas are cut on a longer rotation, and some coppiced edges are being incorporated to support a more diverse habitat structure. The site sits on London Clay soils and can become waterlogged. The grassland is predominantly neutral becoming slightly more acidic towards the southern end. The whole area is publically accessible and forms part of the managed ride network- cut three times annually. In this section of the route, there are more open ground areas due to historic and interpretive features including a Cold War bunker and nearby links viewing platform.",L3 - Managed forest,L6 - Outdoor amenity and open spaces,"This section sits along the main ridge extending between two flanking ancient woodland habitats. This area is exposed, the site sits 2km from the North Kent coastline.","Lansdell, Emma",14:15,15:30,Sunny,0. Smoke rises vertically,26.0,NHMSYS0000875593,Shrill Carder Bee,Bombus sylvarum,0,2,0,0,,,Red Bartsia,22/08/2023,22/08/2023,D,2023,8,22,False,34,2,2023-2024,13
298963,304118,34298066.0,iBRC34298066,Victory Wood Two,Victory Wood Two - S3,,2021.0,TR094620,OSGB,100,51.31855416,1.003647116,51.31800326,1.005373744,1353.0,343.0,TR096616,"32. Bare ground/woodland herb/grass mosaics of woodland rides, hedgebanks and green lanes",31. Recently felled areas/early-stage woodland and coppice,22. Dry scrub/shrub thickets,,"Wide ride habitat flanked by secondary woodland aged 15 years- composition is mixed broadleaves including oak, willow sp. ash, cherry, birch, hornbeam, Guelder rose, wild service, elder, blackthorn. crab apple, hawthorn, dogwood, amongst other species. Tall herbs line areas of the wide ride including broom and a range of flora is establishing along the ride edge. A historic agricultural drainage runs west to east, lined with more mature willow including almond willow, oak and other broadleaves. It sits in close proximity to managed grassland where arisings are cut and collected during September annually. The wide ride habitat along the transect is also cut in September in a piecemeal fashion (zone 1 sections cut on a 3-5 year rotation with pinch points left) and arisings are collected. Zone 2 and 3 areas are cut on a longer rotation, and some coppiced edges are being incorporated to support a more diverse habitat structure. The site sits on London Clay soils and can become waterlogged. The grassland is predominantly neutral becoming slightly more acidic towards the southern end. The whole area is publically accessible and forms part of the managed ride network- cut three times annually.",L3 - Managed forest,L6 - Outdoor amenity and open spaces,This section of the route continues along a narrow ride with steep decline towards the historic agricultural drainage ditch. As such areas of this section are more sheltered and provide useful nesting habitat (emerged Bombus sylvarum queen noted here in previous years),"Lansdell, Emma",14:15,15:30,Sunny,0. Smoke rises vertically,26.0,NHMSYS0000875593,Shrill Carder Bee,Bombus sylvarum,0,6,0,0,,,Red Bartsia,22/08/2023,22/08/2023,D,2023,8,22,False,34,6,2023-2024,13
298966,304123,34298070.0,iBRC34298070,Victory Wood Two,Victory Wood Two - S4,,2021.0,TR094620,OSGB,100,51.31855416,1.003647116,51.31800326,1.005373744,1353.0,192.0,TR093618,"32. Bare ground/woodland herb/grass mosaics of woodland rides, hedgebanks and green lanes",31. Recently felled areas/early-stage woodland and coppice,22. Dry scrub/shrub thickets,,"Wide ride habitat flanked by secondary woodland aged 15 years- composition is mixed broadleaves including oak, willow sp. ash, cherry, birch, hornbeam, Guelder rose, wild service, elder, blackthorn. crab apple, hawthorn, dogwood, amongst other species. Tall herbs line areas of the wide ride including broom and a range of flora is establishing along the ride edge. A historic agricultural drainage runs west to east and borders the whole length of this section, lined with more mature willow including almond willow, oak and other broadleaves. It sits in close proximity to managed grassland where arisings are cut and collected during September annually. The wide ride habitat along the transect is also cut in September in a piecemeal fashion (zone 1 sections cut on a 3-5 year rotation with pinch points left) and arisings are collected. Zone 2 and 3 areas are cut on a longer rotation, and some coppiced edges are being incorporated to support a more diverse habitat structure. The site sits on London Clay soils and can become waterlogged. The grassland is predominantly neutral becoming slightly more acidic towards the southern end. The whole area is publically accessible and forms part of the managed ride network- cut three times annually.",L3 - Managed forest,L6 - Outdoor amenity and open spaces,,"Lansdell, Emma",14:15,15:30,Sunny,0. Smoke rises vertically,26.0,NHMSYS0000875593,Shrill Carder Bee,Bombus sylvarum,0,4,0,0,,,Red Bartsia,22/08/2023,22/08/2023,D,2023,8,22,False,34,4,2023-2024,13
298976,291912,33133898.0,iBRC33133898,Kenfig Castle 2,Kenfig Castle 2 - S1,Glamorgan,2022.0,SS797825,OSGB,100,51.52855609,-3.735597131,51.52809937,-3.734403967,899.0,306.0,SS800826,5. Coastal dune and sand woods,10. Fen/swamp/marsh vegetation of inland freshwater edges,,,Walk along margin of fen and scrub. This is usually the best section for shrill carder bees. Ground distubance by cattle trampling and vehicle use seem to enhance the habitat for this species.,L6 - Outdoor amenity and open spaces,L1 - Agriculture,,Mary Gallagher,14:30,16:30,Sunny,1. Slight smoke drift,19.0,NHMSYS0000875593,Shrill Carder Bee,Bombus sylvarum,0,2,0,0,,,,22/08/2023,22/08/2023,D,2023,8,22,False,34,2,2023-2024,15
298980,291941,33133904.0,iBRC33133904,Kenfig Castle 2,Kenfig Castle 2 - S3,Glamorgan,2022.0,SS797825,OSGB,100,51.52855609,-3.735597131,51.52809937,-3.734403967,899.0,286.0,SS796826,4. Coastal dune and sand scrub,,,,The latter part of this section is along a track between the edge of a dune slack and a sandy south-facing dune ridge.,L6 - Outdoor amenity and open spaces,L1 - Agriculture,Nature reserve with light cattle and sheep grazing.,Mary Gallagher,14:30,16:30,Sunny,1. Slight smoke drift,19.0,NHMSYS0000875593,Shrill Carder Bee,Bombus sylvarum,0,0,2,0,within yards of each other,,,22/08/2023,22/08/2023,D,2023,8,22,False,34,2,2023-2024,15
300125,304081,33420410.0,iBRC33420410,WBE,WBE - S1,,2023.0,TR074647,OSGB,100,51.34353109,0.976558127,51.34298353,0.978282785,1791.0,266.0,TR074647,19. Seasonally wet and wet marshy grasslands,Not Set,,,SSSI Wet grassland with a small amount of scrub adjacent to reserve track flanked by reed and wide ditch,L12 - Transport tracks and ways,L17 - Waterways,,"Gomes, Bob",12:30,13:55,Sunny,3. Leaves and twigs in slight motion,22.0,NHMSYS0000875593,Shrill Carder Bee,Bombus sylvarum,0,2,0,0,,All bees in section 4 on Helminotheca echioides except for one male B. sylvarum on garden escape Michaelmas Daisy,On Birds-foot Trefoil Lotus corniculatus,26/08/2023,26/08/2023,D,2023,8,26,False,34,2,2023-2024,7
300129,304113,33420415.0,iBRC33420415,WBE,WBE - S2,,2023.0,TR074647,OSGB,100,51.34353109,0.976558127,51.34298353,0.978282785,1791.0,608.0,TR071646,19. Seasonally wet and wet marshy grasslands,,,,"SSSI Wet grassland with a small amount of scrub adjacent to reserve track flanked by reed and wide ditch, the grassland is grazed.",L1 - Agriculture,L17 - Waterways,,"Gomes, Bob",12:30,13:55,Sunny,3. Leaves and twigs in slight motion,22.0,NHMSYS0000875593,Shrill Carder Bee,Bombus sylvarum,0,2,0,0,,All bees in section 4 on Helminotheca echioides except for one male B. sylvarum on garden escape Michaelmas Daisy,1 on C.vulgare 1 on Helminotheca echioides,26/08/2023,26/08/2023,D,2023,8,26,False,34,2,2023-2024,7
300131,304100,33420420.0,iBRC33420420,WBE,WBE - S3,,2023.0,TR074647,OSGB,100,51.34353109,0.976558127,51.34298353,0.978282785,1791.0,393.0,TR072644,19. Seasonally wet and wet marshy grasslands,21. Stands of tall herbs (e.g. nettle and willow-herb beds),,,"SSSI Wet grassland with a small amount of scrub adjacent to reserve track flanked by reed and wide ditch, the grassland is grazed.",L1 - Agriculture,,,"Gomes, Bob",12:30,13:55,Sunny,3. Leaves and twigs in slight motion,22.0,NHMSYS0000875593,Shrill Carder Bee,Bombus sylvarum,0,1,0,0,,All bees in section 4 on Helminotheca echioides except for one male B. sylvarum on garden escape Michaelmas Daisy,On Pulicaria dysenterica,26/08/2023,26/08/2023,D,2023,8,26,False,34,1,2023-2024,7
300136,304101,33420618.0,iBRC33420618,WBE,WBE - S4,,2023.0,TR074647,OSGB,100,51.34353109,0.976558127,51.34298353,0.978282785,1791.0,524.0,TR074647,22. Dry scrub/shrub thickets,19. Seasonally wet and wet marshy grasslands,,,"Old plot lands, now heavy with trees and wet seasonal wet scrub.",L41 - Unused Land,,,"Gomes, Bob",12:30,13:55,Sunny,3. Leaves and twigs in slight motion,22.0,NHMSYS0000875593,Shrill Carder Bee,Bombus sylvarum,0,10,4,0,,All bees in section 4 on Helminotheca echioides except for one male B. sylvarum on garden escape Michaelmas Daisy,,26/08/2023,26/08/2023,D,2023,8,26,False,34,14,2023-2024,7
301431,304124,33303134.0,iBRC33303134,Canvey Wick Nature Reserve,Canvey Wick Nature Reserve - S1,,2018.0,TQ766833,OSGB,100,51.52100702,0.544092322,51.52048723,0.545775705,1408.0,196.0,TQ765835,,,,,,,,,Joseph Alexander,12:00,13:00,Sunny/Cloudy,3. Leaves and twigs in slight motion,15.0,NHMSYS0000875593,Shrill Carder Bee,Bombus sylvarum,0,3,0,0,,,Dandelion,31/08/2023,31/08/2023,D,2023,8,31,False,35,3,2023-2024,17
301436,304077,33303138.0,iBRC33303138,Canvey Wick Nature Reserve,Canvey Wick Nature Reserve - S2,,2018.0,TQ766833,OSGB,100,51.52100702,0.544092322,51.52048723,0.545775705,1408.0,395.0,TQ764833,,,,,,,,,Joseph Alexander,12:00,13:00,Sunny/Cloudy,3. Leaves and twigs in slight motion,15.0,NHMSYS0000875593,Shrill Carder Bee,Bombus sylvarum,0,3,0,0,,,Fennel,31/08/2023,31/08/2023,D,2023,8,31,False,35,3,2023-2024,17
301583,291917,33007243.0,iBRC33007243,Percoed Reen/Road To Nature,Percoed Reen/Road To Nature - S3,Monmouthshire,2023.0,ST285835,OSGB,100,51.54584505,-3.032481139,51.54538137,-3.03120618,1708.0,164.0,ST283834,15. Dry semi/unimproved (flower rich) chalk/limestone grassland,22. Dry scrub/shrub thickets,,,"Unimproved meadow cut and collected in October. Shrubby thickets and bramble verges, woodland edge.",L41 - Unused Land,,Meadow reclaimed by community for nature restoration with Newport City Council support,Sue Colwill,13:00,15:00,Sunny,0. Smoke rises vertically,23.0,NHMSYS0000875593,Shrill Carder Bee,Bombus sylvarum,0,3,2,0,Workers with pollen. On Knapweed,,,01/09/2023,01/09/2023,D,2023,9,1,False,35,5,2023-2024,2
301595,291929,32780913.0,iBRC32780913,RSPB Bowers Marsh,RSPB Bowers Marsh - S1,South Essex,2017.0,TQ755860,OSGB,100,51.54560274,0.529598368,51.54508604,0.531281158,1715.0,383.0,TQ755867,17. Dry semi/unimproved (flower rich) neutral grassland,26. Mature broadleaved woodland,,,"Hardstanding footpath on flower rich neutral semi improved grass, seasonally mown. Flanked by hedgerow including elm, hawthorn and blackthorn. Adjacent to arable land.",L6 - Outdoor amenity and open spaces,L1 - Agriculture,,"Hill, Andy",10:30,11:10,Sunny/Cloudy,"2. Wind felt on face, leaves rustle",20.0,NHMSYS0000875593,Shrill Carder Bee,Bombus sylvarum,0,1,0,0,,,Bristly Ox-tongue,02/09/2023,02/09/2023,D,2023,9,2,False,35,1,2023-2024,15
301597,291931,32780919.0,iBRC32780919,RSPB Bowers Marsh,RSPB Bowers Marsh - S3,South Essex,2017.0,TQ755860,OSGB,100,51.54560274,0.529598368,51.54508604,0.531281158,1715.0,230.0,TQ757862,17. Dry semi/unimproved (flower rich) neutral grassland,14. Inland swamp/fen stands without open water (e.g. reed and sedgebeds),1. Marine saltmarshes/estuaries/saline reedbeds,,"Hardstanding footpath, seasonally mown, on flower rich neutral semi improved grass, surrounded by reedbed, and brackish lagoon on one side.",L6 - Outdoor amenity and open spaces,L1 - Agriculture,,"Hill, Andy",10:30,11:10,Sunny/Cloudy,"2. Wind felt on face, leaves rustle",20.0,NHMSYS0000875593,Shrill Carder Bee,Bombus sylvarum,0,0,2,0,,,Bristly Ox-tongue,02/09/2023,02/09/2023,D,2023,9,2,False,35,2,2023-2024,15
301604,291927,32780915.0,iBRC32780915,RSPB Bowers Marsh 2,RSPB Bowers Marsh 2 - S2,South Essex,2017.0,TQ755860,OSGB,100,51.54560274,0.529598368,51.54508604,0.531281158,1715.0,640.0,TQ758867,17. Dry semi/unimproved (flower rich) neutral grassland,25. Hedgerows,,,"Hardstanding footpath on flower rich neutral semi improved grass, hay meadow on one side, elm hedgerow on other side. Footpath edges seasonally mown, as with section 1. Almost 2 thirds of the way along, the path is flanked by a legume rich turtle dove plot with thorny hedgerow on one side, and hedgerow and seasonally wet semi improved, neutral, ungrazed area on the other side.",L6 - Outdoor amenity and open spaces,L1 - Agriculture,,"Hill, Andy",10:30,11:10,Sunny/Cloudy,"2. Wind felt on face, leaves rustle",20.0,NHMSYS0000875593,Shrill Carder Bee,Bombus sylvarum,0,0,1,0,,,Bristly Ox-tongue,02/09/2023,02/09/2023,D,2023,9,2,False,35,1,2023-2024,31
301635,304106,33397647.0,iBRC33397647,South Swale - Beach,South Swale - Beach - S2,,2018.0,TR040647,OSGB,100,51.34476053,0.927808358,51.34421395,0.929527572,995.0,490.0,TR046649,"32. Bare ground/woodland herb/grass mosaics of woodland rides, hedgebanks and green lanes",14. Inland swamp/fen stands without open water (e.g. reed and sedgebeds),,,,L12 - Transport tracks and ways,L6 - Outdoor amenity and open spaces,"Saxon Shore Way, lots of different wildflowers.  Reedbed 20 m to side, below Saxon Shore Way, secondary, but might attract different insects.","Burbridge, David",12:30,13:35,Sunny,3. Leaves and twigs in slight motion,21.0,NHMSYS0000875593,Shrill Carder Bee,Bombus sylvarum,0,0,1,0,,"Ruderal stopped flying in August - they start earlier and finish earlier on this site, noticed a social media tweet saying they fly in October, not here!
Very little in flower on the beach - S1
Best habitat on the site was the bit grazed last in May, off my beewalk though, lots of fresh looking birds foot trefoil.",Hoary Ragwort,02/09/2023,02/09/2023,D,2023,9,2,False,35,1,2023-2024,9
303119,304074,33544677.0,iBRC33544677,RSPB Rainham Marshes - Rainham West 2,RSPB Rainham Marshes - Rainham West 2 - S3,,2021.0,TQ518809,OSGB,100,51.50664776,0.185899071,51.50613221,0.187541176,2542.0,488.0,TQ521809,17. Dry semi/unimproved (flower rich) neutral grassland,21. Stands of tall herbs (e.g. nettle and willow-herb beds),10. Fen/swamp/marsh vegetation of inland freshwater edges,,,L6 - Outdoor amenity and open spaces,L1 - Agriculture,nature reserve path through grazing marsh,"Hoare, Jerry",10:20,11:15,Sunny,"2. Wind felt on face, leaves rustle",27.0,NHMSYS0000875593,Shrill Carder Bee,Bombus sylvarum,0,1,0,0,,,,10/09/2023,10/09/2023,D,2023,9,10,False,36,1,2023-2024,47
303121,304075,33544679.0,iBRC33544679,RSPB Rainham Marshes - Rainham West 2,RSPB Rainham Marshes - Rainham West 2 - S4,,2021.0,TQ518809,OSGB,100,51.50664776,0.185899071,51.50613221,0.187541176,2542.0,250.0,TQ518812,17. Dry semi/unimproved (flower rich) neutral grassland,21. Stands of tall herbs (e.g. nettle and willow-herb beds),10. Fen/swamp/marsh vegetation of inland freshwater edges,,,L6 - Outdoor amenity and open spaces,L1 - Agriculture,nature reserve path through grazing marsh,"Hoare, Jerry",10:20,11:15,Sunny,"2. Wind felt on face, leaves rustle",27.0,NHMSYS0000875593,Shrill Carder Bee,Bombus sylvarum,0,2,1,1,,,,10/09/2023,10/09/2023,D,2023,9,10,False,36,4,2023-2024,47
303125,304103,33544683.0,iBRC33544683,RSPB Rainham Marshes - Rainham West 2,RSPB Rainham Marshes - Rainham West 2 - S6,,2021.0,TQ518809,OSGB,100,51.50664776,0.185899071,51.50613221,0.187541176,2542.0,596.0,TQ515813,17. Dry semi/unimproved (flower rich) neutral grassland,21. Stands of tall herbs (e.g. nettle and willow-herb beds),,,,L6 - Outdoor amenity and open spaces,L1 - Agriculture,nature reserve path through grazing marsh,"Hoare, Jerry",10:20,11:15,Sunny,"2. Wind felt on face, leaves rustle",27.0,NHMSYS0000875593,Shrill Carder Bee,Bombus sylvarum,0,2,1,0,,,,10/09/2023,10/09/2023,D,2023,9,10,False,36,3,2023-2024,47
303749,304107,33618994.0,iBRC33618994,Cliffe RSPB,Cliffe RSPB - S2,,2018.0,TQ724762,OSGB,100,51.45852398,0.480151307,51.45799804,0.481824779,1657.0,908.0,TQ730766,22. Dry scrub/shrub thickets,,,,,L6 - Outdoor amenity and open spaces,,"old gravel workings, now a nature reserve","Cobb, Alan",10:25,12:10,Sunny,"2. Wind felt on face, leaves rustle",21.0,NHMSYS0000875593,Shrill Carder Bee,Bombus sylvarum,0,1,1,0,,,Black Horehound,14/09/2023,14/09/2023,D,2023,9,14,False,37,2,2023-2024,28
303750,304117,33618997.0,iBRC33618997,Cliffe RSPB,Cliffe RSPB - S2,,2018.0,TQ724762,OSGB,100,51.45852398,0.480151307,51.45799804,0.481824779,1657.0,908.0,TQ730766,22. Dry scrub/shrub thickets,,,,,L6 - Outdoor amenity and open spaces,,"old gravel workings, now a nature reserve","Cobb, Alan",10:25,12:10,Sunny,"2. Wind felt on face, leaves rustle",21.0,NHMSYS0000875593,Shrill Carder Bee,Bombus sylvarum,0,1,0,0,,,Bristly Ox-tongue,14/09/2023,14/09/2023,D,2023,9,14,False,37,1,2023-2024,28
303780,304091,33544817.0,iBRC33544817,RSPB Rainham Marshes - centre-woodland,RSPB Rainham Marshes - centre-woodland - S3,,2015.0,TQ549790,OSGB,100,51.48873644,0.229697659,51.4882181,0.231343991,2032.0,329.0,TQ549790,30. Small man-made woodlands,22. Dry scrub/shrub thickets,,,"Recently planted woodland consisting of native species (hawthorn, willow, blackthorn) contains bramble, hogweed, ground ivy, bindweed and areas of buddleia.",L6 - Outdoor amenity and open spaces,,Nature reserve,"Hoare, Jerry",11:00,12:00,Sunny,"2. Wind felt on face, leaves rustle",19.0,NHMSYS0000875593,Shrill Carder Bee,Bombus sylvarum,0,0,1,0,,"Surveyed in reverse direction
Section 4 impassable - not surveyed",,14/09/2023,14/09/2023,D,2023,9,14,False,37,1,2023-2024,30
304095,291910,33045978.0,iBRC33045978,RSPB West Canvey Marsh,RSPB West Canvey Marsh - S2,South Essex,2017.0,TQ770846,OSGB,100,51.53255918,0.550504417,51.53204062,0.552189021,2681.0,480.0,TQ772843,17. Dry semi/unimproved (flower rich) neutral grassland,25. Hedgerows,,,"less flower rich, recently greenhayed meadow, aiming to improve floral diversity in management. These fields are managed for reptiles with a patchy thatch layer",L6 - Outdoor amenity and open spaces,L1 - Agriculture,,"Hill, Andy",10:00,11:20,Sunny/Cloudy,"2. Wind felt on face, leaves rustle",21.0,NHMSYS0000875593,Shrill Carder Bee,Bombus sylvarum,0,0,9,0,,,Bristly Ox-tongue,16/09/2023,16/09/2023,D,2023,9,16,False,37,9,2023-2024,65
304096,291918,33045977.0,iBRC33045977,RSPB West Canvey Marsh,RSPB West Canvey Marsh - S2,South Essex,2017.0,TQ770846,OSGB,100,51.53255918,0.550504417,51.53204062,0.552189021,2681.0,480.0,TQ772843,17. Dry semi/unimproved (flower rich) neutral grassland,25. Hedgerows,,,"less flower rich, recently greenhayed meadow, aiming to improve floral diversity in management. These fields are managed for reptiles with a patchy thatch layer",L6 - Outdoor amenity and open spaces,L1 - Agriculture,,"Hill, Andy",10:00,11:20,Sunny/Cloudy,"2. Wind felt on face, leaves rustle",21.0,NHMSYS0000875593,Shrill Carder Bee,Bombus sylvarum,0,0,1,0,,,Narrow-leaved Bird's-foot-trefoil,16/09/2023,16/09/2023,D,2023,9,16,False,37,1,2023-2024,65
304220,304087,34298257.0,iBRC34298257,Victory Wood One,Victory Wood - S1,,2019.0,TR090624,OSGB,100,51.3222929,0.998149621,51.32174252,0.999875792,2402.0,348.0,TR086626,18. Agriculturally improved/re-seeded/heavily fertilised grassland,,,,,L6 - Outdoor amenity and open spaces,,,"Lansdell, Emma",11:30,12:30,Cloudy,3. Leaves and twigs in slight motion,20.0,NHMSYS0000875593,Shrill Carder Bee,Bombus sylvarum,0,4,2,0,,,"Bristly Ox-tongue, Common knapweed",17/09/2023,17/09/2023,D,2023,9,17,False,37,6,2023-2024,47
304224,304125,34298260.0,iBRC34298260,Victory Wood One,Victory Wood - S2,,2019.0,TR090624,OSGB,100,51.3222929,0.998149621,51.32174252,0.999875792,2402.0,190.0,TR087627,18. Agriculturally improved/re-seeded/heavily fertilised grassland,,,,,L6 - Outdoor amenity and open spaces,,,"Lansdell, Emma",11:30,12:30,Cloudy,3. Leaves and twigs in slight motion,20.0,NHMSYS0000875593,Shrill Carder Bee,Bombus sylvarum,0,4,0,0,,,"Bristly Ox-tongue, common knapweed",17/09/2023,17/09/2023,D,2023,9,17,False,37,4,2023-2024,47
304226,304114,34298263.0,iBRC34298263,Victory Wood One,Victory Wood One - S3,,2019.0,TR090624,OSGB,100,51.3222929,0.998149621,51.32174252,0.999875792,2402.0,767.0,TR088626,18. Agriculturally improved/re-seeded/heavily fertilised grassland,,,,,L6 - Outdoor amenity and open spaces,,,"Lansdell, Emma",11:30,12:30,Cloudy,3. Leaves and twigs in slight motion,20.0,NHMSYS0000875593,Shrill Carder Bee,Bombus sylvarum,0,3,0,0,,,"Ragwort, red bartsia",17/09/2023,17/09/2023,D,2023,9,17,False,37,3,2023-2024,47
304228,304093,34298266.0,iBRC34298266,Victory Wood One,Victory Wood One - S5,,2019.0,TR090624,OSGB,100,51.3222929,0.998149621,51.32174252,0.999875792,2402.0,683.0,TR090621,18. Agriculturally improved/re-seeded/heavily fertilised grassland,25. Hedgerows,,,,L6 - Outdoor amenity and open spaces,L6 - Outdoor amenity and open spaces,,"Lansdell, Emma",11:30,12:30,Cloudy,3. Leaves and twigs in slight motion,20.0,NHMSYS0000875593,Shrill Carder Bee,Bombus sylvarum,0,0,1,0,,,Bristly Ox-tongue,17/09/2023,17/09/2023,D,2023,9,17,False,37,1,2023-2024,47
304231,304115,34298402.0,iBRC34298402,Victory Wood Two,Victory Wood Two - S1,,2021.0,TR094620,OSGB,100,51.31855416,1.003647116,51.31800326,1.005373744,1353.0,410.0,TR094620,"32. Bare ground/woodland herb/grass mosaics of woodland rides, hedgebanks and green lanes",31. Recently felled areas/early-stage woodland and coppice,22. Dry scrub/shrub thickets,,"Wide ride habitat flanked by secondary woodland aged 15 years- composition is mixed broadleaves including oak, willow sp. ash, cherry, birch, hornbeam, Guelder rose, wild service, elder, blackthorn. crab apple, hawthorn, dogwood, amongst other species. Tall herbs line areas of the wide ride including broom and a range of flora is establishing along the ride edge. A historic agricultural drainage runs west to east, lined with more mature willow including almond willow, oak and other broadleaves. It sits in close proximity to managed grassland where arisings are cut and collected during September annually. The wide ride habitat along the transect is also cut in September in a piecemeal fashion (zone 1 sections cut on a 3-5 year rotation with pinch points left) and arisings are collected. Zone 2 and 3 areas are cut on a longer rotation, and some coppiced edges are being incorporated to support a more diverse habitat structure. The site sits on London Clay soils and can become waterlogged. The grassland is predominantly neutral becoming slightly more acidic towards the southern end. The whole area is publically accessible and forms part of the managed ride network- cut three times annually.",L3 - Managed forest,L6 - Outdoor amenity and open spaces,"The ditch line does fill with water during the wetter months, and will often retain water into early summer.","Lansdell, Emma",12:15,12:50,Cloudy,4. Dust raised and small branches move,19.0,NHMSYS0000875593,Shrill Carder Bee,Bombus sylvarum,0,2,0,0,,,Red Bartsia,17/09/2023,17/09/2023,D,2023,9,17,False,37,2,2023-2024,13
304234,304105,34298404.0,iBRC34298404,Victory Wood Two,Victory Wood Two - S2,,2021.0,TR094620,OSGB,100,51.31855416,1.003647116,51.31800326,1.005373744,1353.0,409.0,TR098620,"32. Bare ground/woodland herb/grass mosaics of woodland rides, hedgebanks and green lanes",31. Recently felled areas/early-stage woodland and coppice,22. Dry scrub/shrub thickets,,"Wide ride habitat flanked by secondary woodland aged 15 years- composition is mixed broadleaves including oak, willow sp. ash, cherry, birch, hornbeam, Guelder rose, wild service, elder, blackthorn. crab apple, hawthorn, dogwood, amongst other species. Tall herbs line areas of the wide ride including broom and a range of flora is establishing along the ride edge. A historic agricultural drainage runs west to east, lined with more mature willow including almond willow, oak and other broadleaves. It sits in close proximity to managed grassland where arisings are cut and collected during September annually. The wide ride habitat along the transect is also cut in September in a piecemeal fashion (zone 1 sections cut on a 3-5 year rotation with pinch points left) and arisings are collected. Zone 2 and 3 areas are cut on a longer rotation, and some coppiced edges are being incorporated to support a more diverse habitat structure. The site sits on London Clay soils and can become waterlogged. The grassland is predominantly neutral becoming slightly more acidic towards the southern end. The whole area is publically accessible and forms part of the managed ride network- cut three times annually. In this section of the route, there are more open ground areas due to historic and interpretive features including a Cold War bunker and nearby links viewing platform.",L3 - Managed forest,L6 - Outdoor amenity and open spaces,"This section sits along the main ridge extending between two flanking ancient woodland habitats. This area is exposed, the site sits 2km from the North Kent coastline.","Lansdell, Emma",12:15,12:50,Cloudy,4. Dust raised and small branches move,19.0,NHMSYS0000875593,Shrill Carder Bee,Bombus sylvarum,0,1,0,0,,,Red Bartsia,17/09/2023,17/09/2023,D,2023,9,17,False,37,1,2023-2024,13
305042,304078,33421152.0,iBRC33421152,WBE,WBE - S1,,2023.0,TR074647,OSGB,100,51.34353109,0.976558127,51.34298353,0.978282785,1791.0,266.0,TR074647,19. Seasonally wet and wet marshy grasslands,Not Set,,,SSSI Wet grassland with a small amount of scrub adjacent to reserve track flanked by reed and wide ditch,L12 - Transport tracks and ways,L17 - Waterways,,"Gomes, Bob",10:10,11:14,Sunny/Cloudy,"2. Wind felt on face, leaves rustle",21.0,NHMSYS0000875593,Shrill Carder Bee,Bombus sylvarum,0,0,2,0,One on C.arvense and one on H.echioides,No bumblebees recorded in sections 2 and 3.,,27/09/2023,27/09/2023,D,2023,9,27,False,39,2,2023-2024,7
305045,304086,33421154.0,iBRC33421154,WBE,WBE - S4,,2023.0,TR074647,OSGB,100,51.34353109,0.976558127,51.34298353,0.978282785,1791.0,524.0,TR074647,22. Dry scrub/shrub thickets,19. Seasonally wet and wet marshy grasslands,,,"Old plot lands, now heavy with trees and wet seasonal wet scrub.",L41 - Unused Land,,,"Gomes, Bob",10:10,11:14,Sunny/Cloudy,"2. Wind felt on face, leaves rustle",21.0,NHMSYS0000875593,Shrill Carder Bee,Bombus sylvarum,0,9,1,0,,No bumblebees recorded in sections 2 and 3.,all on Helminthotheca echioides,27/09/2023,27/09/2023,D,2023,9,27,False,39,10,2023-2024,7
305347,304088,33544919.0,iBRC33544919,RSPB Rainham Marshes - river wall & anthill,RSPB Rainham Marshes - river wall & anthill - S1,,2018.0,TQ542789,OSGB,100,51.48802912,0.219579778,51.48751087,0.221224931,2027.0,400.0,TQ547787,17. Dry semi/unimproved (flower rich) neutral grassland,,,,,L6 - Outdoor amenity and open spaces,,,"Hoare, Jerry",12:30,13:15,Sunny,3. Leaves and twigs in slight motion,19.0,NHMSYS0000875593,Shrill Carder Bee,Bombus sylvarum,0,1,2,0,,,,29/09/2023,29/09/2023,D,2023,9,29,False,39,3,2023-2024,64
305348,304108,33544920.0,iBRC33544920,RSPB Rainham Marshes - river wall & anthill,RSPB Rainham Marshes - river wall & anthill - S4,,2018.0,TQ542789,OSGB,100,51.48802912,0.219579778,51.48751087,0.221224931,2027.0,88.0,TQ540791,17. Dry semi/unimproved (flower rich) neutral grassland,,,,,L6 - Outdoor amenity and open spaces,,,"Hoare, Jerry",12:30,13:15,Sunny,3. Leaves and twigs in slight motion,19.0,NHMSYS0000875593,Shrill Carder Bee,Bombus sylvarum,0,0,1,0,,,,29/09/2023,29/09/2023,D,2023,9,29,False,39,1,2023-2024,64
305657,304112,33334282.0,iBRC33334282,RSPB West Canvey Marsh,RSPB West Canvey Marsh - S2,,2017.0,TQ770846,OSGB,100,51.53255918,0.550504417,51.53204062,0.552189021,2494.0,480.0,TQ772843,17. Dry semi/unimproved (flower rich) neutral grassland,25. Hedgerows,,,"less flower rich, recently greenhayed meadow, aiming to improve floral diversity in management. These fields are managed for reptiles with a patchy thatch layer",L6 - Outdoor amenity and open spaces,L1 - Agriculture,,"Hill, Andy",10:20,11:35,Sunny/Cloudy,4. Dust raised and small branches move,18.0,NHMSYS0000875593,Shrill Carder Bee,Bombus sylvarum,0,0,4,0,,,Bristly Ox-tongue,07/10/2023,07/10/2023,D,2023,10,7,False,40,4,2023-2024,65
305661,304083,33334285.0,iBRC33334285,RSPB West Canvey Marsh,RSPB West Canvey Marsh - S4,,2017.0,TQ770846,OSGB,100,51.53255918,0.550504417,51.53204062,0.552189021,2494.0,460.0,TQ768845,25. Hedgerows,"32. Bare ground/woodland herb/grass mosaics of woodland rides, hedgebanks and green lanes",22. Dry scrub/shrub thickets,,"footpath between lines of dense hedgerow of elder, blackthorn, bramble, hawthorn, lined with nettle species and other flowering plants",L6 - Outdoor amenity and open spaces,,footpath sides are cut throughout summer to maintain open footpath,"Hill, Andy",10:20,11:35,Sunny/Cloudy,4. Dust raised and small branches move,18.0,NHMSYS0000875593,Shrill Carder Bee,Bombus sylvarum,0,0,1,0,,,Bristly Ox-tongue,07/10/2023,07/10/2023,D,2023,10,7,False,40,1,2023-2024,65
305663,304096,33334288.0,iBRC33334288,RSPB West Canvey Marsh,RSPB West Canvey Marsh - S6,,2017.0,TQ770846,OSGB,100,51.53255918,0.550504417,51.53204062,0.552189021,2494.0,519.0,TQ765849,17. Dry semi/unimproved (flower rich) neutral grassland,25. Hedgerows,"32. Bare ground/woodland herb/grass mosaics of woodland rides, hedgebanks and green lanes",,footpath flanked by hay meadow and hedgerow. nettle species and other flowering plants grow on footpath edges,L6 - Outdoor amenity and open spaces,L1 - Agriculture,footpath edges are mown periodically throughout summer to keep footpath open.,"Hill, Andy",10:20,11:35,Sunny/Cloudy,4. Dust raised and small branches move,18.0,NHMSYS0000875593,Shrill Carder Bee,Bombus sylvarum,0,0,1,0,,,Bristly Ox-tongue,07/10/2023,07/10/2023,D,2023,10,7,False,40,1,2023-2024,65
305708,304109,33334306.0,iBRC33334306,RSPB Bowers Marsh,RSPB Bowers Marsh - S3,,2017.0,TQ755860,OSGB,100,51.54560274,0.529598368,51.54508604,0.531281158,1714.0,230.0,TQ757862,17. Dry semi/unimproved (flower rich) neutral grassland,14. Inland swamp/fen stands without open water (e.g. reed and sedgebeds),1. Marine saltmarshes/estuaries/saline reedbeds,,"Hardstanding footpath, seasonally mown, on flower rich neutral semi improved grass, surrounded by reedbed, and brackish lagoon on one side.",L6 - Outdoor amenity and open spaces,L1 - Agriculture,,"Hill, Andy",12:50,13:20,Sunny/Cloudy,4. Dust raised and small branches move,22.0,NHMSYS0000875593,Shrill Carder Bee,Bombus sylvarum,0,0,1,0,,,Bristly Ox-tongue,07/10/2023,07/10/2023,D,2023,10,7,False,40,1,2023-2024,15
305709,304104,33334309.0,iBRC33334309,RSPB Bowers Marsh,RSPB Bowers Marsh - S4,,2017.0,TQ755860,OSGB,100,51.54560274,0.529598368,51.54508604,0.531281158,1714.0,215.0,TQ759861,17. Dry semi/unimproved (flower rich) neutral grassland,,,,,L6 - Outdoor amenity and open spaces,,,"Hill, Andy",12:50,13:20,Sunny/Cloudy,4. Dust raised and small branches move,22.0,NHMSYS0000875593,Shrill Carder Bee,Bombus sylvarum,0,0,1,0,,,Bristly Ox-tongue,07/10/2023,07/10/2023,D,2023,10,7,False,40,1,2023-2024,15
305710,304090,33334304.0,iBRC33334304,RSPB Bowers Marsh 2,RSPB Bowers Marsh 2 - S2,,2017.0,TQ755860,OSGB,100,51.54560274,0.529598368,51.54508604,0.531281158,1714.0,640.0,TQ758867,17. Dry semi/unimproved (flower rich) neutral grassland,25. Hedgerows,,,"Hardstanding footpath on flower rich neutral semi improved grass, hay meadow on one side, elm hedgerow on other side. Footpath edges seasonally mown, as with section 1. Almost 2 thirds of the way along, the path is flanked by a legume rich turtle dove plot with thorny hedgerow on one side, and hedgerow and seasonally wet semi improved, neutral, ungrazed area on the other side.",L6 - Outdoor amenity and open spaces,L1 - Agriculture,,"Hill, Andy",12:50,13:20,Sunny/Cloudy,4. Dust raised and small branches move,22.0,NHMSYS0000875593,Shrill Carder Bee,Bombus sylvarum,0,0,1,0,,,Bristly Ox-tongue,07/10/2023,07/10/2023,D,2023,10,7,False,40,1,2023-2024,31
306224,304126,33544997.0,iBRC33544997,RSPB Rainham Marshes - Rainham West 2,RSPB Rainham Marshes - Rainham West 2 - S2,,2021.0,TQ518809,OSGB,100,51.50664776,0.185899071,51.50613221,0.187541176,2542.0,545.0,TQ518804,25. Hedgerows,17. Dry semi/unimproved (flower rich) neutral grassland,21. Stands of tall herbs (e.g. nettle and willow-herb beds),25. Hedgerows,,L6 - Outdoor amenity and open spaces,L1 - Agriculture,nature reserve path through grazing marsh,"Hoare, Jerry",13:50,14:30,Sunny,5. Small trees in leaf begin to sway,15.0,NHMSYS0000875593,Shrill Carder Bee,Bombus sylvarum,0,0,1,0,,,,18/10/2023,18/10/2023,D,2023,10,18,False,42,1,2023-2024,47
306281,304080,33564716.0,iBRC33564716,"Alberta, Seasalter Levels","Alberta, Seasalter Levels - S2",,2016.0,TR080649,OSGB,100,51.34510792,0.985277435,51.3445604,0.987003145,2029.0,362.0,TR076649,17. Dry semi/unimproved (flower rich) neutral grassland,,,,Currently dry unimproved grassland with recent history of specific land management.,L41 - Unused Land,,,"Richardson, Sam",14:30,15:00,Sunny,1. Slight smoke drift,15.0,NHMSYS0000875593,Shrill Carder Bee,Bombus sylvarum,0,0,1,0,,,Spear Thistle,22/10/2023,22/10/2023,D,2023,10,22,False,42,1,2023-2024,10
314202,317449,35593069,iBRC35593069,RSPB Rainham Marshes - Rainham West 2,RSPB Rainham Marshes - Rainham West 2 - S4,,2021.0,TQ518809,OSGB,100,51.50664776,0.185899071,51.50613221,0.187541176,2542.0,250.0,TQ518812,17. Dry semi/unimproved (flower rich) neutral grassland,21. Stands of tall herbs (e.g. nettle and willow-herb beds),10. Fen/swamp/marsh vegetation of inland freshwater edges,,,L6 - Outdoor amenity and open spaces,L1 - Agriculture,nature reserve path through grazing marsh,"Hoare, Jerry",13:55,14:50,Sunny,"2. Wind felt on face, leaves rustle",13.0,NHMSYS0000875593,Shrill Carder Bee,Bombus sylvarum,1,0,0,0,,,,18/04/2024,18/04/2024,D,2024,4,18,False,16,1,2023-2024,47
314203,317450,36139838,iBRC36139838,Kingsdown,Kingsdown - S2,,2023.0,TQ939597,OSGB,100,51.30338753,0.780254503,51.30283866,0.781955294,1815.0,630.0,TQ937596,25. Hedgerows,38. Bare ground/weeds of arable field margins or fallow/recently abandoned arable crops,,,Pathway between arable use. Hedgerow and rough floral margin.,L1 - Agriculture,,"Farmer is keen to increase biodiversity and farms regeneratively. Reduced fertiliser use, but herbicide used in no till management.","Brookman, Amanda",15:15,16:35,Sunny/Cloudy,"2. Wind felt on face, leaves rustle",19.0,NHMSYS0000875593,Shrill Carder Bee,Bombus sylvarum,1,0,0,0,Photos checked,On White Dead-nettle,,17/05/2024,17/05/2024,D,2024,5,17,False,20,1,2023-2024,1
314205,317452,35593045,iBRC35593045,RSPB Rainham Marshes - river wall & anthill,RSPB Rainham Marshes - river wall & anthill - S1,,2018.0,TQ542789,OSGB,100,51.48802912,0.219579778,51.48751087,0.221224931,2027.0,400.0,TQ547787,17. Dry semi/unimproved (flower rich) neutral grassland,,,,,L6 - Outdoor amenity and open spaces,,,"Hoare, Jerry",12:45,13:35,Sunny/Cloudy,3. Leaves and twigs in slight motion,15.0,NHMSYS0000875593,Shrill Carder Bee,Bombus sylvarum,1,0,0,0,,,,08/04/2024,08/04/2024,D,2024,4,8,False,15,1,2023-2024,64
314206,317453,35630726,iBRC35630726,Canvey Wick Nature Reserve,Canvey Wick Nature Reserve - S3,,2018.0,TQ766833,OSGB,100,51.52100702,0.544092322,51.52048723,0.545775705,1408.0,117.0,TQ768831,,,,,,,,,"Mathers, Keelan",11:45,12:40,Sunny/Cloudy,3. Leaves and twigs in slight motion,13.0,NHMSYS0000875593,Shrill Carder Bee,Bombus sylvarum,0,0,0,1,,,,29/04/2024,29/04/2024,D,2024,4,29,False,18,1,2023-2024,17
314208,317455,35739541,iBRC35739541,"Ferry Marsh, Iwade","Ferry Marsh, Iwade - S4",,2023.0,TQ909696,OSGB,100,51.3933167,0.74257663,51.39277884,0.744277021,2764.0,288.0,TQ904696,1. Marine saltmarshes/estuaries/saline reedbeds,22. Dry scrub/shrub thickets,19. Seasonally wet and wet marshy grasslands,,base of sea wall along ditch edges . scrub bramble wet ground,L41 - Unused Land,L17 - Waterways,base of sea wall. borders scrubby area next to ditches and marsh. Ferry marsh owned by wildfowlers and managed for birds,"Thorpe, Karen",12:10,13:10,Sunny/Cloudy,"2. Wind felt on face, leaves rustle",14.0,NHMSYS0000875593,Shrill Carder Bee,Bombus sylvarum,1,0,0,0,,Under the bridge - large amounts of forage. Limited on sections 2-5. Bithynian vetch just started to flower on section 4.,Bithynian Vetch,04/05/2024,04/05/2024,D,2024,5,4,False,18,1,2023-2024,6
314209,317456,35593067,iBRC35593067,RSPB Rainham Marshes - Rainham West 2,RSPB Rainham Marshes - Rainham West 2 - S3,,2021.0,TQ518809,OSGB,100,51.50664776,0.185899071,51.50613221,0.187541176,2542.0,488.0,TQ521809,17. Dry semi/unimproved (flower rich) neutral grassland,21. Stands of tall herbs (e.g. nettle and willow-herb beds),10. Fen/swamp/marsh vegetation of inland freshwater edges,,,L6 - Outdoor amenity and open spaces,L1 - Agriculture,nature reserve path through grazing marsh,"Hoare, Jerry",13:55,14:50,Sunny,"2. Wind felt on face, leaves rustle",13.0,NHMSYS0000875593,Shrill Carder Bee,Bombus sylvarum,1,0,0,0,,,,18/04/2024,18/04/2024,D,2024,4,18,False,16,1,2023-2024,47
314210,317457,35630731,iBRC35630731,Canvey Wick Nature Reserve,Canvey Wick Nature Reserve - S5,,2018.0,TQ766833,OSGB,100,51.52100702,0.544092322,51.52048723,0.545775705,1408.0,185.0,TQ767834,,,,,,,,,"Mathers, Keelan",11:45,12:40,Sunny/Cloudy,3. Leaves and twigs in slight motion,13.0,NHMSYS0000875593,Shrill Carder Bee,Bombus sylvarum,1,0,0,0,,,,29/04/2024,29/04/2024,D,2024,4,29,False,18,1,2023-2024,17
314211,317458,35593064,iBRC35593064,RSPB Rainham Marshes - Rainham West 2,RSPB Rainham Marshes - Rainham West 2 - S2,,2021.0,TQ518809,OSGB,100,51.50664776,0.185899071,51.50613221,0.187541176,2542.0,545.0,TQ518804,25. Hedgerows,17. Dry semi/unimproved (flower rich) neutral grassland,21. Stands of tall herbs (e.g. nettle and willow-herb beds),25. Hedgerows,,L6 - Outdoor amenity and open spaces,L1 - Agriculture,nature reserve path through grazing marsh,"Hoare, Jerry",13:55,14:50,Sunny,"2. Wind felt on face, leaves rustle",13.0,NHMSYS0000875593,Shrill Carder Bee,Bombus sylvarum,1,0,0,0,,,,18/04/2024,18/04/2024,D,2024,4,18,False,16,1,2023-2024,47
314212,317459,36008267,iBRC36008267,RSPB Wallasea Island Seawall 2,RSPB Wallasea Island Seawall 2 - S1,,2019.0,TQ955945,OSGB,100,51.61536853,0.822401907,51.61485499,0.824120952,2531.0,1285.0,TQ955945,,,,,,,,,"Prior, Richard",10:30,11:50,Sunny/Cloudy,"2. Wind felt on face, leaves rustle",17.0,NHMSYS0000875593,Shrill Carder Bee,Bombus sylvarum,0,1,0,0,,,,13/05/2024,13/05/2024,D,2024,5,13,False,20,1,2023-2024,7
314213,317460,36157185,iBRC36157185,RSPB West Canvey Marsh,RSPB West Canvey Marsh - S5,,2017.0,TQ770846,OSGB,100,51.53255918,0.550504417,51.53204062,0.552189021,2494.0,273.0,TQ764847,17. Dry semi/unimproved (flower rich) neutral grassland,22. Dry scrub/shrub thickets,1. Marine saltmarshes/estuaries/saline reedbeds,,sea wall with long vegetation and scattered scrub. Grazed by cattle.,L6 - Outdoor amenity and open spaces,,grazed by cattle. public footpath through middle,"Hill, Andy",14:20,15:30,Sunny/Cloudy,"2. Wind felt on face, leaves rustle",18.0,NHMSYS0000875593,Shrill Carder Bee,Bombus sylvarum,1,0,0,0,,,Common Vetch,25/05/2024,25/05/2024,D,2024,5,25,False,21,1,2023-2024,65
320569,323816,36471677,iBRC36471677,"Faversham Road, Seasalter","Faversham Road, Seasalter - S3",,2018.0,TR061647,OSGB,100,51.34400356,0.957918917,51.34345638,0.959641493,1433.0,405.0,TR060646,17. Dry semi/unimproved (flower rich) neutral grassland,,,,"Longer, tussocky grassland along base of sea wall with shorter sward on landward side",L6 - Outdoor amenity and open spaces,,Berm of sea wall,"Forster, Nicola",0.590277778,0.634722222,Sunny/Cloudy,1. Slight smoke drift,18.0,NHMSYS0000875593,Shrill Carder Bee,Bombus sylvarum,0,1,0,0,,,,19/09/2023,19/09/2023,D,2023,9,19,False,38,1,2023-2024,7
320570,323817,36365207,iBRC36365207,Cliffe RSPB,Cliffe RSPB - S2,,2018.0,TQ724762,OSGB,100,51.45852398,0.480151307,51.45799804,0.481824779,1657.0,908.0,TQ730766,22. Dry scrub/shrub thickets,,,,,L6 - Outdoor amenity and open spaces,,"old gravel workings, now a nature reserve","Cobb, Alan",0.447916667,0.520833333,Sunny/Cloudy,1. Slight smoke drift,9.0,NHMSYS0000875593,Shrill Carder Bee,Bombus sylvarum,2,0,0,0,,,White Deadnettle,26/04/2024,26/04/2024,D,2024,4,26,False,17,2,2023-2024,28
320571,323818,36365465,iBRC36365465,Cliffe RSPB,Cliffe RSPB - S2,,2018.0,TQ724762,OSGB,100,51.45852398,0.480151307,51.45799804,0.481824779,1657.0,908.0,TQ730766,22. Dry scrub/shrub thickets,,,,,L6 - Outdoor amenity and open spaces,,"old gravel workings, now a nature reserve","Cobb, Alan",0.4375,0.506944444,Sunny,"2. Wind felt on face, leaves rustle",17.0,NHMSYS0000875593,Shrill Carder Bee,Bombus sylvarum,3,0,0,0,,,Bramble,06/06/2024,06/06/2024,D,2024,6,6,False,23,3,2023-2024,28
320572,323819,36365211,iBRC36365211,Cliffe RSPB,Cliffe RSPB - S2,,2018.0,TQ724762,OSGB,100,51.45852398,0.480151307,51.45799804,0.481824779,1657.0,908.0,TQ730766,22. Dry scrub/shrub thickets,,,,,L6 - Outdoor amenity and open spaces,,"old gravel workings, now a nature reserve","Cobb, Alan",0.447916667,0.520833333,Sunny/Cloudy,1. Slight smoke drift,9.0,NHMSYS0000875593,Shrill Carder Bee,Bombus sylvarum,1,0,0,0,Warming up,,,26/04/2024,26/04/2024,D,2024,4,26,False,17,1,2023-2024,28
320573,323820,36435272,iBRC36435272,RSPB Wallasea Island Seawall 2,RSPB Wallasea Island Seawall 2 - S1,,2019.0,TQ955945,OSGB,100,51.61536853,0.822401907,51.61485499,0.824120952,2531.0,1285.0,TQ955945,,,,,,,,,"Prior, Richard",0.479166667,0.5625,Sunny/Cloudy,1. Slight smoke drift,16.0,NHMSYS0000875593,Shrill Carder Bee,Bombus sylvarum,0,1,0,0,,,,12/06/2024,12/06/2024,D,2024,6,12,False,24,1,2023-2024,7
324231,327478,36593229,iBRC36593229,Swale Way,Swale Way - S3,,2018.0,TQ927645,OSGB,100,51.34690476,0.765654629,51.34636116,0.767355636,1116.0,372.0,TQ927643,17. Dry semi/unimproved (flower rich) neutral grassland,30. Small man-made woodlands,22. Dry scrub/shrub thickets,21. Stands of tall herbs (e.g. nettle and willow-herb beds),"Rabbit grazed grassland, with some scrub, trees and stands of tall vegetation",L6 - Outdoor amenity and open spaces,,Small park for recreational use,"Thorpe, Karen",08:30,09:40,Sunny,1. Slight smoke drift,18.0,NHMSYS0000875593,Shrill Carder Bee,Bombus sylvarum,1,0,0,0,,"Plenty of flowers for bumblebees. But no bees. 
",Greater Knapweed,23/06/2024,23/06/2024,D,2024,6,23,False,25,1,2023-2024,9
330070,333317,37450932,iBRC37450932,RSPB Bowers Marsh 2,RSPB Bowers Marsh 2 - S2,,2017.0,TQ755860,OSGB,100,51.54560274,0.529598368,51.54508604,0.531281158,1714.0,640.0,TQ758867,17. Dry semi/unimproved (flower rich) neutral grassland,25. Hedgerows,,,"Hardstanding footpath on flower rich neutral semi improved grass, hay meadow on one side, elm hedgerow on other side. Footpath edges seasonally mown, as with section 1. Almost 2 thirds of the way along, the path is flanked by a legume rich turtle dove plot with thorny hedgerow on one side, and hedgerow and seasonally wet semi improved, neutral, ungrazed area on the other side.",L6 - Outdoor amenity and open spaces,L1 - Agriculture,,"Hill, Andy",13:30,14:15,Cloudy,3. Leaves and twigs in slight motion,17.0,NHMSYS0000875593,Shrill Carder Bee,Bombus sylvarum,0,1,0,0,,,Bramble,08/07/2024,08/07/2024,D,2024,7,8,False,28,1,2023-2024,31
330071,333318,37452298,iBRC37452298,RSPB Bowers Marsh 2,RSPB Bowers Marsh 2 - S1,,2017.0,TQ755860,OSGB,100,51.54560274,0.529598368,51.54508604,0.531281158,1714.0,383.0,TQ755867,17. Dry semi/unimproved (flower rich) neutral grassland,26. Mature broadleaved woodland,,,"Hardstanding footpath on flower rich neutral semi improved grass, seasonally mown. Flanked by hedgerow including elm, hawthorn and blackthorn. Adjacent to arable land.",L6 - Outdoor amenity and open spaces,L1 - Agriculture,,"Hill, Andy",11:10,12:15,Sunny/Cloudy,3. Leaves and twigs in slight motion,21.0,NHMSYS0000875593,Shrill Carder Bee,Bombus sylvarum,0,2,0,0,,,Bristly Ox-tongue,26/07/2024,26/07/2024,D,2024,7,26,False,30,2,2023-2024,31
330072,333319,37389675,iBRC37389675,Fenn Bell Walk Grain Fort,Fenn Bell Walk Grain Fort - S1,,2021.0,TQ891766,OSGB,100,51.45678912,0.720468015,51.45625896,0.722168633,1066.0,332.0,TQ891766,22. Dry scrub/shrub thickets,21. Stands of tall herbs (e.g. nettle and willow-herb beds),31. Recently felled areas/early-stage woodland and coppice,,,L6 - Outdoor amenity and open spaces,,,"Furrents, Amy",16:44,17:20,Sunny/Cloudy,4. Dust raised and small branches move,22.0,NHMSYS0000875593,Shrill Carder Bee,Bombus sylvarum,0,1,0,0,,,Blackberry / Bramble,24/07/2024,24/07/2024,D,2024,7,24,False,30,1,2023-2024,1
330073,333320,37452308,iBRC37452308,RSPB Bowers Marsh 2,RSPB Bowers Marsh 2 - S2,,2017.0,TQ755860,OSGB,100,51.54560274,0.529598368,51.54508604,0.531281158,1714.0,640.0,TQ758867,17. Dry semi/unimproved (flower rich) neutral grassland,25. Hedgerows,,,"Hardstanding footpath on flower rich neutral semi improved grass, hay meadow on one side, elm hedgerow on other side. Footpath edges seasonally mown, as with section 1. Almost 2 thirds of the way along, the path is flanked by a legume rich turtle dove plot with thorny hedgerow on one side, and hedgerow and seasonally wet semi improved, neutral, ungrazed area on the other side.",L6 - Outdoor amenity and open spaces,L1 - Agriculture,,"Hill, Andy",11:10,12:15,Sunny/Cloudy,3. Leaves and twigs in slight motion,21.0,NHMSYS0000875593,Shrill Carder Bee,Bombus sylvarum,0,2,0,0,,,Spear Thistle,26/07/2024,26/07/2024,D,2024,7,26,False,30,2,2023-2024,31
330074,333321,37451438,iBRC37451438,RSPB West Canvey Marsh,RSPB West Canvey Marsh - S2,,2017.0,TQ770846,OSGB,100,51.53255918,0.550504417,51.53204062,0.552189021,2494.0,480.0,TQ772843,17. Dry semi/unimproved (flower rich) neutral grassland,25. Hedgerows,,,"less flower rich, recently greenhayed meadow, aiming to improve floral diversity in management. These fields are managed for reptiles with a patchy thatch layer. Cattle grazed in late summer.",L6 - Outdoor amenity and open spaces,L1 - Agriculture,,"Hill, Andy",13:05,14:45,Sunny/Cloudy,3. Leaves and twigs in slight motion,23.0,NHMSYS0000875593,Shrill Carder Bee,Bombus sylvarum,0,2,0,0,,,Red Bartsia,24/07/2024,24/07/2024,D,2024,7,24,False,30,2,2023-2024,65
330075,333322,37451452,iBRC37451452,RSPB West Canvey Marsh,RSPB West Canvey Marsh - S4,,2017.0,TQ770846,OSGB,100,51.53255918,0.550504417,51.53204062,0.552189021,2494.0,460.0,TQ768845,25. Hedgerows,"32. Bare ground/woodland herb/grass mosaics of woodland rides, hedgebanks and green lanes",22. Dry scrub/shrub thickets,,"footpath between lines of dense hedgerow of elder, blackthorn, bramble, hawthorn, lined with nettle species and other flowering plants",L6 - Outdoor amenity and open spaces,,footpath sides are cut throughout summer to maintain open footpath,"Hill, Andy",13:05,14:45,Sunny/Cloudy,3. Leaves and twigs in slight motion,23.0,NHMSYS0000875593,Shrill Carder Bee,Bombus sylvarum,0,1,0,0,,,Bramble,24/07/2024,24/07/2024,D,2024,7,24,False,30,1,2023-2024,65
330077,333324,37250333,iBRC37250333,RSPB Rainham Marshes - Rainham West 2,RSPB Rainham Marshes - Rainham West 2 - S1,,2021.0,TQ518809,OSGB,100,51.50664776,0.185899071,51.50613221,0.187541176,2542.0,491.0,TQ515801,17. Dry semi/unimproved (flower rich) neutral grassland,25. Hedgerows,21. Stands of tall herbs (e.g. nettle and willow-herb beds),,,L12 - Transport tracks and ways,L6 - Outdoor amenity and open spaces,,"Hoare, Jerry",11:00,12:15,Sunny/Cloudy,3. Leaves and twigs in slight motion,17.0,NHMSYS0000875593,Shrill Carder Bee,Bombus sylvarum,0,0,0,1,,"Section 1: lots of bramble flowers
Section 5: 50% overgrown & impassable
Section 6: 30% overgrown & impassable",,29/05/2024,29/05/2024,D,2024,5,29,False,22,1,2023-2024,47
330078,333325,37451443,iBRC37451443,RSPB West Canvey Marsh,RSPB West Canvey Marsh - S3,,2017.0,TQ770846,OSGB,100,51.53255918,0.550504417,51.53204062,0.552189021,2494.0,423.0,TQ769845,17. Dry semi/unimproved (flower rich) neutral grassland,25. Hedgerows,,,same as previous section,L6 - Outdoor amenity and open spaces,L1 - Agriculture,"same as rpevious section, though ungrazed. Gets a mixed height cut in late summer","Hill, Andy",13:05,14:45,Sunny/Cloudy,3. Leaves and twigs in slight motion,23.0,NHMSYS0000875593,Shrill Carder Bee,Bombus sylvarum,0,1,0,0,,,Bird's-Foot-Trefoil,24/07/2024,24/07/2024,D,2024,7,24,False,30,1,2023-2024,65
330079,333326,37448097,iBRC37448097,Kenfig Castle 2,Kenfig Castle 2 - S3,,2022.0,SS797825,OSGB,100,51.52855609,-3.735597131,51.52809937,-3.734403967,899.0,286.0,SS796826,4. Coastal dune and sand scrub,,,,The latter part of this section is along a track between the edge of a dune slack and a sandy south-facing dune ridge.,L6 - Outdoor amenity and open spaces,L1 - Agriculture,Nature reserve with light cattle and sheep grazing.,"Carrington, David",14:28,15:44,Sunny,"2. Wind felt on face, leaves rustle",22.0,NHMSYS0000875593,Shrill Carder Bee,Bombus sylvarum,0,6,0,0,On viper's bugloss and red bartsia flowers,"All common carder bees on total transect were worn workers. Possible that some were worn humilis/muscorum.
Survey by David and Becky Carrington.
We both struggled a bit in the heat. In cooler conditions we may have performed better!",,29/07/2024,29/07/2024,D,2024,7,29,False,31,6,2023-2024,15
330080,333327,37437681,iBRC37437681,RSPB West Canvey Marsh,RSPB West Canvey Marsh - S5,,2017.0,TQ770846,OSGB,100,51.53255918,0.550504417,51.53204062,0.552189021,2494.0,273.0,TQ764847,17. Dry semi/unimproved (flower rich) neutral grassland,22. Dry scrub/shrub thickets,1. Marine saltmarshes/estuaries/saline reedbeds,,sea wall with long vegetation and scattered scrub. Grazed by cattle.,L6 - Outdoor amenity and open spaces,,grazed by cattle. public footpath through middle,"Hill, Andy",10:30,11:45,Sunny,3. Leaves and twigs in slight motion,21.0,NHMSYS0000875593,Shrill Carder Bee,Bombus sylvarum,1,0,0,0,,,Hairy Vetchling,21/06/2024,21/06/2024,D,2024,6,21,False,25,1,2023-2024,65
330081,333328,37250659,iBRC37250659,RSPB Rainham Marshes - river wall & anthill,RSPB Rainham Marshes - river wall & anthill - S1,,2018.0,TQ542789,OSGB,100,51.48802912,0.219579778,51.48751087,0.221224931,2027.0,400.0,TQ547787,17. Dry semi/unimproved (flower rich) neutral grassland,,,,,L6 - Outdoor amenity and open spaces,,,"Hoare, Jerry",11:00,11:50,Sunny,3. Leaves and twigs in slight motion,18.0,NHMSYS0000875593,Shrill Carder Bee,Bombus sylvarum,1,0,0,0,,,,20/06/2024,20/06/2024,D,2024,6,20,False,25,1,2023-2024,64
330082,333329,37251138,iBRC37251138,RSPB Rainham Marshes - river wall & anthill,RSPB Rainham Marshes - river wall & anthill - S4,,2018.0,TQ542789,OSGB,100,51.48802912,0.219579778,51.48751087,0.221224931,2027.0,88.0,TQ540791,17. Dry semi/unimproved (flower rich) neutral grassland,,,,,L6 - Outdoor amenity and open spaces,,,"Hoare, Jerry",11:00,12:00,Sunny/Cloudy,3. Leaves and twigs in slight motion,19.0,NHMSYS0000875593,Shrill Carder Bee,Bombus sylvarum,0,2,0,0,,,,11/07/2024,11/07/2024,D,2024,7,11,False,28,2,2023-2024,64
330083,333330,37452320,iBRC37452320,RSPB Bowers Marsh 2,RSPB Bowers Marsh 2 - S3,,2017.0,TQ755860,OSGB,100,51.54560274,0.529598368,51.54508604,0.531281158,1714.0,230.0,TQ757862,17. Dry semi/unimproved (flower rich) neutral grassland,14. Inland swamp/fen stands without open water (e.g. reed and sedgebeds),1. Marine saltmarshes/estuaries/saline reedbeds,,"Hardstanding footpath, seasonally mown, on flower rich neutral semi improved grass, surrounded by reedbed, and brackish lagoon on one side.",L6 - Outdoor amenity and open spaces,L1 - Agriculture,,"Hill, Andy",11:10,12:15,Sunny/Cloudy,3. Leaves and twigs in slight motion,21.0,NHMSYS0000875593,Shrill Carder Bee,Bombus sylvarum,0,3,0,0,,,Bristly Ox-tongue,26/07/2024,26/07/2024,D,2024,7,26,False,30,3,2023-2024,31
330084,333331,37450934,iBRC37450934,RSPB Bowers Marsh 2,RSPB Bowers Marsh 2 - S2,,2017.0,TQ755860,OSGB,100,51.54560274,0.529598368,51.54508604,0.531281158,1714.0,640.0,TQ758867,17. Dry semi/unimproved (flower rich) neutral grassland,25. Hedgerows,,,"Hardstanding footpath on flower rich neutral semi improved grass, hay meadow on one side, elm hedgerow on other side. Footpath edges seasonally mown, as with section 1. Almost 2 thirds of the way along, the path is flanked by a legume rich turtle dove plot with thorny hedgerow on one side, and hedgerow and seasonally wet semi improved, neutral, ungrazed area on the other side.",L6 - Outdoor amenity and open spaces,L1 - Agriculture,,"Hill, Andy",13:30,14:15,Cloudy,3. Leaves and twigs in slight motion,17.0,NHMSYS0000875593,Shrill Carder Bee,Bombus sylvarum,0,1,0,0,,,Bird's-Foot-Trefoil,08/07/2024,08/07/2024,D,2024,7,8,False,28,1,2023-2024,31
330085,333332,37451447,iBRC37451447,RSPB West Canvey Marsh,RSPB West Canvey Marsh - S3,,2017.0,TQ770846,OSGB,100,51.53255918,0.550504417,51.53204062,0.552189021,2494.0,423.0,TQ769845,17. Dry semi/unimproved (flower rich) neutral grassland,25. Hedgerows,,,same as previous section,L6 - Outdoor amenity and open spaces,L1 - Agriculture,"same as rpevious section, though ungrazed. Gets a mixed height cut in late summer","Hill, Andy",13:05,14:45,Sunny/Cloudy,3. Leaves and twigs in slight motion,23.0,NHMSYS0000875593,Shrill Carder Bee,Bombus sylvarum,0,1,0,0,,,Mallow,24/07/2024,24/07/2024,D,2024,7,24,False,30,1,2023-2024,65
330086,333333,37052250,iBRC37052250,Crossness to Southmere Lake walk,Crossness to Southmere Lake walk - S2,,2024.0,TQ477802,OSGB,100,51.50144362,0.126573527,51.50092843,0.128208674,1308.0,428.0,TQ479800,29. Lines of trees or scattered trees of parkland,"32. Bare ground/woodland herb/grass mosaics of woodland rides, hedgebanks and green lanes",,,"Line of trees on this section of walkable trail, featuring lots of green bushes and nettles. Part of this route has an area of interest from Shrill Carder.",L6 - Outdoor amenity and open spaces,,"Start of a more secluded walk, away from the main open area. One side has lots of trees in a line, other side has fenced off area for horses. Halfway through the walk, you enter a gate which is still part of the walk to a quieter area.","Jones, Dylan",14:25,15:46,Cloudy,0. Smoke rises vertically,20.0,NHMSYS0000875593,Shrill Carder Bee,Bombus sylvarum,0,0,0,0,Wild Teasel,"Both Shrill Carder sightings were not 100% guarantees, but group decided together that it probably was seen.",,15/07/2024,15/07/2024,D,2024,7,15,False,29,0,2023-2024,4
330087,333334,37052258,iBRC37052258,Crossness to Southmere Lake walk,Crossness to Southmere Lake walk - S3,,2024.0,TQ477802,OSGB,100,51.50144362,0.126573527,51.50092843,0.128208674,1308.0,428.0,TQ481804,21. Stands of tall herbs (e.g. nettle and willow-herb beds),"32. Bare ground/woodland herb/grass mosaics of woodland rides, hedgebanks and green lanes",,,"Continuing the walkable trail, featuring lots of dead nettles, blackberry bushes and greenery. The Shrill Carder has been spotted in this section on 27/04/2024.",L6 - Outdoor amenity and open spaces,,"The walkable area is public, there are horses behind a fenced area.","Jones, Dylan",14:25,15:46,Cloudy,0. Smoke rises vertically,20.0,NHMSYS0000875593,Shrill Carder Bee,Bombus sylvarum,0,0,0,0,Wild Teasel,"Both Shrill Carder sightings were not 100% guarantees, but group decided together that it probably was seen.",,15/07/2024,15/07/2024,D,2024,7,15,False,29,0,2023-2024,4
330088,333335,37448093,iBRC37448093,Kenfig Castle 2,Kenfig Castle 2 - S1,,2022.0,SS797825,OSGB,100,51.52855609,-3.735597131,51.52809937,-3.734403967,899.0,306.0,SS800826,5. Coastal dune and sand woods,10. Fen/swamp/marsh vegetation of inland freshwater edges,,,Walk along margin of fen and scrub. This is usually the best section for shrill carder bees. Ground distubance by cattle trampling and vehicle use seem to enhance the habitat for this species.,L6 - Outdoor amenity and open spaces,L1 - Agriculture,,"Carrington, David",14:28,15:44,Sunny,"2. Wind felt on face, leaves rustle",22.0,NHMSYS0000875593,Shrill Carder Bee,Bombus sylvarum,0,3,0,0,On red bartsia flowers,"All common carder bees on total transect were worn workers. Possible that some were worn humilis/muscorum.
Survey by David and Becky Carrington.
We both struggled a bit in the heat. In cooler conditions we may have performed better!",,29/07/2024,29/07/2024,D,2024,7,29,False,31,3,2023-2024,15
330089,333336,37451435,iBRC37451435,RSPB West Canvey Marsh,RSPB West Canvey Marsh - S2,,2017.0,TQ770846,OSGB,100,51.53255918,0.550504417,51.53204062,0.552189021,2494.0,480.0,TQ772843,17. Dry semi/unimproved (flower rich) neutral grassland,25. Hedgerows,,,"less flower rich, recently greenhayed meadow, aiming to improve floral diversity in management. These fields are managed for reptiles with a patchy thatch layer. Cattle grazed in late summer.",L6 - Outdoor amenity and open spaces,L1 - Agriculture,,"Hill, Andy",13:05,14:45,Sunny/Cloudy,3. Leaves and twigs in slight motion,23.0,NHMSYS0000875593,Shrill Carder Bee,Bombus sylvarum,0,5,0,0,,,Bird's-Foot-Trefoil,24/07/2024,24/07/2024,D,2024,7,24,False,30,5,2023-2024,65
330090,333337,37269211,iBRC37269211,"Alberta, Seasalter Levels","Alberta, Seasalter Levels - S3",,2016.0,TR080649,OSGB,100,51.34510792,0.985277435,51.3445604,0.987003145,2029.0,666.0,TR078646,17. Dry semi/unimproved (flower rich) neutral grassland,,,,Currently dry unimproved grassland with recent history of specific land management.,L41 - Unused Land,,,"Richardson, Sam",14:45,15:30,Cloudy,5. Small trees in leaf begin to sway,20.0,NHMSYS0000875593,Shrill Carder Bee,Bombus sylvarum,0,0,1,0,Spear Thistle,,,22/07/2024,22/07/2024,D,2024,7,22,False,30,1,2023-2024,10
330091,333338,37451433,iBRC37451433,RSPB West Canvey Marsh,RSPB West Canvey Marsh - S1,,2017.0,TQ770846,OSGB,100,51.53255918,0.550504417,51.53204062,0.552189021,2494.0,339.0,TQ772843,17. Dry semi/unimproved (flower rich) neutral grassland,25. Hedgerows,,,legume rich hay meadow,L6 - Outdoor amenity and open spaces,L1 - Agriculture,"hay meadow, seasonally opened for wildflower trail walk","Hill, Andy",13:05,14:45,Sunny/Cloudy,3. Leaves and twigs in slight motion,23.0,NHMSYS0000875593,Shrill Carder Bee,Bombus sylvarum,0,1,0,0,,,Bird's-Foot-Trefoil,24/07/2024,24/07/2024,D,2024,7,24,False,30,1,2023-2024,65
330092,333339,37451445,iBRC37451445,RSPB West Canvey Marsh,RSPB West Canvey Marsh - S3,,2017.0,TQ770846,OSGB,100,51.53255918,0.550504417,51.53204062,0.552189021,2494.0,423.0,TQ769845,17. Dry semi/unimproved (flower rich) neutral grassland,25. Hedgerows,,,same as previous section,L6 - Outdoor amenity and open spaces,L1 - Agriculture,"same as rpevious section, though ungrazed. Gets a mixed height cut in late summer","Hill, Andy",13:05,14:45,Sunny/Cloudy,3. Leaves and twigs in slight motion,23.0,NHMSYS0000875593,Shrill Carder Bee,Bombus sylvarum,0,1,0,0,,,Spear Thistle,24/07/2024,24/07/2024,D,2024,7,24,False,30,1,2023-2024,65
330093,333340,37452303,iBRC37452303,RSPB Bowers Marsh 2,RSPB Bowers Marsh 2 - S2,,2017.0,TQ755860,OSGB,100,51.54560274,0.529598368,51.54508604,0.531281158,1714.0,640.0,TQ758867,17. Dry semi/unimproved (flower rich) neutral grassland,25. Hedgerows,,,"Hardstanding footpath on flower rich neutral semi improved grass, hay meadow on one side, elm hedgerow on other side. Footpath edges seasonally mown, as with section 1. Almost 2 thirds of the way along, the path is flanked by a legume rich turtle dove plot with thorny hedgerow on one side, and hedgerow and seasonally wet semi improved, neutral, ungrazed area on the other side.",L6 - Outdoor amenity and open spaces,L1 - Agriculture,,"Hill, Andy",11:10,12:15,Sunny/Cloudy,3. Leaves and twigs in slight motion,21.0,NHMSYS0000875593,Shrill Carder Bee,Bombus sylvarum,0,3,0,0,,,Bristly Ox-tongue,26/07/2024,26/07/2024,D,2024,7,26,False,30,3,2023-2024,31
330094,333341,36927437,iBRC36927437,Kenfig Castle 2,Kenfig Castle 2 - S3,,2022.0,SS797825,OSGB,100,51.52855609,-3.735597131,51.52809937,-3.734403967,899.0,286.0,SS796826,4. Coastal dune and sand scrub,,,,The latter part of this section is along a track between the edge of a dune slack and a sandy south-facing dune ridge.,L6 - Outdoor amenity and open spaces,L1 - Agriculture,Nature reserve with light cattle and sheep grazing.,"Gallagher, Mary",14:30,15:30,Sunny/Cloudy,3. Leaves and twigs in slight motion,20.0,NHMSYS0000875593,Shrill Carder Bee,Bombus sylvarum,1,0,0,0,,Just two bees on whole transect walk!,,10/05/2024,10/05/2024,D,2024,5,10,False,19,1,2023-2024,15
338584,341831,37961370,iBRC37961370,"Riverside Country Park, Rainham","Riverside Country Park, Rainham - S1",,2011.0,TQ817676,OSGB,100,51.37837053,0.609465954,51.37783317,0.61115066,1971.0,532.0,TQ822674,40. Bare ground/weed communities of post-industrial sites e.g. quarries/pits/road/rail/landfill,22. Dry scrub/shrub thickets,"24. Wet Willow scrub of fen, river and lake-side",,,L41 - Unused Land,L6 - Outdoor amenity and open spaces,,"Springate, Simon",14:15,15:20,Sunny,"2. Wind felt on face, leaves rustle",26.0,NHMSYS0000875593,Shrill Carder Bee,Bombus sylvarum,0,1,0,0,,,Wild Marjoram,18/08/2024,18/08/2024,D,2024,8,18,False,33,1,2023-2024,18
338585,341832,37871318,iBRC37871318,RSPB West Canvey Marsh,RSPB West Canvey Marsh - S2,,2017.0,TQ770846,OSGB,100,51.53255918,0.550504417,51.53204062,0.552189021,2494.0,480.0,TQ772843,17. Dry semi/unimproved (flower rich) neutral grassland,25. Hedgerows,,,"less flower rich, recently greenhayed meadow, aiming to improve floral diversity in management. These fields are managed for reptiles with a patchy thatch layer. Cattle grazed in late summer.",L6 - Outdoor amenity and open spaces,L1 - Agriculture,,"Hill, Andy",12:05,13:35,Sunny/Cloudy,4. Dust raised and small branches move,22.0,NHMSYS0000875593,Shrill Carder Bee,Bombus sylvarum,0,7,0,0,,,Knapweed,07/08/2024,07/08/2024,D,2024,8,7,False,32,7,2023-2024,65
338586,341833,37671355,iBRC37671355,South Swale - Beach,South Swale - Beach - S2,,2018.0,TR040647,OSGB,100,51.34476053,0.927808358,51.34421395,0.929527572,995.0,490.0,TR046649,"32. Bare ground/woodland herb/grass mosaics of woodland rides, hedgebanks and green lanes",14. Inland swamp/fen stands without open water (e.g. reed and sedgebeds),,,,L12 - Transport tracks and ways,L6 - Outdoor amenity and open spaces,"Saxon Shore Way, lots of different wildflowers.  Reedbed 20 m to side, below Saxon Shore Way, secondary, but might attract different insects.","Burbridge, David",11:15,13:00,Sunny/Cloudy,1. Slight smoke drift,20.0,NHMSYS0000875593,Shrill Carder Bee,Bombus sylvarum,0,2,0,0,,"Issue with recording form - I'll come back to flowers later if it allows 5/8/24 - 90% of bees using red clover, remainder on Vipers bugloss, birds foot trefoil and hawkweed oxtongue",,11/07/2024,11/07/2024,D,2024,7,11,False,28,2,2023-2024,9
338587,341834,37871509,iBRC37871509,Kenfig Castle 2,Kenfig Castle 2 - S3,,2022.0,SS797825,OSGB,100,51.52855609,-3.735597131,51.52809937,-3.734403967,899.0,286.0,SS796826,4. Coastal dune and sand scrub,,,,The latter part of this section is along a track between the edge of a dune slack and a sandy south-facing dune ridge.,L6 - Outdoor amenity and open spaces,L1 - Agriculture,Nature reserve with light cattle and sheep grazing.,Mary Gallagher,14:20,16:20,Sunny,3. Leaves and twigs in slight motion,24.0,NHMSYS0000875593,Shrill Carder Bee,Bombus sylvarum,0,2,0,0,,"Apologies not enough time to separate worn carders,
 Section 4 has in past years been short growth well grazed this year lots of red bartsia groundsal cattle elsewhere. The Shrills are small one very tiny.",,12/08/2024,12/08/2024,D,2024,8,12,False,33,2,2023-2024,15
338588,341835,37553991,iBRC37553991,RSPB Rainham Marshes - Rainham West 2,RSPB Rainham Marshes - Rainham West 2 - S1,,2021.0,TQ518809,OSGB,100,51.50664776,0.185899071,51.50613221,0.187541176,2542.0,491.0,TQ515801,17. Dry semi/unimproved (flower rich) neutral grassland,25. Hedgerows,21. Stands of tall herbs (e.g. nettle and willow-herb beds),,,L12 - Transport tracks and ways,L6 - Outdoor amenity and open spaces,,"Hoare, Jerry",10:50,12:00,Sunny,1. Slight smoke drift,21.0,NHMSYS0000875593,Shrill Carder Bee,Bombus sylvarum,0,2,0,0,,Sections 5 & 6 overgrown & impassable. I understand that the RSPB team intend to cut back vegetation in August.,,28/07/2024,28/07/2024,D,2024,7,28,False,30,2,2023-2024,47
338589,341836,37841806,iBRC37841806,Cliffe RSPB,Cliffe RSPB - S2,,2018.0,TQ724762,OSGB,100,51.45852398,0.480151307,51.45799804,0.481824779,1657.0,908.0,TQ730766,22. Dry scrub/shrub thickets,,,,,L6 - Outdoor amenity and open spaces,,"old gravel workings, now a nature reserve","Cobb, Alan",10:10,11:50,Sunny/Cloudy,4. Dust raised and small branches move,21.0,NHMSYS0000875593,Shrill Carder Bee,Bombus sylvarum,0,1,0,0,Unknown yellow flower,very little forage about apart from small clumps of black horehound and the yellow flower to be identified,,08/08/2024,08/08/2024,D,2024,8,8,False,32,1,2023-2024,28
338590,341837,37705467,iBRC37705467,Cliffe RSPB,Cliffe RSPB - S2,,2018.0,TQ724762,OSGB,100,51.45852398,0.480151307,51.45799804,0.481824779,1657.0,908.0,TQ730766,22. Dry scrub/shrub thickets,,,,,L6 - Outdoor amenity and open spaces,,"old gravel workings, now a nature reserve","Cobb, Alan",10:25,12:10,Sunny,"2. Wind felt on face, leaves rustle",18.0,NHMSYS0000875593,Shrill Carder Bee,Bombus sylvarum,0,1,0,0,,,Black Horehound,11/07/2024,11/07/2024,D,2024,7,11,False,28,1,2023-2024,28
338591,341838,37871314,iBRC37871314,RSPB West Canvey Marsh,RSPB West Canvey Marsh - S2,,2017.0,TQ770846,OSGB,100,51.53255918,0.550504417,51.53204062,0.552189021,2494.0,480.0,TQ772843,17. Dry semi/unimproved (flower rich) neutral grassland,25. Hedgerows,,,"less flower rich, recently greenhayed meadow, aiming to improve floral diversity in management. These fields are managed for reptiles with a patchy thatch layer. Cattle grazed in late summer.",L6 - Outdoor amenity and open spaces,L1 - Agriculture,,"Hill, Andy",12:05,13:35,Sunny/Cloudy,4. Dust raised and small branches move,22.0,NHMSYS0000875593,Shrill Carder Bee,Bombus sylvarum,0,2,0,0,,,Red Bartsia,07/08/2024,07/08/2024,D,2024,8,7,False,32,2,2023-2024,65
338593,341840,37871312,iBRC37871312,RSPB West Canvey Marsh,RSPB West Canvey Marsh - S2,,2017.0,TQ770846,OSGB,100,51.53255918,0.550504417,51.53204062,0.552189021,2494.0,480.0,TQ772843,17. Dry semi/unimproved (flower rich) neutral grassland,25. Hedgerows,,,"less flower rich, recently greenhayed meadow, aiming to improve floral diversity in management. These fields are managed for reptiles with a patchy thatch layer. Cattle grazed in late summer.",L6 - Outdoor amenity and open spaces,L1 - Agriculture,,"Hill, Andy",12:05,13:35,Sunny/Cloudy,4. Dust raised and small branches move,22.0,NHMSYS0000875593,Shrill Carder Bee,Bombus sylvarum,0,3,0,0,,,Bird's-Foot-Trefoil,07/08/2024,07/08/2024,D,2024,8,7,False,32,3,2023-2024,65
338594,341841,37985246,iBRC37985246,Crossness to Southmere Lake walk,Crossness to Southmere Lake walk - S1,,2024.0,TQ477802,OSGB,100,51.50144362,0.126573527,51.50092843,0.128208674,1308.0,486.0,TQ476802,11. Bare ground/sparse vegetation of inland freshwater edges,29. Lines of trees or scattered trees of parkland,,,"Southmere Lake, nearby where a shrill carder was spotted in 2023. Huge lake with greenery and trees nearby.",L6 - Outdoor amenity and open spaces,,Public park and open space,"Jones, Dylan",15:05,15:55,Cloudy,5. Small trees in leaf begin to sway,22.0,NHMSYS0000875593,Shrill Carder Bee,Bombus sylvarum,0,1,0,0,Thistle,,,19/08/2024,19/08/2024,D,2024,8,19,False,34,1,2023-2024,4
338595,341842,37554003,iBRC37554003,RSPB Rainham Marshes - Rainham West 2,RSPB Rainham Marshes - Rainham West 2 - S3,,2021.0,TQ518809,OSGB,100,51.50664776,0.185899071,51.50613221,0.187541176,2542.0,488.0,TQ521809,17. Dry semi/unimproved (flower rich) neutral grassland,21. Stands of tall herbs (e.g. nettle and willow-herb beds),10. Fen/swamp/marsh vegetation of inland freshwater edges,,,L6 - Outdoor amenity and open spaces,L1 - Agriculture,nature reserve path through grazing marsh,"Hoare, Jerry",10:50,12:00,Sunny,1. Slight smoke drift,21.0,NHMSYS0000875593,Shrill Carder Bee,Bombus sylvarum,0,7,0,1,,Sections 5 & 6 overgrown & impassable. I understand that the RSPB team intend to cut back vegetation in August.,,28/07/2024,28/07/2024,D,2024,7,28,False,30,8,2023-2024,47
338596,341843,38157162,iBRC38157162,Wetham Green to Coast,Wetham Green to Coast - S5,,2024.0,TQ843679,OSGB,100,51.38022772,0.646938441,51.37968995,0.648627462,2082.0,514.0,TQ849691,1. Marine saltmarshes/estuaries/saline reedbeds,25. Hedgerows,17. Dry semi/unimproved (flower rich) neutral grassland,,"Manmade grass bank - Saxon Shoreway with sections of wildflowers e.g. red dead nettle, sea purslane, golden samphire, bristly oxtongue, common chickweed, sea beet, musk mallow, must stork'sbill, ground ivy, cut leaved crane's-bill in grassy verges.",L6 - Outdoor amenity and open spaces,,Saxon Shoreway,"Marshall, Clare",13:50,16:00,Sunny/Cloudy,"2. Wind felt on face, leaves rustle",22.0,NHMSYS0000875593,Shrill Carder Bee,Bombus sylvarum,0,1,0,0,on black horehound,"7 bumblebees currently being checked either garden or ruderal, several were black. These have not been added yet.  Note most activity was in two small areas towards the end of S5. 
Since this beewalk I have reported on iRecord Shrill Carder bees at Elmley Nature Reserve (across the Swale) and in Seasalter which is the next town along from my bee walk.",,16/08/2024,16/08/2024,D,2024,8,16,False,33,1,2023-2024,1
338597,341844,37871307,iBRC37871307,RSPB West Canvey Marsh,RSPB West Canvey Marsh - S1,,2017.0,TQ770846,OSGB,100,51.53255918,0.550504417,51.53204062,0.552189021,2494.0,339.0,TQ772843,17. Dry semi/unimproved (flower rich) neutral grassland,25. Hedgerows,,,legume rich hay meadow,L6 - Outdoor amenity and open spaces,L1 - Agriculture,"hay meadow, seasonally opened for wildflower trail walk","Hill, Andy",12:05,13:35,Sunny/Cloudy,4. Dust raised and small branches move,22.0,NHMSYS0000875593,Shrill Carder Bee,Bombus sylvarum,0,1,0,0,,,Bristly Ox-tongue,07/08/2024,07/08/2024,D,2024,8,7,False,32,1,2023-2024,65
338598,341845,37871515,iBRC37871515,Kenfig Castle 2,Kenfig Castle 2 - S4,,2022.0,SS797825,OSGB,100,51.52855609,-3.735597131,51.52809937,-3.734403967,899.0,207.0,SS794826,2. Coastal dune grassland,,,,Open grassland on south side of dune ridge. There's no clear path for much of this section. It ends when the section reaches section 3 walked earlier.,L6 - Outdoor amenity and open spaces,L1 - Agriculture,Open dune landscape with light sheep and cattle grazing.,Mary Gallagher,14:20,16:20,Sunny,3. Leaves and twigs in slight motion,24.0,NHMSYS0000875593,Shrill Carder Bee,Bombus sylvarum,0,1,0,0,,"Apologies not enough time to separate worn carders,
 Section 4 has in past years been short growth well grazed this year lots of red bartsia groundsal cattle elsewhere. The Shrills are small one very tiny.",,12/08/2024,12/08/2024,D,2024,8,12,False,33,1,2023-2024,15
338599,341846,37841801,iBRC37841801,Cliffe RSPB,Cliffe RSPB - S2,,2018.0,TQ724762,OSGB,100,51.45852398,0.480151307,51.45799804,0.481824779,1657.0,908.0,TQ730766,22. Dry scrub/shrub thickets,,,,,L6 - Outdoor amenity and open spaces,,"old gravel workings, now a nature reserve","Cobb, Alan",10:10,11:50,Sunny/Cloudy,4. Dust raised and small branches move,21.0,NHMSYS0000875593,Shrill Carder Bee,Bombus sylvarum,0,2,0,0,,very little forage about apart from small clumps of black horehound and the yellow flower to be identified,Black Horehound,08/08/2024,08/08/2024,D,2024,8,8,False,32,2,2023-2024,28
338600,341847,37572265,iBRC37572265,Hendre Lake park,Hendre Lake park - S3,,2024.0,ST246805,OSGB,100,51.51836727,-3.088068274,51.51790111,-3.086800652,2407.0,336.0,ST247805,"32. Bare ground/woodland herb/grass mosaics of woodland rides, hedgebanks and green lanes",21. Stands of tall herbs (e.g. nettle and willow-herb beds),17. Dry semi/unimproved (flower rich) neutral grassland,,"footpath over the reen bridge, following south bank of lake, dominated by bramble banks, and stands of willowherb. enclosed in patches with Elder treees and  blackthor bushes. occasional patches of grassland that include kanpweed, thistles and hedgewoundwort.",L6 - Outdoor amenity and open spaces,L17 - Waterways,lakeside amenity path with fishing spots. lake is used to drain the SSSI and leads directly to outfall reend leading to  Bristol channel.,"Bucher-Flynn, Tom",11:05,12:40,Sunny,3. Leaves and twigs in slight motion,21.0,NHMSYS0000875593,Shrill Carder Bee,Bombus sylvarum,0,0,0,1,,,Common Knapweed,26/07/2024,26/07/2024,D,2024,7,26,False,30,1,2023-2024,4
338601,341848,37553996,iBRC37553996,RSPB Rainham Marshes - Rainham West 2,RSPB Rainham Marshes - Rainham West 2 - S2,,2021.0,TQ518809,OSGB,100,51.50664776,0.185899071,51.50613221,0.187541176,2542.0,545.0,TQ518804,25. Hedgerows,17. Dry semi/unimproved (flower rich) neutral grassland,21. Stands of tall herbs (e.g. nettle and willow-herb beds),25. Hedgerows,,L6 - Outdoor amenity and open spaces,L1 - Agriculture,nature reserve path through grazing marsh,"Hoare, Jerry",10:50,12:00,Sunny,1. Slight smoke drift,21.0,NHMSYS0000875593,Shrill Carder Bee,Bombus sylvarum,0,4,0,0,,Sections 5 & 6 overgrown & impassable. I understand that the RSPB team intend to cut back vegetation in August.,,28/07/2024,28/07/2024,D,2024,7,28,False,30,4,2023-2024,47
338602,341849,38224909,iBRC38224909,"Ferry Marsh, Iwade","Ferry Marsh, Iwade - S1",,2023.0,TQ909696,OSGB,100,51.3933167,0.74257663,51.39277884,0.744277021,2764.0,332.0,TQ911691,40. Bare ground/weed communities of post-industrial sites e.g. quarries/pits/road/rail/landfill,21. Stands of tall herbs (e.g. nettle and willow-herb beds),10. Fen/swamp/marsh vegetation of inland freshwater edges,"32. Bare ground/woodland herb/grass mosaics of woodland rides, hedgebanks and green lanes","Road edge under bridge with scrub and fly tipping - nettle, comfrey, bramble, dandelion, white/red dead nettle, black horehound
Cross road - edge of ditch (marshy - reed and sedge) , scrubby and roadside weeds
Go into car park and walk along edge - usual car park weeds on a bank going down to scrub ie nettle, bramble, black horehound, white dead nettle etc and ending in marshy reedy ditch",L12 - Transport tracks and ways,L14 - Car parks,Road edge going into a car park,"Thorpe, Karen",09:30,10:48,Sunny,1. Slight smoke drift,18.0,NHMSYS0000875593,Shrill Carder Bee,Bombus sylvarum,0,1,0,0,,"Sea wall top, land ward side and berm cut last week. Most flower gone. Gas works under bridge much habitat disturbance.",Black Horehound,17/08/2024,17/08/2024,D,2024,8,17,False,33,1,2023-2024,6
338603,341850,38225242,iBRC38225242,Lower Halstow Old Brickfields,Lower Halstow Old Brickfields - S1,,2019.0,TQ859674,OSGB,100,51.37521549,0.669641784,51.37467677,0.671333157,1384.0,176.0,TQ859674,40. Bare ground/weed communities of post-industrial sites e.g. quarries/pits/road/rail/landfill,22. Dry scrub/shrub thickets,,,,L6 - Outdoor amenity and open spaces,,Old dock area of the Brickfields. The Saxon Shore goes along this path.,"Thorpe, Karen",10:30,11:40,Sunny,3. Leaves and twigs in slight motion,17.0,NHMSYS0000875593,Shrill Carder Bee,Bombus sylvarum,0,1,0,0,,Sea wall top and side cut by EA..,Red Bartsia,25/08/2024,25/08/2024,D,2024,8,25,False,34,1,2023-2024,1
338605,341852,37985248,iBRC37985248,Crossness to Southmere Lake walk,Crossness to Southmere Lake walk - S1,,2024.0,TQ477802,OSGB,100,51.50144362,0.126573527,51.50092843,0.128208674,1308.0,486.0,TQ476802,11. Bare ground/sparse vegetation of inland freshwater edges,29. Lines of trees or scattered trees of parkland,,,"Southmere Lake, nearby where a shrill carder was spotted in 2023. Huge lake with greenery and trees nearby.",L6 - Outdoor amenity and open spaces,,Public park and open space,"Jones, Dylan",15:05,15:55,Cloudy,5. Small trees in leaf begin to sway,22.0,NHMSYS0000875593,Shrill Carder Bee,Bombus sylvarum,0,1,0,0,Purple Loosestrife,,,19/08/2024,19/08/2024,D,2024,8,19,False,34,1,2023-2024,4
338606,341853,37871506,iBRC37871506,Kenfig Castle 2,Kenfig Castle 2 - S2,,2022.0,SS797825,OSGB,100,51.52855609,-3.735597131,51.52809937,-3.734403967,899.0,100.0,SS797826,5. Coastal dune and sand woods,4. Coastal dune and sand scrub,,,"Sandy track through willow, birch and hawthorn.",L6 - Outdoor amenity and open spaces,L1 - Agriculture,,Mary Gallagher,14:20,16:20,Sunny,3. Leaves and twigs in slight motion,24.0,NHMSYS0000875593,Shrill Carder Bee,Bombus sylvarum,0,1,0,0,the smallest shrill i have ever seen,"Apologies not enough time to separate worn carders,
 Section 4 has in past years been short growth well grazed this year lots of red bartsia groundsal cattle elsewhere. The Shrills are small one very tiny.",,12/08/2024,12/08/2024,D,2024,8,12,False,33,1,2023-2024,15
338607,341854,38082745,iBRC38082745,Fenn Bell Walk Seaview Meadow,Fenn Bell Walk Seaview Meadow - S2,,2021.0,TQ890762,OSGB,100,51.45322992,0.718816822,51.45269939,0.7205171,1024.0,198.0,TQ890762,26. Mature broadleaved woodland,25. Hedgerows,,,"Mixed broadleaf woodland, with a high percentage of willow, birch, hawthorn also, swathes of hedgerow surround public pathways.",L3 - Managed forest,,,"Furrents, Amy",15:28,16:31,Sunny/Cloudy,4. Dust raised and small branches move,21.0,NHMSYS0000875593,Shrill Carder Bee,Bombus sylvarum,0,0,2,0,,,Common Fleabane,21/08/2024,21/08/2024,D,2024,8,21,False,34,2,2023-2024,1
338608,341855,37871331,iBRC37871331,RSPB West Canvey Marsh,RSPB West Canvey Marsh - S4,,2017.0,TQ770846,OSGB,100,51.53255918,0.550504417,51.53204062,0.552189021,2494.0,460.0,TQ768845,25. Hedgerows,"32. Bare ground/woodland herb/grass mosaics of woodland rides, hedgebanks and green lanes",22. Dry scrub/shrub thickets,,"footpath between lines of dense hedgerow of elder, blackthorn, bramble, hawthorn, lined with nettle species and other flowering plants",L6 - Outdoor amenity and open spaces,,footpath sides are cut throughout summer to maintain open footpath,"Hill, Andy",12:05,13:35,Sunny/Cloudy,4. Dust raised and small branches move,22.0,NHMSYS0000875593,Shrill Carder Bee,Bombus sylvarum,0,1,0,0,,,Bramble,07/08/2024,07/08/2024,D,2024,8,7,False,32,1,2023-2024,65
338609,341856,38176424,iBRC38176424,Kenfig Castle 2,Kenfig Castle 2 - S3,,2022.0,SS797825,OSGB,100,51.52855609,-3.735597131,51.52809937,-3.734403967,899.0,286.0,SS796826,4. Coastal dune and sand scrub,,,,The latter part of this section is along a track between the edge of a dune slack and a sandy south-facing dune ridge.,L6 - Outdoor amenity and open spaces,L1 - Agriculture,Nature reserve with light cattle and sheep grazing.,"Bucher-Flynn, Tom",16:15,17:05,Sunny,3. Leaves and twigs in slight motion,21.0,NHMSYS0000875593,Shrill Carder Bee,Bombus sylvarum,0,2,0,0,,,Bramble,29/06/2024,29/06/2024,D,2024,6,29,False,26,2,2023-2024,15
338610,341857,37554110,iBRC37554110,RSPB Rainham Marshes - Rainham West 2,RSPB Rainham Marshes - Rainham West 2 - S4,,2021.0,TQ518809,OSGB,100,51.50664776,0.185899071,51.50613221,0.187541176,2542.0,250.0,TQ518812,17. Dry semi/unimproved (flower rich) neutral grassland,21. Stands of tall herbs (e.g. nettle and willow-herb beds),10. Fen/swamp/marsh vegetation of inland freshwater edges,,,L6 - Outdoor amenity and open spaces,L1 - Agriculture,nature reserve path through grazing marsh,"Hoare, Jerry",10:50,12:00,Sunny,1. Slight smoke drift,21.0,NHMSYS0000875593,Shrill Carder Bee,Bombus sylvarum,0,1,0,0,,Sections 5 & 6 overgrown & impassable. I understand that the RSPB team intend to cut back vegetation in August.,,28/07/2024,28/07/2024,D,2024,7,28,False,30,1,2023-2024,47
338611,341858,37871320,iBRC37871320,RSPB West Canvey Marsh,RSPB West Canvey Marsh - S3,,2017.0,TQ770846,OSGB,100,51.53255918,0.550504417,51.53204062,0.552189021,2494.0,423.0,TQ769845,17. Dry semi/unimproved (flower rich) neutral grassland,25. Hedgerows,,,same as previous section,L6 - Outdoor amenity and open spaces,L1 - Agriculture,"same as rpevious section, though ungrazed. Gets a mixed height cut in late summer","Hill, Andy",12:05,13:35,Sunny/Cloudy,4. Dust raised and small branches move,22.0,NHMSYS0000875593,Shrill Carder Bee,Bombus sylvarum,0,1,0,0,,,Bristly Ox-tongue,07/08/2024,07/08/2024,D,2024,8,7,False,32,1,2023-2024,65
338612,341859,37870762,iBRC37870762,Kenfig Castle 2,Kenfig Castle 2 - S1,,2022.0,SS797825,OSGB,100,51.52855609,-3.735597131,51.52809937,-3.734403967,899.0,306.0,SS800826,5. Coastal dune and sand woods,10. Fen/swamp/marsh vegetation of inland freshwater edges,,,Walk along margin of fen and scrub. This is usually the best section for shrill carder bees. Ground distubance by cattle trampling and vehicle use seem to enhance the habitat for this species.,L6 - Outdoor amenity and open spaces,L1 - Agriculture,,Mary Gallagher,14:20,16:20,Sunny,3. Leaves and twigs in slight motion,24.0,NHMSYS0000875593,Shrill Carder Bee,Bombus sylvarum,0,1,2,0,,"Apologies not enough time to separate worn carders,
 Section 4 has in past years been short growth well grazed this year lots of red bartsia groundsal cattle elsewhere. The Shrills are small one very tiny.",,12/08/2024,12/08/2024,D,2024,8,12,False,33,3,2023-2024,15
338613,341860,38174959,iBRC38174959,Hendre Lake park,Hendre Lake park - S1,,2024.0,ST246805,OSGB,100,51.51836727,-3.088068274,51.51790111,-3.086800652,2407.0,340.0,ST246808,17. Dry semi/unimproved (flower rich) neutral grassland,"32. Bare ground/woodland herb/grass mosaics of woodland rides, hedgebanks and green lanes",,,"old field succeeding from tusscoky grassland with scruby edges with  bramble banks, occasional oaks and other scrub mosaic some small areas of seasonly wet ground with marsh thistle, rush. birds foot ttefoil knapweed, common fleabane. Tesal and tormentil all common.",L6 - Outdoor amenity and open spaces,,old field no longer grazed. there is a path mid way through that creates variation in sward height.,"Bucher-Flynn, Tom",10:35,12:08,Sunny/Cloudy,1. Slight smoke drift,20.0,NHMSYS0000875593,Shrill Carder Bee,Bombus sylvarum,0,0,0,1,,"section 2 along the reen has had a massive cut in the past 2 weeks not much willowherb, bramble or umbellifers about as usual.",Common Knapweed,29/08/2024,29/08/2024,D,2024,8,29,False,35,1,2023-2024,4
338614,341861,38174966,iBRC38174966,Hendre Lake park,Hendre Lake park - S3,,2024.0,ST246805,OSGB,100,51.51836727,-3.088068274,51.51790111,-3.086800652,2407.0,336.0,ST247805,"32. Bare ground/woodland herb/grass mosaics of woodland rides, hedgebanks and green lanes",21. Stands of tall herbs (e.g. nettle and willow-herb beds),17. Dry semi/unimproved (flower rich) neutral grassland,,"footpath over the reen bridge, following south bank of lake, dominated by bramble banks, and stands of willowherb. enclosed in patches with Elder treees and  blackthor bushes. occasional patches of grassland that include kanpweed, thistles and hedgewoundwort.",L6 - Outdoor amenity and open spaces,L17 - Waterways,lakeside amenity path with fishing spots. lake is used to drain the SSSI and leads directly to outfall reend leading to  Bristol channel.,"Bucher-Flynn, Tom",10:35,12:08,Sunny/Cloudy,1. Slight smoke drift,20.0,NHMSYS0000875593,Shrill Carder Bee,Bombus sylvarum,0,0,1,0,,"section 2 along the reen has had a massive cut in the past 2 weeks not much willowherb, bramble or umbellifers about as usual.",Ragwort,29/08/2024,29/08/2024,D,2024,8,29,False,35,1,2023-2024,4
346511,349758,38731126.0,iBRC38731126,RSPB Bowers Marsh 2,RSPB Bowers Marsh 2 - S1,,2017.0,TQ755860,OSGB,100,51.54560274,0.529598368,51.54508604,0.531281158,1714.0,383.0,TQ755867,17. Dry semi/unimproved (flower rich) neutral grassland,26. Mature broadleaved woodland,,,"Hardstanding footpath on flower rich neutral semi improved grass, seasonally mown. Flanked by hedgerow including elm, hawthorn and blackthorn. Adjacent to arable land.",L6 - Outdoor amenity and open spaces,L1 - Agriculture,,"Hill, Andy",14:05,15:10,Cloudy,"2. Wind felt on face, leaves rustle",26.0,NHMSYS0000875593,Shrill Carder Bee,Bombus sylvarum,0,1,2,0,,"I am seeing significantly more carder bees than any other species, it looks like a good year for B. sylvarum and humilis. I haven't looked at my previous year's data to see if they are doing better than in previous years, my suspicion is that they are doing slightly better but due to the bad year the common species seem to be having it makes the carders look like they are doing really well.",Knapweed,14/08/2024,14/08/2024,D,2024,8,14,FALSE,33,3,2023-2024,31
346512,349759,38711317.0,iBRC38711317,RSPB Rainham Marshes - Rainham West 2,RSPB Rainham Marshes - Rainham West 2 - S6,,2021.0,TQ518809,OSGB,100,51.50664776,0.185899071,51.50613221,0.187541176,2542.0,596.0,TQ515813,17. Dry semi/unimproved (flower rich) neutral grassland,21. Stands of tall herbs (e.g. nettle and willow-herb beds),,,,L6 - Outdoor amenity and open spaces,L1 - Agriculture,nature reserve path through grazing marsh,"Hoare, Jerry",10:45,11:40,Sunny,"2. Wind felt on face, leaves rustle",11.0,NHMSYS0000875593,Shrill Carder Bee,Bombus sylvarum,1,0,0,1,,,,28/09/2024,28/09/2024,D,2024,9,28,FALSE,39,2,2023-2024,47
346513,349760,38711130.0,iBRC38711130,RSPB Rainham Marshes - Rainham West 2,RSPB Rainham Marshes - Rainham West 2 - S4,,2021.0,TQ518809,OSGB,100,51.50664776,0.185899071,51.50613221,0.187541176,2542.0,250.0,TQ518812,17. Dry semi/unimproved (flower rich) neutral grassland,21. Stands of tall herbs (e.g. nettle and willow-herb beds),10. Fen/swamp/marsh vegetation of inland freshwater edges,,,L6 - Outdoor amenity and open spaces,L1 - Agriculture,nature reserve path through grazing marsh,"Hoare, Jerry",11:35,12:50,Sunny/Cloudy,3. Leaves and twigs in slight motion,26.0,NHMSYS0000875593,Shrill Carder Bee,Bombus sylvarum,0,0,0,1,,"Sections 2-4: vegetation cut back
Sections 5 & 6 Vegetation cut back. Now passable again",,28/08/2024,28/08/2024,D,2024,8,28,FALSE,35,1,2023-2024,47
346514,349761,38731195.0,iBRC38731195,RSPB West Canvey Marsh,RSPB West Canvey Marsh - S2,,2017.0,TQ770846,OSGB,100,51.53255918,0.550504417,51.53204062,0.552189021,2494.0,480.0,TQ772843,17. Dry semi/unimproved (flower rich) neutral grassland,25. Hedgerows,,,"less flower rich, recently greenhayed meadow, aiming to improve floral diversity in management. These fields are managed for reptiles with a patchy thatch layer. Cattle grazed in late summer.",L6 - Outdoor amenity and open spaces,L1 - Agriculture,,"Hill, Andy",11:15,12:15,Sunny/Cloudy,"2. Wind felt on face, leaves rustle",18.0,NHMSYS0000875593,Shrill Carder Bee,Bombus sylvarum,0,0,5,0,,,Bristly Ox-tongue,16/09/2024,16/09/2024,D,2024,9,16,FALSE,38,5,2023-2024,65
346515,349762,38731194.0,iBRC38731194,RSPB West Canvey Marsh,RSPB West Canvey Marsh - S2,,2017.0,TQ770846,OSGB,100,51.53255918,0.550504417,51.53204062,0.552189021,2494.0,480.0,TQ772843,17. Dry semi/unimproved (flower rich) neutral grassland,25. Hedgerows,,,"less flower rich, recently greenhayed meadow, aiming to improve floral diversity in management. These fields are managed for reptiles with a patchy thatch layer. Cattle grazed in late summer.",L6 - Outdoor amenity and open spaces,L1 - Agriculture,,"Hill, Andy",11:15,12:15,Sunny/Cloudy,"2. Wind felt on face, leaves rustle",18.0,NHMSYS0000875593,Shrill Carder Bee,Bombus sylvarum,0,0,2,0,,,Ragwort,16/09/2024,16/09/2024,D,2024,9,16,FALSE,38,2,2023-2024,65
346516,349763,38731198.0,iBRC38731198,RSPB West Canvey Marsh,RSPB West Canvey Marsh - S4,,2017.0,TQ770846,OSGB,100,51.53255918,0.550504417,51.53204062,0.552189021,2494.0,460.0,TQ768845,25. Hedgerows,"32. Bare ground/woodland herb/grass mosaics of woodland rides, hedgebanks and green lanes",22. Dry scrub/shrub thickets,,"footpath between lines of dense hedgerow of elder, blackthorn, bramble, hawthorn, lined with nettle species and other flowering plants",L6 - Outdoor amenity and open spaces,,footpath sides are cut throughout summer to maintain open footpath,"Hill, Andy",11:15,12:15,Sunny/Cloudy,"2. Wind felt on face, leaves rustle",18.0,NHMSYS0000875593,Shrill Carder Bee,Bombus sylvarum,0,0,1,0,,,Ragwort,16/09/2024,16/09/2024,D,2024,9,16,FALSE,38,1,2023-2024,65
346517,349764,38711001.0,iBRC38711001,RSPB Rainham Marshes - centre-woodland,RSPB Rainham Marshes - centre-woodland - S2,,2015.0,TQ549790,OSGB,100,51.48873644,0.229697659,51.4882181,0.231343991,2032.0,498.0,TQ547787,17. Dry semi/unimproved (flower rich) neutral grassland,22. Dry scrub/shrub thickets,21. Stands of tall herbs (e.g. nettle and willow-herb beds),,"Area bordering the visitor trail consists f recently planted native shrubs and contains areas of nettle and black horehound, ragwort, tufted vetch and black mustard with areas of bramble.",L6 - Outdoor amenity and open spaces,,Nature reserve,"Hoare, Jerry",11:05,12:30,Sunny,4. Dust raised and small branches move,23.0,NHMSYS0000875593,Shrill Carder Bee,Bombus sylvarum,0,1,0,0,,"surveyed in reverse direction.
Section 4 overgrown & impassable",,15/08/2024,15/08/2024,D,2024,8,15,FALSE,33,1,2023-2024,30
346518,349765,38731226.0,iBRC38731226,RSPB Bowers Marsh 2,RSPB Bowers Marsh 2 - S2,,2017.0,TQ755860,OSGB,100,51.54560274,0.529598368,51.54508604,0.531281158,1714.0,640.0,TQ758867,17. Dry semi/unimproved (flower rich) neutral grassland,25. Hedgerows,,,"Hardstanding footpath on flower rich neutral semi improved grass, hay meadow on one side, elm hedgerow on other side. Footpath edges seasonally mown, as with section 1. Almost 2 thirds of the way along, the path is flanked by a legume rich turtle dove plot with thorny hedgerow on one side, and hedgerow and seasonally wet semi improved, neutral, ungrazed area on the other side.",L6 - Outdoor amenity and open spaces,L1 - Agriculture,,"Hill, Andy",10:30,11:15,Sunny/Cloudy,3. Leaves and twigs in slight motion,19.0,NHMSYS0000875593,Shrill Carder Bee,Bombus sylvarum,0,0,8,0,,,Bristly Ox-tongue,18/09/2024,18/09/2024,D,2024,9,18,FALSE,38,8,2023-2024,31
346519,349766,38289895.0,iBRC38289895,RSPB Wallasea Island Seawall 2,RSPB Wallasea Island Seawall 2 - S2,,2019.0,TQ955945,OSGB,100,51.61536853,0.822401907,51.61485499,0.824120952,2531.0,1246.0,TQ967945,17. Dry semi/unimproved (flower rich) neutral grassland,,,,,L6 - Outdoor amenity and open spaces,,An area of seawall embankment comprising rank part managed grassland,"Prior, Richard",13:44,15:00,Sunny/Cloudy,5. Small trees in leaf begin to sway,24.0,NHMSYS0000875593,Shrill Carder Bee,Bombus sylvarum,0,1,0,0,,,,02/07/2024,02/07/2024,D,2024,7,2,FALSE,27,1,2023-2024,7
346520,349767,38711172.0,iBRC38711172,RSPB Rainham Marshes - river wall & anthill,RSPB Rainham Marshes - river wall & anthill - S5,,2018.0,TQ542789,OSGB,100,51.48802912,0.219579778,51.48751087,0.221224931,2027.0,152.0,TQ540791,17. Dry semi/unimproved (flower rich) neutral grassland,,,,,L6 - Outdoor amenity and open spaces,,,"Hoare, Jerry",11:00,11:55,Sunny,3. Leaves and twigs in slight motion,20.0,NHMSYS0000875593,Shrill Carder Bee,Bombus sylvarum,0,1,0,1,,Sections 1& 3 partially mown,,29/08/2024,29/08/2024,D,2024,8,29,FALSE,35,2,2023-2024,64
346521,349768,38849868.0,iBRC38849868,RSPB Bowers Marsh 2,RSPB Bowers Marsh 2 - S5,,2017.0,TQ755860,OSGB,100,51.54560274,0.529598368,51.54508604,0.531281158,1714.0,247.0,TQ758859,19. Seasonally wet and wet marshy grasslands,,,,"Neutral, semi improved, lowland wet grassland with ditches and scrapes.",L6 - Outdoor amenity and open spaces,L1 - Agriculture,,"Hill, Andy",13:50,14:30,Sunny/Cloudy,3. Leaves and twigs in slight motion,16.0,NHMSYS0000875593,Shrill Carder Bee,Bombus sylvarum,0,0,1,0,,,Cat's-ear Hawkweed,05/10/2024,05/10/2024,D,2024,10,5,FALSE,40,1,2023-2024,31
346522,349769,38849872.0,iBRC38849872,RSPB Bowers Marsh 2,RSPB Bowers Marsh 2 - S5,,2017.0,TQ755860,OSGB,100,51.54560274,0.529598368,51.54508604,0.531281158,1714.0,247.0,TQ758859,19. Seasonally wet and wet marshy grasslands,,,,"Neutral, semi improved, lowland wet grassland with ditches and scrapes.",L6 - Outdoor amenity and open spaces,L1 - Agriculture,,"Hill, Andy",13:50,14:30,Sunny/Cloudy,3. Leaves and twigs in slight motion,16.0,NHMSYS0000875593,Shrill Carder Bee,Bombus sylvarum,0,0,1,0,,,Creeping Thistle,05/10/2024,05/10/2024,D,2024,10,5,FALSE,40,1,2023-2024,31
346523,349770,38731142.0,iBRC38731142,RSPB Bowers Marsh 2,RSPB Bowers Marsh 2 - S5,,2017.0,TQ755860,OSGB,100,51.54560274,0.529598368,51.54508604,0.531281158,1714.0,247.0,TQ758859,19. Seasonally wet and wet marshy grasslands,,,,"Neutral, semi improved, lowland wet grassland with ditches and scrapes.",L6 - Outdoor amenity and open spaces,L1 - Agriculture,,"Hill, Andy",14:05,15:10,Cloudy,"2. Wind felt on face, leaves rustle",26.0,NHMSYS0000875593,Shrill Carder Bee,Bombus sylvarum,0,0,4,0,,"I am seeing significantly more carder bees than any other species, it looks like a good year for B. sylvarum and humilis. I haven't looked at my previous year's data to see if they are doing better than in previous years, my suspicion is that they are doing slightly better but due to the bad year the common species seem to be having it makes the carders look like they are doing really well.",Spear Thistle,14/08/2024,14/08/2024,D,2024,8,14,FALSE,33,4,2023-2024,31
346524,349771,38552836.0,iBRC38552836,"Alberta, Seasalter Levels","Alberta, Seasalter Levels - S3",,2016.0,TR080649,OSGB,100,51.34510792,0.985277435,51.3445604,0.987003145,2029.0,666.0,TR078646,17. Dry semi/unimproved (flower rich) neutral grassland,,,,Currently dry unimproved grassland with recent history of specific land management.,L41 - Unused Land,,,"Richardson, Sam",14:20,15:05,Sunny,4. Dust raised and small branches move,21.0,NHMSYS0000875593,Shrill Carder Bee,Bombus sylvarum,0,1,1,0,Spear Thistle,,,19/09/2024,19/09/2024,D,2024,9,19,FALSE,38,2,2023-2024,10
346525,349772,38731140.0,iBRC38731140,RSPB Bowers Marsh 2,RSPB Bowers Marsh 2 - S4,,2017.0,TQ755860,OSGB,100,51.54560274,0.529598368,51.54508604,0.531281158,1714.0,215.0,TQ759861,17. Dry semi/unimproved (flower rich) neutral grassland,,,,,L6 - Outdoor amenity and open spaces,,,"Hill, Andy",14:05,15:10,Cloudy,"2. Wind felt on face, leaves rustle",26.0,NHMSYS0000875593,Shrill Carder Bee,Bombus sylvarum,0,1,0,0,,"I am seeing significantly more carder bees than any other species, it looks like a good year for B. sylvarum and humilis. I haven't looked at my previous year's data to see if they are doing better than in previous years, my suspicion is that they are doing slightly better but due to the bad year the common species seem to be having it makes the carders look like they are doing really well.",,14/08/2024,14/08/2024,D,2024,8,14,FALSE,33,1,2023-2024,31
346526,349773,38711167.0,iBRC38711167,RSPB Rainham Marshes - river wall & anthill,RSPB Rainham Marshes - river wall & anthill - S3,,2018.0,TQ542789,OSGB,100,51.48802912,0.219579778,51.48751087,0.221224931,2027.0,265.0,TQ541789,17. Dry semi/unimproved (flower rich) neutral grassland,,,,,L6 - Outdoor amenity and open spaces,,,"Hoare, Jerry",11:00,11:55,Sunny,3. Leaves and twigs in slight motion,20.0,NHMSYS0000875593,Shrill Carder Bee,Bombus sylvarum,0,1,0,0,,Sections 1& 3 partially mown,,29/08/2024,29/08/2024,D,2024,8,29,FALSE,35,1,2023-2024,64
346527,349774,38711128.0,iBRC38711128,RSPB Rainham Marshes - Rainham West 2,RSPB Rainham Marshes - Rainham West 2 - S3,,2021.0,TQ518809,OSGB,100,51.50664776,0.185899071,51.50613221,0.187541176,2542.0,488.0,TQ521809,17. Dry semi/unimproved (flower rich) neutral grassland,21. Stands of tall herbs (e.g. nettle and willow-herb beds),10. Fen/swamp/marsh vegetation of inland freshwater edges,,,L6 - Outdoor amenity and open spaces,L1 - Agriculture,nature reserve path through grazing marsh,"Hoare, Jerry",11:35,12:50,Sunny/Cloudy,3. Leaves and twigs in slight motion,26.0,NHMSYS0000875593,Shrill Carder Bee,Bombus sylvarum,0,1,0,6,,"Sections 2-4: vegetation cut back
Sections 5 & 6 Vegetation cut back. Now passable again",,28/08/2024,28/08/2024,D,2024,8,28,FALSE,35,7,2023-2024,47
346528,349775,38711170.0,iBRC38711170,RSPB Rainham Marshes - river wall & anthill,RSPB Rainham Marshes - river wall & anthill - S4,,2018.0,TQ542789,OSGB,100,51.48802912,0.219579778,51.48751087,0.221224931,2027.0,88.0,TQ540791,17. Dry semi/unimproved (flower rich) neutral grassland,,,,,L6 - Outdoor amenity and open spaces,,,"Hoare, Jerry",11:00,11:55,Sunny,3. Leaves and twigs in slight motion,20.0,NHMSYS0000875593,Shrill Carder Bee,Bombus sylvarum,0,3,3,0,,Sections 1& 3 partially mown,,29/08/2024,29/08/2024,D,2024,8,29,FALSE,35,6,2023-2024,64
346529,349776,38849865.0,iBRC38849865,RSPB Bowers Marsh 2,RSPB Bowers Marsh 2 - S1,,2017.0,TQ755860,OSGB,100,51.54560274,0.529598368,51.54508604,0.531281158,1714.0,383.0,TQ755867,17. Dry semi/unimproved (flower rich) neutral grassland,26. Mature broadleaved woodland,,,"Hardstanding footpath on flower rich neutral semi improved grass, seasonally mown. Flanked by hedgerow including elm, hawthorn and blackthorn. Adjacent to arable land.",L6 - Outdoor amenity and open spaces,L1 - Agriculture,,"Hill, Andy",13:50,14:30,Sunny/Cloudy,3. Leaves and twigs in slight motion,16.0,NHMSYS0000875593,Shrill Carder Bee,Bombus sylvarum,0,0,1,0,,,Bristly Ox-tongue,05/10/2024,05/10/2024,D,2024,10,5,FALSE,40,1,2023-2024,31
346530,349777,38552833.0,iBRC38552833,"Alberta, Seasalter Levels","Alberta, Seasalter Levels - S1",,2016.0,TR080649,OSGB,100,51.34510792,0.985277435,51.3445604,0.987003145,2029.0,528.0,TR081649,17. Dry semi/unimproved (flower rich) neutral grassland,,,,Currently dry unimproved grassland with recent history of specific land management.,L41 - Unused Land,,,"Richardson, Sam",14:20,15:05,Sunny,4. Dust raised and small branches move,21.0,NHMSYS0000875593,Shrill Carder Bee,Bombus sylvarum,0,2,1,0,Spear Thistle,,,19/09/2024,19/09/2024,D,2024,9,19,FALSE,38,3,2023-2024,10
346531,349778,38711133.0,iBRC38711133,RSPB Rainham Marshes - Rainham West 2,RSPB Rainham Marshes - Rainham West 2 - S6,,2021.0,TQ518809,OSGB,100,51.50664776,0.185899071,51.50613221,0.187541176,2542.0,596.0,TQ515813,17. Dry semi/unimproved (flower rich) neutral grassland,21. Stands of tall herbs (e.g. nettle and willow-herb beds),,,,L6 - Outdoor amenity and open spaces,L1 - Agriculture,nature reserve path through grazing marsh,"Hoare, Jerry",11:35,12:50,Sunny/Cloudy,3. Leaves and twigs in slight motion,26.0,NHMSYS0000875593,Shrill Carder Bee,Bombus sylvarum,0,0,2,2,,"Sections 2-4: vegetation cut back
Sections 5 & 6 Vegetation cut back. Now passable again",,28/08/2024,28/08/2024,D,2024,8,28,FALSE,35,4,2023-2024,47
346532,349779,38584387.0,iBRC38584387,Kenfig NNR Southern,Kenfig NNR Southern - S1,,2024.0,SS794806,OSGB,100,51.5114162,-3.739268841,51.51095753,-3.738076647,1622.0,634.0,SS797806,4. Coastal dune and sand scrub,6. Coastal dune slacks,,,,L6 - Outdoor amenity and open spaces,,National Nature Reserve,"McGleish, Andrew",09:52,11:52,Sunny/Cloudy,"2. Wind felt on face, leaves rustle",19.0,NHMSYS0000875593,Shrill Carder Bee,Bombus sylvarum,1,2,0,0,,,,18/08/2024,18/08/2024,D,2024,8,18,FALSE,33,3,2023-2024,1
346533,349780,38711261.0,iBRC38711261,RSPB Rainham Marshes - river wall & anthill,RSPB Rainham Marshes - river wall & anthill - S2,,2018.0,TQ542789,OSGB,100,51.48802912,0.219579778,51.48751087,0.221224931,2027.0,183.0,TQ543788,17. Dry semi/unimproved (flower rich) neutral grassland,,,,,L6 - Outdoor amenity and open spaces,,,"Hoare, Jerry",13:35,14:20,Sunny/Cloudy,3. Leaves and twigs in slight motion,19.0,NHMSYS0000875593,Shrill Carder Bee,Bombus sylvarum,0,0,1,0,,,,15/09/2024,15/09/2024,D,2024,9,15,FALSE,37,1,2023-2024,64
346534,349781,38731233.0,iBRC38731233,RSPB Bowers Marsh 2,RSPB Bowers Marsh 2 - S4,,2017.0,TQ755860,OSGB,100,51.54560274,0.529598368,51.54508604,0.531281158,1714.0,215.0,TQ759861,17. Dry semi/unimproved (flower rich) neutral grassland,,,,,L6 - Outdoor amenity and open spaces,,,"Hill, Andy",10:30,11:15,Sunny/Cloudy,3. Leaves and twigs in slight motion,19.0,NHMSYS0000875593,Shrill Carder Bee,Bombus sylvarum,0,1,0,0,,,Bristly Ox-tongue,18/09/2024,18/09/2024,D,2024,9,18,FALSE,38,1,2023-2024,31
346535,349782,38849866.0,iBRC38849866,RSPB Bowers Marsh 2,RSPB Bowers Marsh 2 - S2,,2017.0,TQ755860,OSGB,100,51.54560274,0.529598368,51.54508604,0.531281158,1714.0,640.0,TQ758867,17. Dry semi/unimproved (flower rich) neutral grassland,25. Hedgerows,,,"Hardstanding footpath on flower rich neutral semi improved grass, hay meadow on one side, elm hedgerow on other side. Footpath edges seasonally mown, as with section 1. Almost 2 thirds of the way along, the path is flanked by a legume rich turtle dove plot with thorny hedgerow on one side, and hedgerow and seasonally wet semi improved, neutral, ungrazed area on the other side.",L6 - Outdoor amenity and open spaces,L1 - Agriculture,,"Hill, Andy",13:50,14:30,Sunny/Cloudy,3. Leaves and twigs in slight motion,16.0,NHMSYS0000875593,Shrill Carder Bee,Bombus sylvarum,0,0,1,0,,,Bristly Ox-tongue,05/10/2024,05/10/2024,D,2024,10,5,FALSE,40,1,2023-2024,31
346536,349783,38711165.0,iBRC38711165,RSPB Rainham Marshes - river wall & anthill,RSPB Rainham Marshes - river wall & anthill - S2,,2018.0,TQ542789,OSGB,100,51.48802912,0.219579778,51.48751087,0.221224931,2027.0,183.0,TQ543788,17. Dry semi/unimproved (flower rich) neutral grassland,,,,,L6 - Outdoor amenity and open spaces,,,"Hoare, Jerry",11:00,11:55,Sunny,3. Leaves and twigs in slight motion,20.0,NHMSYS0000875593,Shrill Carder Bee,Bombus sylvarum,0,1,0,0,,Sections 1& 3 partially mown,,29/08/2024,29/08/2024,D,2024,8,29,FALSE,35,1,2023-2024,64
346537,349784,38731130.0,iBRC38731130,RSPB Bowers Marsh 2,RSPB Bowers Marsh 2 - S2,,2017.0,TQ755860,OSGB,100,51.54560274,0.529598368,51.54508604,0.531281158,1714.0,640.0,TQ758867,17. Dry semi/unimproved (flower rich) neutral grassland,25. Hedgerows,,,"Hardstanding footpath on flower rich neutral semi improved grass, hay meadow on one side, elm hedgerow on other side. Footpath edges seasonally mown, as with section 1. Almost 2 thirds of the way along, the path is flanked by a legume rich turtle dove plot with thorny hedgerow on one side, and hedgerow and seasonally wet semi improved, neutral, ungrazed area on the other side.",L6 - Outdoor amenity and open spaces,L1 - Agriculture,,"Hill, Andy",14:05,15:10,Cloudy,"2. Wind felt on face, leaves rustle",26.0,NHMSYS0000875593,Shrill Carder Bee,Bombus sylvarum,0,4,3,0,,"I am seeing significantly more carder bees than any other species, it looks like a good year for B. sylvarum and humilis. I haven't looked at my previous year's data to see if they are doing better than in previous years, my suspicion is that they are doing slightly better but due to the bad year the common species seem to be having it makes the carders look like they are doing really well.",Ragwort,14/08/2024,14/08/2024,D,2024,8,14,FALSE,33,7,2023-2024,31
346538,349785,38711219.0,iBRC38711219,RSPB Rainham Marshes - centre-woodland,RSPB Rainham Marshes - centre-woodland - S1,,2015.0,TQ549790,OSGB,100,51.48873644,0.229697659,51.4882181,0.231343991,2032.0,61.0,TQ548787,39. Ornamental shrubs/trees/lawns of churches/parks/domestic gardens etc,,,,An area known as the wildlife garden which consists mainly of pollen-rich non-native plants.,L6 - Outdoor amenity and open spaces,,Nature reserve,"Hoare, Jerry",11:05,12:15,Sunny,3. Leaves and twigs in slight motion,13.0,NHMSYS0000875593,Shrill Carder Bee,Bombus sylvarum,0,2,3,0,,"Surveyed in reverse direction.
Section 4 overgrown & impassable",,12/09/2024,12/09/2024,D,2024,9,12,FALSE,37,5,2023-2024,30
346539,349786,38289919.0,iBRC38289919,RSPB Wallasea Island Seawall 2,RSPB Wallasea Island Seawall 2 - S2,,2019.0,TQ955945,OSGB,100,51.61536853,0.822401907,51.61485499,0.824120952,2531.0,1246.0,TQ967945,17. Dry semi/unimproved (flower rich) neutral grassland,,,,,L6 - Outdoor amenity and open spaces,,An area of seawall embankment comprising rank part managed grassland,"Prior, Richard",12:00,13:45,Sunny/Cloudy,3. Leaves and twigs in slight motion,26.0,NHMSYS0000875593,Shrill Carder Bee,Bombus sylvarum,0,1,0,0,,,,28/08/2024,28/08/2024,D,2024,8,28,FALSE,35,1,2023-2024,7
346540,349787,38711163.0,iBRC38711163,RSPB Rainham Marshes - river wall & anthill,RSPB Rainham Marshes - river wall & anthill - S1,,2018.0,TQ542789,OSGB,100,51.48802912,0.219579778,51.48751087,0.221224931,2027.0,400.0,TQ547787,17. Dry semi/unimproved (flower rich) neutral grassland,,,,,L6 - Outdoor amenity and open spaces,,,"Hoare, Jerry",11:00,11:55,Sunny,3. Leaves and twigs in slight motion,20.0,NHMSYS0000875593,Shrill Carder Bee,Bombus sylvarum,0,0,1,0,,Sections 1& 3 partially mown,,29/08/2024,29/08/2024,D,2024,8,29,FALSE,35,1,2023-2024,64
346541,349788,38465306.0,iBRC38465306,"Ferry Marsh, Iwade","Ferry Marsh, Iwade - S1",,2023.0,TQ909696,OSGB,100,51.3933167,0.74257663,51.39277884,0.744277021,2482.0,332.0,TQ911691,40. Bare ground/weed communities of post-industrial sites e.g. quarries/pits/road/rail/landfill,21. Stands of tall herbs (e.g. nettle and willow-herb beds),10. Fen/swamp/marsh vegetation of inland freshwater edges,"32. Bare ground/woodland herb/grass mosaics of woodland rides, hedgebanks and green lanes","Road edge under bridge with scrub and fly tipping - nettle, comfrey, bramble, dandelion, white/red dead nettle, black horehound
Cross road - edge of ditch (marshy - reed and sedge) , scrubby and roadside weeds
Go into car park and walk along edge - usual car park weeds on a bank going down to scrub ie nettle, bramble, black horehound, white dead nettle etc and ending in marshy reedy ditch",L12 - Transport tracks and ways,L14 - Car parks,Road edge going into a car park,"Thorpe, Karen",16:20,17:10,Sunny,1. Slight smoke drift,18.0,NHMSYS0000875593,Shrill Carder Bee,Bombus sylvarum,0,1,0,0,,Sea wall short . No flower just dry grass. Landward berm to ditches limited flower. Under bridge gas works with large earth movements .,Black Horehound,13/09/2024,13/09/2024,D,2024,9,13,FALSE,37,1,2023-2024,6
346542,349789,38731230.0,iBRC38731230,RSPB Bowers Marsh 2,RSPB Bowers Marsh 2 - S3,,2017.0,TQ755860,OSGB,100,51.54560274,0.529598368,51.54508604,0.531281158,1714.0,230.0,TQ757862,17. Dry semi/unimproved (flower rich) neutral grassland,14. Inland swamp/fen stands without open water (e.g. reed and sedgebeds),1. Marine saltmarshes/estuaries/saline reedbeds,,"Hardstanding footpath, seasonally mown, on flower rich neutral semi improved grass, surrounded by reedbed, and brackish lagoon on one side.",L6 - Outdoor amenity and open spaces,L1 - Agriculture,,"Hill, Andy",10:30,11:15,Sunny/Cloudy,3. Leaves and twigs in slight motion,19.0,NHMSYS0000875593,Shrill Carder Bee,Bombus sylvarum,0,0,2,0,,,Bristly Ox-tongue,18/09/2024,18/09/2024,D,2024,9,18,FALSE,38,2,2023-2024,31
346543,349790,38635690.0,iBRC38635690,Hendre Lake park,Hendre Lake park - S1,,2024.0,ST246805,OSGB,100,51.51836727,-3.088068274,51.51790111,-3.086800652,2407.0,340.0,ST246808,17. Dry semi/unimproved (flower rich) neutral grassland,"32. Bare ground/woodland herb/grass mosaics of woodland rides, hedgebanks and green lanes",,,"old field succeeding from tusscoky grassland with scruby edges with  bramble banks, occasional oaks and other scrub mosaic some small areas of seasonly wet ground with marsh thistle, rush. birds foot ttefoil knapweed, common fleabane. Tesal and tormentil all common.",L6 - Outdoor amenity and open spaces,,old field no longer grazed. there is a path mid way through that creates variation in sward height.,"Bucher-Flynn, Tom",11:40,12:45,Sunny/Cloudy,1. Slight smoke drift,15.0,NHMSYS0000875593,Shrill Carder Bee,Bombus sylvarum,0,0,1,0,,most flowers have gone over with only small areas of Ragowort and DBS remaining.,Devil's-bit Scabious,26/09/2024,26/09/2024,D,2024,9,26,FALSE,39,1,2023-2024,4
346544,349791,38731124.0,iBRC38731124,RSPB Bowers Marsh 2,RSPB Bowers Marsh 2 - S1,,2017.0,TQ755860,OSGB,100,51.54560274,0.529598368,51.54508604,0.531281158,1714.0,383.0,TQ755867,17. Dry semi/unimproved (flower rich) neutral grassland,26. Mature broadleaved woodland,,,"Hardstanding footpath on flower rich neutral semi improved grass, seasonally mown. Flanked by hedgerow including elm, hawthorn and blackthorn. Adjacent to arable land.",L6 - Outdoor amenity and open spaces,L1 - Agriculture,,"Hill, Andy",14:05,15:10,Cloudy,"2. Wind felt on face, leaves rustle",26.0,NHMSYS0000875593,Shrill Carder Bee,Bombus sylvarum,0,2,0,0,,"I am seeing significantly more carder bees than any other species, it looks like a good year for B. sylvarum and humilis. I haven't looked at my previous year's data to see if they are doing better than in previous years, my suspicion is that they are doing slightly better but due to the bad year the common species seem to be having it makes the carders look like they are doing really well.",Red Bartsia,14/08/2024,14/08/2024,D,2024,8,14,FALSE,33,2,2023-2024,31
346545,349792,38711259.0,iBRC38711259,RSPB Rainham Marshes - river wall & anthill,RSPB Rainham Marshes - river wall & anthill - S1,,2018.0,TQ542789,OSGB,100,51.48802912,0.219579778,51.48751087,0.221224931,2027.0,400.0,TQ547787,17. Dry semi/unimproved (flower rich) neutral grassland,,,,,L6 - Outdoor amenity and open spaces,,,"Hoare, Jerry",13:35,14:20,Sunny/Cloudy,3. Leaves and twigs in slight motion,19.0,NHMSYS0000875593,Shrill Carder Bee,Bombus sylvarum,0,0,0,1,,,,15/09/2024,15/09/2024,D,2024,9,15,FALSE,37,1,2023-2024,64
346546,349793,38731196.0,iBRC38731196,RSPB West Canvey Marsh,RSPB West Canvey Marsh - S3,,2017.0,TQ770846,OSGB,100,51.53255918,0.550504417,51.53204062,0.552189021,2494.0,423.0,TQ769845,17. Dry semi/unimproved (flower rich) neutral grassland,25. Hedgerows,,,same as previous section,L6 - Outdoor amenity and open spaces,L1 - Agriculture,"same as rpevious section, though ungrazed. Gets a mixed height cut in late summer","Hill, Andy",11:15,12:15,Sunny/Cloudy,"2. Wind felt on face, leaves rustle",18.0,NHMSYS0000875593,Shrill Carder Bee,Bombus sylvarum,0,0,1,0,,,Common Mallow,16/09/2024,16/09/2024,D,2024,9,16,FALSE,38,1,2023-2024,65
346547,349794,38731231.0,iBRC38731231,RSPB Bowers Marsh 2,RSPB Bowers Marsh 2 - S4,,2017.0,TQ755860,OSGB,100,51.54560274,0.529598368,51.54508604,0.531281158,1714.0,215.0,TQ759861,17. Dry semi/unimproved (flower rich) neutral grassland,,,,,L6 - Outdoor amenity and open spaces,,,"Hill, Andy",10:30,11:15,Sunny/Cloudy,3. Leaves and twigs in slight motion,19.0,NHMSYS0000875593,Shrill Carder Bee,Bombus sylvarum,0,0,1,0,,,Spear Thistle,18/09/2024,18/09/2024,D,2024,9,18,FALSE,38,1,2023-2024,31
346548,349795,38731137.0,iBRC38731137,RSPB Bowers Marsh 2,RSPB Bowers Marsh 2 - S3,,2017.0,TQ755860,OSGB,100,51.54560274,0.529598368,51.54508604,0.531281158,1714.0,230.0,TQ757862,17. Dry semi/unimproved (flower rich) neutral grassland,14. Inland swamp/fen stands without open water (e.g. reed and sedgebeds),1. Marine saltmarshes/estuaries/saline reedbeds,,"Hardstanding footpath, seasonally mown, on flower rich neutral semi improved grass, surrounded by reedbed, and brackish lagoon on one side.",L6 - Outdoor amenity and open spaces,L1 - Agriculture,,"Hill, Andy",14:05,15:10,Cloudy,"2. Wind felt on face, leaves rustle",26.0,NHMSYS0000875593,Shrill Carder Bee,Bombus sylvarum,0,1,1,0,,"I am seeing significantly more carder bees than any other species, it looks like a good year for B. sylvarum and humilis. I haven't looked at my previous year's data to see if they are doing better than in previous years, my suspicion is that they are doing slightly better but due to the bad year the common species seem to be having it makes the carders look like they are doing really well.",Ragwort,14/08/2024,14/08/2024,D,2024,8,14,FALSE,33,2,2023-2024,31
346549,349796,38275480.0,iBRC38275480,Rogiet country park,Rogiet country park - S3,,2021.0,ST460874,OSGB,100,51.58285775,-2.780746862,51.58239503,-2.779441596,1756.0,625.0,ST455874,40. Bare ground/weed communities of post-industrial sites e.g. quarries/pits/road/rail/landfill,30. Small man-made woodlands,,,,,,,"cross, michelle",11:31,12:42,Sunny/Cloudy,3. Leaves and twigs in slight motion,20.0,NHMSYS0000875593,Shrill Carder Bee,Bombus sylvarum,0,1,0,0,,,Vervain,28/08/2024,28/08/2024,D,2024,8,28,FALSE,35,1,2023-2024,1
346550,349797,38711125.0,iBRC38711125,RSPB Rainham Marshes - Rainham West 2,RSPB Rainham Marshes - Rainham West 2 - S2,,2021.0,TQ518809,OSGB,100,51.50664776,0.185899071,51.50613221,0.187541176,2542.0,545.0,TQ518804,25. Hedgerows,17. Dry semi/unimproved (flower rich) neutral grassland,21. Stands of tall herbs (e.g. nettle and willow-herb beds),25. Hedgerows,,L6 - Outdoor amenity and open spaces,L1 - Agriculture,nature reserve path through grazing marsh,"Hoare, Jerry",11:35,12:50,Sunny/Cloudy,3. Leaves and twigs in slight motion,26.0,NHMSYS0000875593,Shrill Carder Bee,Bombus sylvarum,0,0,0,1,,"Sections 2-4: vegetation cut back
Sections 5 & 6 Vegetation cut back. Now passable again",,28/08/2024,28/08/2024,D,2024,8,28,FALSE,35,1,2023-2024,47
346551,349798,38711312.0,iBRC38711312,RSPB Rainham Marshes - Rainham West 2,RSPB Rainham Marshes - Rainham West 2 - S3,,2021.0,TQ518809,OSGB,100,51.50664776,0.185899071,51.50613221,0.187541176,2542.0,488.0,TQ521809,17. Dry semi/unimproved (flower rich) neutral grassland,21. Stands of tall herbs (e.g. nettle and willow-herb beds),10. Fen/swamp/marsh vegetation of inland freshwater edges,,,L6 - Outdoor amenity and open spaces,L1 - Agriculture,nature reserve path through grazing marsh,"Hoare, Jerry",10:45,11:40,Sunny,"2. Wind felt on face, leaves rustle",11.0,NHMSYS0000875593,Shrill Carder Bee,Bombus sylvarum,0,1,0,0,,,,28/09/2024,28/09/2024,D,2024,9,28,FALSE,39,1,2023-2024,47
346552,349799,38711264.0,iBRC38711264,RSPB Rainham Marshes - river wall & anthill,RSPB Rainham Marshes - river wall & anthill - S4,,2018.0,TQ542789,OSGB,100,51.48802912,0.219579778,51.48751087,0.221224931,2027.0,88.0,TQ540791,17. Dry semi/unimproved (flower rich) neutral grassland,,,,,L6 - Outdoor amenity and open spaces,,,"Hoare, Jerry",13:35,14:20,Sunny/Cloudy,3. Leaves and twigs in slight motion,19.0,NHMSYS0000875593,Shrill Carder Bee,Bombus sylvarum,0,0,1,0,,,,15/09/2024,15/09/2024,D,2024,9,15,FALSE,37,1,2023-2024,64
346553,349800,38491878.0,iBRC38491878,South Swale - Beach,South Swale - Beach - S2,,2018.0,TR040647,OSGB,100,51.34476053,0.927808358,51.34421395,0.929527572,995.0,490.0,TR046649,"32. Bare ground/woodland herb/grass mosaics of woodland rides, hedgebanks and green lanes",14. Inland swamp/fen stands without open water (e.g. reed and sedgebeds),,,,L12 - Transport tracks and ways,L6 - Outdoor amenity and open spaces,"Saxon Shore Way, lots of different wildflowers.  Reedbed 20 m to side, below Saxon Shore Way, secondary, but might attract different insects.","Burbridge, David",11:00,12:30,Sunny,3. Leaves and twigs in slight motion,18.0,NHMSYS0000875593,Shrill Carder Bee,Bombus sylvarum,0,0,0,1,Probably worker,"The sea wall had been mown, so adjusted S.2 to the unmown bottom of wall. Might have expected to see more given the solar park had also mown its fields. Been a dissapointing year for numbers at South Swale, would not expect to see much in October. On more positive note, I did see well over 100 Shrill Carder at Cliffe Pools the previous day, I'll irecord as Bex Cartright beewalk does not cover the areas I walked looking for Clouded Yellow butterfly. I think what had happened is the Shrill nests had completed and every bee was just having a party. If I spotted 0ver 100, there were probably many more, and implies a good number of successful nests.",Bird's-Foot-Trefoil,15/09/2024,15/09/2024,D,2024,9,15,FALSE,37,1,2023-2024,9
346554,349801,38731141.0,iBRC38731141,RSPB Bowers Marsh 2,RSPB Bowers Marsh 2 - S4,,2017.0,TQ755860,OSGB,100,51.54560274,0.529598368,51.54508604,0.531281158,1714.0,215.0,TQ759861,17. Dry semi/unimproved (flower rich) neutral grassland,,,,,L6 - Outdoor amenity and open spaces,,,"Hill, Andy",14:05,15:10,Cloudy,"2. Wind felt on face, leaves rustle",26.0,NHMSYS0000875593,Shrill Carder Bee,Bombus sylvarum,0,1,0,0,,"I am seeing significantly more carder bees than any other species, it looks like a good year for B. sylvarum and humilis. I haven't looked at my previous year's data to see if they are doing better than in previous years, my suspicion is that they are doing slightly better but due to the bad year the common species seem to be having it makes the carders look like they are doing really well.",Bristly Ox-tongue,14/08/2024,14/08/2024,D,2024,8,14,FALSE,33,1,2023-2024,31
346555,349802,38465400.0,iBRC38465400,Swale Way,Swale Way - S3,,2018.0,TQ927645,OSGB,100,51.34690476,0.765654629,51.34636116,0.767355636,1116.0,372.0,TQ927643,17. Dry semi/unimproved (flower rich) neutral grassland,30. Small man-made woodlands,22. Dry scrub/shrub thickets,21. Stands of tall herbs (e.g. nettle and willow-herb beds),"Rabbit grazed grassland, with some scrub, trees and stands of tall vegetation",L6 - Outdoor amenity and open spaces,,Small park for recreational use,"Thorpe, Karen",11:40,12:13,Sunny/Cloudy,3. Leaves and twigs in slight motion,18.0,NHMSYS0000875593,Shrill Carder Bee,Bombus sylvarum,0,0,1,0,,Under roofing felt square - 1 shrew. & 1 juv slow worm,Lucerne,08/09/2024,08/09/2024,D,2024,9,8,FALSE,36,1,2023-2024,9
346556,349803,38731225.0,iBRC38731225,RSPB Bowers Marsh 2,RSPB Bowers Marsh 2 - S1,,2017.0,TQ755860,OSGB,100,51.54560274,0.529598368,51.54508604,0.531281158,1714.0,383.0,TQ755867,17. Dry semi/unimproved (flower rich) neutral grassland,26. Mature broadleaved woodland,,,"Hardstanding footpath on flower rich neutral semi improved grass, seasonally mown. Flanked by hedgerow including elm, hawthorn and blackthorn. Adjacent to arable land.",L6 - Outdoor amenity and open spaces,L1 - Agriculture,,"Hill, Andy",10:30,11:15,Sunny/Cloudy,3. Leaves and twigs in slight motion,19.0,NHMSYS0000875593,Shrill Carder Bee,Bombus sylvarum,0,0,1,0,,,Bristly Ox-tongue,18/09/2024,18/09/2024,D,2024,9,18,FALSE,38,1,2023-2024,31
346557,349804,38711314.0,iBRC38711314,RSPB Rainham Marshes - Rainham West 2,RSPB Rainham Marshes - Rainham West 2 - S4,,2021.0,TQ518809,OSGB,100,51.50664776,0.185899071,51.50613221,0.187541176,2542.0,250.0,TQ518812,17. Dry semi/unimproved (flower rich) neutral grassland,21. Stands of tall herbs (e.g. nettle and willow-herb beds),10. Fen/swamp/marsh vegetation of inland freshwater edges,,,L6 - Outdoor amenity and open spaces,L1 - Agriculture,nature reserve path through grazing marsh,"Hoare, Jerry",10:45,11:40,Sunny,"2. Wind felt on face, leaves rustle",11.0,NHMSYS0000875593,Shrill Carder Bee,Bombus sylvarum,0,1,0,0,,,,28/09/2024,28/09/2024,D,2024,9,28,FALSE,39,1,2023-2024,47
346558,349805,38551053.0,iBRC38551053,Ryedale School,Ryedale School - S1,,2024.0,SE654842,OSGB,100,54.24931411,-0.997788099,54.24913783,-0.996165432,613.0,129.0,SE655843,39. Ornamental shrubs/trees/lawns of churches/parks/domestic gardens etc,"33. Orchards, hop gardens and vineyards",25. Hedgerows,,"School gardens including small pond and small orchard, gardens maintained by students and site team. Hoping to include bee hotels and further wild flowers in the near future.",L28 - Education,L11 - Allotments and city farms,,"Redman, Caroline",15:00,15:37,Sunny/Cloudy,4. Dust raised and small branches move,19.0,NHMSYS0000875593,Shrill Carder Bee,Bombus sylvarum,0,0,0,1,,"Children are back at school and using the field, the building development is well underway and part of the walk route is not in use. ",,19/09/2024,19/09/2024,D,2024,9,19,FALSE,38,1,2023-2024,1
346559,349806,38711266.0,iBRC38711266,RSPB Rainham Marshes - river wall & anthill,RSPB Rainham Marshes - river wall & anthill - S7,,2018.0,TQ542789,OSGB,100,51.48802912,0.219579778,51.48751087,0.221224931,2027.0,694.0,TQ540791,17. Dry semi/unimproved (flower rich) neutral grassland,,,,,L6 - Outdoor amenity and open spaces,,,"Hoare, Jerry",13:35,14:20,Sunny/Cloudy,3. Leaves and twigs in slight motion,19.0,NHMSYS0000875593,Shrill Carder Bee,Bombus sylvarum,0,0,1,0,,,,15/09/2024,15/09/2024,D,2024,9,15,FALSE,37,1,2023-2024,64
346560,349807,38711225.0,iBRC38711225,RSPB Rainham Marshes - centre-woodland,RSPB Rainham Marshes - centre-woodland - S2,,2015.0,TQ549790,OSGB,100,51.48873644,0.229697659,51.4882181,0.231343991,2032.0,498.0,TQ547787,17. Dry semi/unimproved (flower rich) neutral grassland,22. Dry scrub/shrub thickets,21. Stands of tall herbs (e.g. nettle and willow-herb beds),,"Area bordering the visitor trail consists f recently planted native shrubs and contains areas of nettle and black horehound, ragwort, tufted vetch and black mustard with areas of bramble.",L6 - Outdoor amenity and open spaces,,Nature reserve,"Hoare, Jerry",11:05,12:15,Sunny,3. Leaves and twigs in slight motion,13.0,NHMSYS0000875593,Shrill Carder Bee,Bombus sylvarum,0,0,1,0,,"Surveyed in reverse direction.
Section 4 overgrown & impassable",,12/09/2024,12/09/2024,D,2024,9,12,FALSE,37,1,2023-2024,30
349293,352540,39100308.0,iBRC39100308,RSPB Rainham Marshes - river wall & anthill,RSPB Rainham Marshes - river wall & anthill - S3,,2018.0,TQ542789,OSGB,100,51.48802912,0.219579778,51.48751087,0.221224931,2027.0,265.0,TQ541789,17. Dry semi/unimproved (flower rich) neutral grassland,,,,,L6 - Outdoor amenity and open spaces,,,"Hoare, Jerry",11:00,11:40,Cloudy,"2. Wind felt on face, leaves rustle",16.0,NHMSYS0000875593,Shrill Carder Bee,Bombus sylvarum,0,0,1,0,,,,13/10/2024,13/10/2024,D,2024,10,13,FALSE,41,1,2023-2024,64
349294,352541,39100309.0,iBRC39100309,RSPB Rainham Marshes - river wall & anthill,RSPB Rainham Marshes - river wall & anthill - S4,,2018.0,TQ542789,OSGB,100,51.48802912,0.219579778,51.48751087,0.221224931,2027.0,88.0,TQ540791,17. Dry semi/unimproved (flower rich) neutral grassland,,,,,L6 - Outdoor amenity and open spaces,,,"Hoare, Jerry",11:00,11:40,Cloudy,"2. Wind felt on face, leaves rustle",16.0,NHMSYS0000875593,Shrill Carder Bee,Bombus sylvarum,0,0,1,0,,,,13/10/2024,13/10/2024,D,2024,10,13,FALSE,41,1,2023-2024,64
352522,355778,39201118.0,iBRC39201118,Canvey Wick Nature Reserve,Canvey Wick Nature Reserve - S2,South Essex,2018.0,TQ766833,OSGB,100,51.52100702,0.544092322,51.52048723,0.545775705,1408.0,395.0,TQ764833,,,,,,,,,Chris Cheswright,13:30,14:05,Sunny,0. Smoke rises vertically,21.0,NHMSYS0000875593,Shrill Carder Bee,Bombus sylvarum,0,0,0,1,,,Bramble,19/05/2024,19/05/2024,D,2024,5,19,F,20,1,2023-2024,17
352526,355782,39198000.0,iBRC39198000,Cliffe RSPB,Cliffe RSPB - S2,West Kent,2018.0,TQ724762,OSGB,100,51.45852398,0.480151307,51.45799804,0.481824779,1657.0,908.0,TQ730766,22. Dry scrub/shrub thickets,,,,,L6 - Outdoor amenity and open spaces,,"old gravel workings, now a nature reserve","Cobb, Alan",11:05,12:15,Sunny/Cloudy,3. Leaves and twigs in slight motion,18.0,NHMSYS0000875593,Shrill Carder Bee,Bombus sylvarum,0,1,0,0,,,Bristly Ox-tongue,07/10/2024,07/10/2024,D,2024,10,7,F,41,1,2023-2024,28
352527,355783,39197998.0,iBRC39197998,Cliffe RSPB,Cliffe RSPB - S2,West Kent,2018.0,TQ724762,OSGB,100,51.45852398,0.480151307,51.45799804,0.481824779,1657.0,908.0,TQ730766,22. Dry scrub/shrub thickets,,,,,L6 - Outdoor amenity and open spaces,,"old gravel workings, now a nature reserve","Cobb, Alan",11:05,12:15,Sunny/Cloudy,3. Leaves and twigs in slight motion,18.0,NHMSYS0000875593,Shrill Carder Bee,Bombus sylvarum,0,1,2,0,,,Black Horehound,07/10/2024,07/10/2024,D,2024,10,7,F,41,3,2023-2024,28
352529,355785,39197980.0,iBRC39197980,Cliffe RSPB,Cliffe RSPB - S2,West Kent,2018.0,TQ724762,OSGB,100,51.45852398,0.480151307,51.45799804,0.481824779,1657.0,908.0,TQ730766,22. Dry scrub/shrub thickets,,,,,L6 - Outdoor amenity and open spaces,,"old gravel workings, now a nature reserve","Cobb, Alan",10:25,11:50,Cloudy,"2. Wind felt on face, leaves rustle",18.0,NHMSYS0000875593,Shrill Carder Bee,Bombus sylvarum,0,2,3,0,,the most shrill carder I have recorded in one walk,Bristly Ox-tongue,04/09/2024,04/09/2024,D,2024,9,4,F,36,5,2023-2024,28
352530,355786,39197978.0,iBRC39197978,Cliffe RSPB,Cliffe RSPB - S2,West Kent,2018.0,TQ724762,OSGB,100,51.45852398,0.480151307,51.45799804,0.481824779,1657.0,908.0,TQ730766,22. Dry scrub/shrub thickets,,,,,L6 - Outdoor amenity and open spaces,,"old gravel workings, now a nature reserve","Cobb, Alan",10:25,11:50,Cloudy,"2. Wind felt on face, leaves rustle",18.0,NHMSYS0000875593,Shrill Carder Bee,Bombus sylvarum,0,4,3,0,,the most shrill carder I have recorded in one walk,Black Horehound,04/09/2024,04/09/2024,D,2024,9,4,F,36,7,2023-2024,28
